2026-02-03 09:57:12,333 - Knowledge - INFO - Created shared MongoDB connection pool
2026-02-03 09:57:12,336 - Knowledge - INFO - Starting Knowledge Graph processing with 20 threads
2026-02-03 09:57:12,336 - Knowledge - INFO - Initial configuration: chunk_size=65536, max_cache_size=500
2026-02-03 09:57:12,338 - Knowledge - INFO - Knowledge Graph concurrency configuration: workers=20, max_batch_size=10, max_concurrent_llm_calls=50
2026-02-03 09:57:13,548 - Knowledge - INFO - 🔍 _load_persisted_knowledge called - checking for Redis optimization
2026-02-03 09:57:13,551 - Knowledge - WARNING - ❌ load_from_redis method not found - Redis support not attached
2026-02-03 09:57:13,551 - Knowledge - INFO - load persisted knowledge: begin
2026-02-03 09:57:13,558 - Knowledge - INFO - Loaded 0 files from persisted knowledge
2026-02-03 09:57:13,559 - Knowledge - INFO - load persisted knowledge: end
2026-02-03 09:57:13,559 - Knowledge - WARNING - No persisted knowledge found. Files will be queued during start()
2026-02-03 09:57:13,570 - Knowledge - INFO - Redis support added with prefix knowledge:b3694rp:
2026-02-03 09:57:16,324 - Knowledge - INFO - Starting knowledge initialization for ID: QGcTQJ-b3694rp
2026-02-03 09:57:16,324 - Knowledge - INFO - 🔍 Checking Redis for build_id: b3694rp
2026-02-03 09:57:16,324 - Knowledge - INFO - 🔍 Full session ID: QGcTQJ-b3694rp
2026-02-03 09:57:16,326 - Knowledge - INFO - 🔍 Redis prefix will be: knowledge:b3694rp:
2026-02-03 09:57:16,327 - Knowledge - INFO - 🔍 Using attached load_from_redis() method
2026-02-03 09:57:16,328 - Knowledge - INFO - 🔍 Attempting to load knowledge from Redis...
2026-02-03 09:57:16,328 - Knowledge - INFO - 🔍 Using derived instance_id for Redis lookup: b3694rp
2026-02-03 09:57:16,334 - Knowledge - WARNING - ❌ No Redis cache found
2026-02-03 09:57:16,338 - Knowledge - INFO - 📁 Loading knowledge from disk...
2026-02-03 09:57:16,384 - Knowledge - INFO - load persisted docinfo: begin
2026-02-03 09:57:16,386 - Knowledge - INFO - load persisted docinfo: end
2026-02-03 09:57:16,386 - Knowledge - INFO - 🔍 _load_persisted_knowledge called - checking for Redis optimization
2026-02-03 09:57:16,386 - Knowledge - INFO - ✅ load_from_redis method found - attempting Redis load
2026-02-03 09:57:16,387 - Knowledge - INFO - 🔍 Attempting to load knowledge from Redis...
2026-02-03 09:57:16,387 - Knowledge - INFO - 🔍 Using derived instance_id for Redis lookup: b3694rp
2026-02-03 09:57:16,392 - Knowledge - WARNING - ❌ No Redis cache found
2026-02-03 09:57:16,393 - Knowledge - INFO - ❌ Redis load returned False - falling back to file loading
2026-02-03 09:57:16,393 - Knowledge - INFO - load persisted knowledge: begin
2026-02-03 09:57:16,395 - Knowledge - INFO - Loaded 0 files from persisted knowledge
2026-02-03 09:57:16,395 - Knowledge - INFO - load persisted knowledge: end
2026-02-03 09:57:16,395 - Knowledge - INFO - 📁 Disk load complete in 0.06s
2026-02-03 09:57:16,396 - Knowledge - INFO - Populating ingest queue with source files...
2026-02-03 09:57:17,613 - Knowledge - INFO - Added 1263 files from /app/data/T0002/210882/b3694rp/odoo-210882 to ingest queue
2026-02-03 09:57:17,614 - Knowledge - INFO - [WEBSOCKET] Sent: Type=progress_update, Size: 161, Duration: 0ms
2026-02-03 09:57:17,616 - Knowledge - INFO - Worker kw1 created using shared MongoDB connection pool
2026-02-03 09:57:17,617 - Knowledge - INFO - knowledge worker kw1 start
2026-02-03 09:57:17,617 - Knowledge - INFO - Worker kw2 created using shared MongoDB connection pool
2026-02-03 09:57:17,618 - Knowledge - INFO - [kw1] Queue=1263, InProgress=0, PendingWorkers=0/1, Completed=0/1263 (0.0%)
2026-02-03 09:57:17,619 - Knowledge - INFO - knowledge worker kw2 start
2026-02-03 09:57:17,619 - Knowledge - INFO - Batch sizing: calculated=10, max_allowed=10, queue=1263, active_workers=0/1
2026-02-03 09:57:17,619 - Knowledge - INFO - Worker kw3 created using shared MongoDB connection pool
2026-02-03 09:57:17,620 - Knowledge - INFO - Worker kw1 processing /app/data/T0002/210882/b3694rp/odoo-210882/setup.py
2026-02-03 09:57:17,620 - Knowledge - INFO - [kw2] Queue=1253, InProgress=0, PendingWorkers=1/2, Completed=0/1263 (0.0%)
2026-02-03 09:57:17,623 - Knowledge - INFO - knowledge worker kw3 start
2026-02-03 09:57:17,623 - Knowledge - INFO - Worker kw4 created using shared MongoDB connection pool
2026-02-03 09:57:17,624 - Knowledge - INFO - Batch sizing: calculated=10, max_allowed=10, queue=1253, active_workers=1/3
2026-02-03 09:57:17,624 - Knowledge - INFO - Worker kw1 processing /app/data/T0002/210882/b3694rp/odoo-210882/doc/migrate/3.4.0-4.0.0/pre.py
2026-02-03 09:57:17,626 - Knowledge - INFO - knowledge worker kw4 start
2026-02-03 09:57:17,626 - Knowledge - INFO - Worker kw5 created using shared MongoDB connection pool
2026-02-03 09:57:17,627 - Knowledge - INFO - [kw3] Queue=1243, InProgress=0, PendingWorkers=2/4, Completed=0/1263 (0.0%)
2026-02-03 09:57:17,627 - Knowledge - INFO - Worker kw2 processing /app/data/T0002/210882/b3694rp/odoo-210882/doc/tests/check_profile_l10n_all.py
2026-02-03 09:57:17,628 - Knowledge - INFO - Worker kw1 processing /app/data/T0002/210882/b3694rp/odoo-210882/doc/migrate/3.4.0-4.0.0/post-tiny.py
2026-02-03 09:57:17,629 - Knowledge - INFO - knowledge worker kw5 start
2026-02-03 09:57:17,629 - Knowledge - INFO - Worker kw6 created using shared MongoDB connection pool
2026-02-03 09:57:17,630 - Knowledge - INFO - [kw4] Queue=1243, InProgress=0, PendingWorkers=2/5, Completed=0/1263 (0.0%)
2026-02-03 09:57:17,630 - Knowledge - INFO - Batch sizing: calculated=10, max_allowed=10, queue=1243, active_workers=2/5
2026-02-03 09:57:17,631 - Knowledge - INFO - Fast-tracked /app/data/T0002/210882/b3694rp/odoo-210882/doc/tests/check_profile_l10n_all.py (ext=.py, size=3990)
2026-02-03 09:57:17,632 - Knowledge - INFO - Worker kw1 processing /app/data/T0002/210882/b3694rp/odoo-210882/doc/migrate/3.4.0-4.0.0/post.py
2026-02-03 09:57:17,633 - Knowledge - INFO - Batch sizing: calculated=10, max_allowed=10, queue=1243, active_workers=2/5
2026-02-03 09:57:17,633 - Knowledge - INFO - knowledge worker kw6 start
2026-02-03 09:57:17,634 - Knowledge - INFO - Worker kw3 processing /app/data/T0002/210882/b3694rp/odoo-210882/addons/hr_attendance/report/__init__.py
2026-02-03 09:57:17,635 - Knowledge - INFO - [kw5] Queue=1233, InProgress=0, PendingWorkers=3/5, Completed=0/1263 (0.0%)
2026-02-03 09:57:17,635 - Knowledge - INFO - Worker kw7 created using shared MongoDB connection pool
2026-02-03 09:57:17,635 - Knowledge - INFO - Worker kw2 processing /app/data/T0002/210882/b3694rp/odoo-210882/rpminstall_sh.txt
2026-02-03 09:57:17,636 - Knowledge - INFO - Worker kw4 processing /app/data/T0002/210882/b3694rp/odoo-210882/addons/hr_attendance/hr_attendance_demo.xml
2026-02-03 09:57:17,637 - Knowledge - INFO - Worker kw1 processing /app/data/T0002/210882/b3694rp/odoo-210882/doc/migrate/3.4.0-4.0.0/pre-tiny.py
2026-02-03 09:57:17,637 - Knowledge - INFO - Batch sizing: calculated=10, max_allowed=10, queue=1233, active_workers=4/6
2026-02-03 09:57:17,638 - Knowledge - INFO - Fast-tracked /app/data/T0002/210882/b3694rp/odoo-210882/addons/hr_attendance/report/__init__.py (ext=.py, size=1114)
2026-02-03 09:57:17,639 - Knowledge - INFO - knowledge worker kw7 start
2026-02-03 09:57:17,639 - Knowledge - INFO - Fast-tracked /app/data/T0002/210882/b3694rp/odoo-210882/rpminstall_sh.txt (ext=.txt, size=673)
2026-02-03 09:57:17,640 - Knowledge - INFO - Worker kw8 created using shared MongoDB connection pool
2026-02-03 09:57:17,640 - Knowledge - INFO - Fast-tracked /app/data/T0002/210882/b3694rp/odoo-210882/addons/hr_attendance/hr_attendance_demo.xml (ext=.xml, size=5201)
2026-02-03 09:57:17,641 - Knowledge - INFO - Worker kw5 processing /app/data/T0002/210882/b3694rp/odoo-210882/addons/report_sale/report_sale_view.xml
2026-02-03 09:57:17,641 - Knowledge - INFO - Worker kw1 processing /app/data/T0002/210882/b3694rp/odoo-210882/doc/migrate/3.3.0-3.4.0/pre.py
2026-02-03 09:57:17,642 - Knowledge - INFO - Worker kw3 processing /app/data/T0002/210882/b3694rp/odoo-210882/addons/hr_attendance/report/timesheet.py
2026-02-03 09:57:17,643 - Knowledge - INFO - Worker kw2 processing /app/data/T0002/210882/b3694rp/odoo-210882/addons/board_crm_configuration/board_crm_demo.xml
2026-02-03 09:57:17,643 - Knowledge - INFO - knowledge worker kw8 start
2026-02-03 09:57:17,644 - Knowledge - INFO - Worker kw4 processing /app/data/T0002/210882/b3694rp/odoo-210882/addons/hr_attendance/__init__.py
2026-02-03 09:57:17,644 - Knowledge - INFO - Worker kw9 created using shared MongoDB connection pool
2026-02-03 09:57:17,645 - Knowledge - INFO - Worker kw1 processing /app/data/T0002/210882/b3694rp/odoo-210882/doc/migrate/3.3.0-3.4.0/post.py
2026-02-03 09:57:17,645 - Knowledge - INFO - Fast-tracked /app/data/T0002/210882/b3694rp/odoo-210882/addons/report_sale/report_sale_view.xml (ext=.xml, size=12937)
2026-02-03 09:57:17,645 - Knowledge - INFO - Worker kw3 processing /app/data/T0002/210882/b3694rp/odoo-210882/addons/hr_attendance/hr_attendance_report.xml
2026-02-03 09:57:17,646 - Knowledge - INFO - Fast-tracked /app/data/T0002/210882/b3694rp/odoo-210882/addons/board_crm_configuration/board_crm_demo.xml (ext=.xml, size=543)
2026-02-03 09:57:17,647 - Knowledge - INFO - Fast-tracked /app/data/T0002/210882/b3694rp/odoo-210882/addons/hr_attendance/__init__.py (ext=.py, size=1107)
2026-02-03 09:57:17,647 - Knowledge - INFO - Worker kw1 processing /app/data/T0002/210882/b3694rp/odoo-210882/doc/migrate/4.2.0-4.4.0/pre.py
2026-02-03 09:57:17,647 - Knowledge - INFO - knowledge worker kw9 start
2026-02-03 09:57:17,648 - Knowledge - INFO - Worker kw10 created using shared MongoDB connection pool
2026-02-03 09:57:17,648 - Knowledge - INFO - Worker kw5 processing /app/data/T0002/210882/b3694rp/odoo-210882/addons/report_sale/report_sale.py
2026-02-03 09:57:17,649 - Knowledge - INFO - Fast-tracked /app/data/T0002/210882/b3694rp/odoo-210882/addons/hr_attendance/hr_attendance_report.xml (ext=.xml, size=344)
2026-02-03 09:57:17,649 - Knowledge - INFO - Worker kw2 processing /app/data/T0002/210882/b3694rp/odoo-210882/addons/board_crm_configuration/board_crm_view.xml
2026-02-03 09:57:17,649 - Knowledge - INFO - Worker kw4 processing /app/data/T0002/210882/b3694rp/odoo-210882/addons/hr_attendance/hr_attendance.py
2026-02-03 09:57:17,650 - Knowledge - INFO - Worker kw1 processing /app/data/T0002/210882/b3694rp/odoo-210882/doc/migrate/4.0.0-4.2.0/tiny/pre-tiny.py
2026-02-03 09:57:17,651 - Knowledge - INFO - knowledge worker kw10 start
2026-02-03 09:57:17,651 - Knowledge - INFO - Worker kw11 created using shared MongoDB connection pool
2026-02-03 09:57:17,652 - Knowledge - INFO - Worker kw3 processing /app/data/T0002/210882/b3694rp/odoo-210882/addons/hr_attendance/__terp__.py
2026-02-03 09:57:17,652 - Knowledge - INFO - Worker kw5 processing /app/data/T0002/210882/b3694rp/odoo-210882/addons/report_sale/__init__.py
2026-02-03 09:57:17,653 - Knowledge - INFO - Fast-tracked /app/data/T0002/210882/b3694rp/odoo-210882/addons/board_crm_configuration/board_crm_view.xml (ext=.xml, size=4394)
2026-02-03 09:57:17,654 - Knowledge - INFO - Worker kw4 processing /app/data/T0002/210882/b3694rp/odoo-210882/addons/hr_attendance/hr_attendance_wizard.xml
2026-02-03 09:57:17,654 - Knowledge - INFO - Worker kw1 processing /app/data/T0002/210882/b3694rp/odoo-210882/doc/migrate/4.0.0-4.2.0/pre.py
2026-02-03 09:57:17,655 - Knowledge - INFO - knowledge worker kw11 start
2026-02-03 09:57:17,655 - Knowledge - INFO - Worker kw12 created using shared MongoDB connection pool
2026-02-03 09:57:17,656 - Knowledge - INFO - Fast-tracked /app/data/T0002/210882/b3694rp/odoo-210882/addons/hr_attendance/__terp__.py (ext=.py, size=1638)
2026-02-03 09:57:17,656 - Knowledge - INFO - Worker kw2 processing /app/data/T0002/210882/b3694rp/odoo-210882/addons/board_crm_configuration/board_crm_statistical_view.xml
2026-02-03 09:57:17,657 - Knowledge - INFO - Fast-tracked /app/data/T0002/210882/b3694rp/odoo-210882/addons/hr_attendance/hr_attendance_wizard.xml (ext=.xml, size=766)
2026-02-03 09:57:17,657 - Knowledge - INFO - Fast-tracked /app/data/T0002/210882/b3694rp/odoo-210882/addons/report_sale/__init__.py (ext=.py, size=1078)
2026-02-03 09:57:17,658 - Knowledge - INFO - knowledge worker kw12 start
2026-02-03 09:57:17,658 - Knowledge - INFO - Worker kw13 created using shared MongoDB connection pool
2026-02-03 09:57:17,658 - Knowledge - INFO - Worker kw3 processing /app/data/T0002/210882/b3694rp/odoo-210882/addons/hr_attendance/wizard/print_bymonth.py
2026-02-03 09:57:17,659 - Knowledge - INFO - Worker kw4 processing /app/data/T0002/210882/b3694rp/odoo-210882/addons/report_analytic/__terp__.py
2026-02-03 09:57:17,659 - Knowledge - INFO - Fast-tracked /app/data/T0002/210882/b3694rp/odoo-210882/addons/board_crm_configuration/board_crm_statistical_view.xml (ext=.xml, size=5382)
2026-02-03 09:57:17,660 - Knowledge - INFO - Worker kw5 processing /app/data/T0002/210882/b3694rp/odoo-210882/addons/analytic_user_function/__terp__.py
2026-02-03 09:57:17,661 - Knowledge - INFO - [kw8] Queue=1213, InProgress=0, PendingWorkers=5/12, Completed=0/1263 (0.0%)
2026-02-03 09:57:17,661 - Knowledge - INFO - [kw9] Queue=1213, InProgress=0, PendingWorkers=5/12, Completed=0/1263 (0.0%)
2026-02-03 09:57:17,662 - Knowledge - INFO - [kw10] Queue=1213, InProgress=0, PendingWorkers=5/12, Completed=0/1263 (0.0%)
2026-02-03 09:57:17,662 - Knowledge - INFO - [kw11] Queue=1213, InProgress=0, PendingWorkers=5/12, Completed=0/1263 (0.0%)
2026-02-03 09:57:17,662 - Knowledge - INFO - [kw12] Queue=1213, InProgress=0, PendingWorkers=5/12, Completed=0/1263 (0.0%)
2026-02-03 09:57:17,663 - Knowledge - INFO - [kw7] Queue=1213, InProgress=0, PendingWorkers=5/12, Completed=0/1263 (0.0%)
2026-02-03 09:57:17,663 - Knowledge - INFO - [kw6] Queue=1213, InProgress=0, PendingWorkers=5/12, Completed=0/1263 (0.0%)
2026-02-03 09:57:17,664 - Knowledge - INFO - knowledge worker kw13 start
2026-02-03 09:57:17,664 - Knowledge - INFO - Worker kw14 created using shared MongoDB connection pool
2026-02-03 09:57:17,665 - Knowledge - INFO - Worker kw3 processing /app/data/T0002/210882/b3694rp/odoo-210882/addons/hr_attendance/wizard/print_byweek.py
2026-02-03 09:57:17,666 - Knowledge - INFO - Worker kw2 processing /app/data/T0002/210882/b3694rp/odoo-210882/addons/board_crm_configuration/__terp__.py
2026-02-03 09:57:17,666 - Knowledge - INFO - Fast-tracked /app/data/T0002/210882/b3694rp/odoo-210882/addons/report_analytic/__terp__.py (ext=.py, size=1574)
2026-02-03 09:57:17,667 - Knowledge - INFO - Batch sizing: calculated=10, max_allowed=10, queue=1213, active_workers=5/13
2026-02-03 09:57:17,667 - Knowledge - INFO - Fast-tracked /app/data/T0002/210882/b3694rp/odoo-210882/addons/analytic_user_function/__terp__.py (ext=.py, size=1987)
2026-02-03 09:57:17,668 - Knowledge - INFO - Batch sizing: calculated=10, max_allowed=10, queue=1213, active_workers=5/13
2026-02-03 09:57:17,668 - Knowledge - INFO - Batch sizing: calculated=10, max_allowed=10, queue=1213, active_workers=5/13
2026-02-03 09:57:17,669 - Knowledge - INFO - Batch sizing: calculated=10, max_allowed=10, queue=1213, active_workers=5/13
2026-02-03 09:57:17,669 - Knowledge - INFO - Batch sizing: calculated=10, max_allowed=10, queue=1213, active_workers=5/13
2026-02-03 09:57:17,669 - Knowledge - INFO - Batch sizing: calculated=10, max_allowed=10, queue=1213, active_workers=5/13
2026-02-03 09:57:17,670 - Knowledge - INFO - Batch sizing: calculated=10, max_allowed=10, queue=1213, active_workers=5/13
2026-02-03 09:57:17,672 - Knowledge - INFO - knowledge worker kw14 start
2026-02-03 09:57:17,672 - Knowledge - INFO - Worker kw15 created using shared MongoDB connection pool
2026-02-03 09:57:17,673 - Knowledge - INFO - [kw13] Queue=1213, InProgress=0, PendingWorkers=5/14, Completed=0/1263 (0.0%)
2026-02-03 09:57:17,687 - Knowledge - INFO - Worker kw3 processing /app/data/T0002/210882/b3694rp/odoo-210882/addons/hr_attendance/wizard/sign_in_out.py
2026-02-03 09:57:17,693 - Knowledge - INFO - Fast-tracked /app/data/T0002/210882/b3694rp/odoo-210882/addons/board_crm_configuration/__terp__.py (ext=.py, size=1680)
2026-02-03 09:57:17,695 - Knowledge - INFO - Worker kw4 processing /app/data/T0002/210882/b3694rp/odoo-210882/addons/report_analytic/report_analytic_view.xml
2026-02-03 09:57:17,698 - Knowledge - INFO - Worker kw8 processing /app/data/T0002/210882/b3694rp/odoo-210882/addons/account_voucher/report/report_voucher_amount.py
2026-02-03 09:57:17,701 - Knowledge - INFO - Worker kw5 processing /app/data/T0002/210882/b3694rp/odoo-210882/addons/analytic_user_function/analytic_user_function_view.xml
2026-02-03 09:57:17,702 - Knowledge - INFO - Worker kw9 processing /app/data/T0002/210882/b3694rp/odoo-210882/addons/account_voucher/voucher_wizard.xml
2026-02-03 09:57:17,739 - Knowledge - INFO - Worker kw10 processing /app/data/T0002/210882/b3694rp/odoo-210882/addons/base_module_quality/speed_test/speed_test.py
2026-02-03 09:57:17,740 - Knowledge - INFO - Worker kw11 processing /app/data/T0002/210882/b3694rp/odoo-210882/addons/base_module_quality/workflow_test/workflow_test.py
2026-02-03 09:57:17,741 - Knowledge - INFO - Worker kw12 processing /app/data/T0002/210882/b3694rp/odoo-210882/addons/base_module_quality/base_module_quality_wizard.xml
2026-02-03 09:57:17,742 - Knowledge - INFO - Worker kw7 processing /app/data/T0002/210882/b3694rp/odoo-210882/addons/purchase_manual/purchase_manual_wizard.xml
2026-02-03 09:57:17,743 - Knowledge - INFO - Worker kw6 processing /app/data/T0002/210882/b3694rp/odoo-210882/addons/account_report/account_wizard.xml
2026-02-03 09:57:17,746 - Knowledge - INFO - knowledge worker kw15 start
2026-02-03 09:57:17,747 - Knowledge - INFO - [kw14] Queue=1143, InProgress=0, PendingWorkers=12/14, Completed=0/1263 (0.0%)
2026-02-03 09:57:17,747 - Knowledge - INFO - Worker kw16 created using shared MongoDB connection pool
2026-02-03 09:57:17,750 - Knowledge - INFO - Batch sizing: calculated=10, max_allowed=10, queue=1213, active_workers=12/15
2026-02-03 09:57:17,752 - Knowledge - INFO - Worker kw2 processing /app/data/T0002/210882/b3694rp/odoo-210882/addons/board_crm_configuration/__init__.py
2026-02-03 09:57:17,753 - Knowledge - INFO - Worker kw3 processing /app/data/T0002/210882/b3694rp/odoo-210882/addons/hr_attendance/wizard/print_attendance_error.py
2026-02-03 09:57:17,753 - Knowledge - INFO - Fast-tracked /app/data/T0002/210882/b3694rp/odoo-210882/addons/report_analytic/report_analytic_view.xml (ext=.xml, size=2861)
2026-02-03 09:57:17,754 - Knowledge - INFO - Worker kw8 processing /app/data/T0002/210882/b3694rp/odoo-210882/addons/account_voucher/report/__init__.py
2026-02-03 09:57:17,755 - Knowledge - INFO - Fast-tracked /app/data/T0002/210882/b3694rp/odoo-210882/addons/analytic_user_function/analytic_user_function_view.xml (ext=.xml, size=6455)
2026-02-03 09:57:17,755 - Knowledge - INFO - Fast-tracked /app/data/T0002/210882/b3694rp/odoo-210882/addons/account_voucher/voucher_wizard.xml (ext=.xml, size=477)
2026-02-03 09:57:17,757 - Knowledge - INFO - Worker kw10 processing /app/data/T0002/210882/b3694rp/odoo-210882/addons/base_module_quality/structure_test/__init__.py
2026-02-03 09:57:17,760 - Knowledge - INFO - Worker kw11 processing /app/data/T0002/210882/b3694rp/odoo-210882/addons/base_module_quality/workflow_test/__init__.py
2026-02-03 09:57:17,762 - Knowledge - INFO - Fast-tracked /app/data/T0002/210882/b3694rp/odoo-210882/addons/base_module_quality/base_module_quality_wizard.xml (ext=.xml, size=392)
2026-02-03 09:57:17,763 - Knowledge - INFO - Fast-tracked /app/data/T0002/210882/b3694rp/odoo-210882/addons/account_report/account_wizard.xml (ext=.xml, size=689)
2026-02-03 09:57:17,763 - Knowledge - INFO - Fast-tracked /app/data/T0002/210882/b3694rp/odoo-210882/addons/purchase_manual/purchase_manual_wizard.xml (ext=.xml, size=352)
2026-02-03 09:57:17,764 - Knowledge - INFO - [kw15] Queue=1143, InProgress=0, PendingWorkers=12/15, Completed=0/1263 (0.0%)
2026-02-03 09:57:17,766 - Knowledge - INFO - Batch sizing: calculated=10, max_allowed=10, queue=1143, active_workers=12/15
2026-02-03 09:57:17,766 - Knowledge - INFO - knowledge worker kw16 start
2026-02-03 09:57:17,767 - Knowledge - INFO - Worker kw17 created using shared MongoDB connection pool
2026-02-03 09:57:17,768 - Knowledge - INFO - Worker kw13 processing /app/data/T0002/210882/b3694rp/odoo-210882/addons/account_report/account_report.xml
2026-02-03 09:57:17,769 - Knowledge - INFO - Fast-tracked /app/data/T0002/210882/b3694rp/odoo-210882/addons/board_crm_configuration/__init__.py (ext=.py, size=1057)
2026-02-03 09:57:17,769 - Knowledge - INFO - Worker kw4 processing /app/data/T0002/210882/b3694rp/odoo-210882/addons/report_analytic/report_analytic.py
2026-02-03 09:57:17,770 - Knowledge - INFO - Worker kw3 processing /app/data/T0002/210882/b3694rp/odoo-210882/addons/hr_attendance/wizard/__init__.py
2026-02-03 09:57:17,771 - Knowledge - INFO - Worker kw5 processing /app/data/T0002/210882/b3694rp/odoo-210882/addons/analytic_user_function/__init__.py
2026-02-03 09:57:17,772 - Knowledge - INFO - Fast-tracked /app/data/T0002/210882/b3694rp/odoo-210882/addons/analytic_user_function/__init__.py (ext=.py, size=1088)
2026-02-03 09:57:17,773 - Knowledge - INFO - Fast-tracked /app/data/T0002/210882/b3694rp/odoo-210882/addons/base_module_quality/structure_test/__init__.py (ext=.py, size=1057)
2026-02-03 09:57:17,773 - Knowledge - INFO - Worker kw4 processing /app/data/T0002/210882/b3694rp/odoo-210882/addons/report_analytic/__init__.py
2026-02-03 09:57:17,774 - Knowledge - INFO - Worker kw12 processing /app/data/T0002/210882/b3694rp/odoo-210882/addons/base_module_quality/pylint_test/pylint_test_config.txt
2026-02-03 09:57:17,774 - Knowledge - INFO - Fast-tracked /app/data/T0002/210882/b3694rp/odoo-210882/addons/base_module_quality/workflow_test/__init__.py (ext=.py, size=1057)
2026-02-03 09:57:17,776 - Knowledge - INFO - Worker kw6 processing /app/data/T0002/210882/b3694rp/odoo-210882/addons/account_report/report/print_indicator.py
2026-02-03 09:57:17,779 - Knowledge - INFO - Worker kw7 processing /app/data/T0002/210882/b3694rp/odoo-210882/addons/purchase_manual/purchase_manual.py
2026-02-03 09:57:17,780 - Knowledge - INFO - Batch sizing: calculated=10, max_allowed=10, queue=1143, active_workers=13/16
2026-02-03 09:57:17,781 - Knowledge - INFO - Worker kw14 processing /app/data/T0002/210882/b3694rp/odoo-210882/addons/account_analytic_analysis/account_analytic_analysis_view.xml
2026-02-03 09:57:17,782 - Knowledge - INFO - [kw16] Queue=1123, InProgress=0, PendingWorkers=14/16, Completed=0/1263 (0.0%)
2026-02-03 09:57:17,783 - Knowledge - INFO - knowledge worker kw17 start
2026-02-03 09:57:17,783 - Knowledge - INFO - Worker kw18 created using shared MongoDB connection pool
2026-02-03 09:57:17,784 - Knowledge - INFO - Fast-tracked /app/data/T0002/210882/b3694rp/odoo-210882/addons/account_report/account_report.xml (ext=.xml, size=680)
2026-02-03 09:57:17,787 - Knowledge - INFO - Worker kw2 processing /app/data/T0002/210882/b3694rp/odoo-210882/addons/hr_attendance/security/hr_security.xml
2026-02-03 09:57:17,789 - Knowledge - INFO - Fast-tracked /app/data/T0002/210882/b3694rp/odoo-210882/addons/account_voucher/report/__init__.py (ext=.py, size=51)
2026-02-03 09:57:17,790 - Knowledge - INFO - Fast-tracked /app/data/T0002/210882/b3694rp/odoo-210882/addons/hr_attendance/wizard/__init__.py (ext=.py, size=1180)
2026-02-03 09:57:17,792 - Knowledge - INFO - Worker kw9 processing /app/data/T0002/210882/b3694rp/odoo-210882/addons/account_voucher/__init__.py
2026-02-03 09:57:17,793 - Knowledge - INFO - Worker kw5 processing /app/data/T0002/210882/b3694rp/odoo-210882/addons/analytic_user_function/analytic_user_function.py
2026-02-03 09:57:17,793 - Knowledge - INFO - Worker kw10 processing /app/data/T0002/210882/b3694rp/odoo-210882/addons/base_module_quality/structure_test/structure_test.py
2026-02-03 09:57:17,794 - Knowledge - INFO - Fast-tracked /app/data/T0002/210882/b3694rp/odoo-210882/addons/report_analytic/__init__.py (ext=.py, size=1082)
2026-02-03 09:57:17,794 - Knowledge - INFO - Worker kw11 processing /app/data/T0002/210882/b3694rp/odoo-210882/addons/base_module_quality/object_test/object_test.py
2026-02-03 09:57:17,794 - Knowledge - INFO - Fast-tracked /app/data/T0002/210882/b3694rp/odoo-210882/addons/base_module_quality/pylint_test/pylint_test_config.txt (ext=.txt, size=8953)
2026-02-03 09:57:17,798 - Knowledge - INFO - Worker kw6 processing /app/data/T0002/210882/b3694rp/odoo-210882/addons/account_report/report/accounting_report.py
2026-02-03 09:57:17,799 - Knowledge - INFO - Worker kw7 processing /app/data/T0002/210882/b3694rp/odoo-210882/addons/project_retro_planning/__terp__.py
2026-02-03 09:57:17,801 - Knowledge - INFO - Worker kw15 processing /app/data/T0002/210882/b3694rp/odoo-210882/addons/profile_manufacturing/profile_manufacturing.py
2026-02-03 09:57:18,108 - Knowledge - INFO - Batch sizing: calculated=10, max_allowed=10, queue=1123, active_workers=15/17
2026-02-03 09:57:18,112 - Knowledge - INFO - [kw17] Queue=1113, InProgress=0, PendingWorkers=15/17, Completed=0/1263 (0.0%)
2026-02-03 09:57:18,112 - Knowledge - INFO - Fast-tracked /app/data/T0002/210882/b3694rp/odoo-210882/addons/account_analytic_analysis/account_analytic_analysis_view.xml (ext=.xml, size=5237)
2026-02-03 09:57:18,114 - Knowledge - INFO - knowledge worker kw18 start
2026-02-03 09:57:18,114 - Knowledge - INFO - Worker kw19 created using shared MongoDB connection pool
2026-02-03 09:57:18,115 - Knowledge - INFO - Worker kw13 processing /app/data/T0002/210882/b3694rp/odoo-210882/addons/event_project/__terp__.py
2026-02-03 09:57:18,117 - Knowledge - INFO - Worker kw8 processing /app/data/T0002/210882/b3694rp/odoo-210882/addons/account_voucher/account_view.xml
2026-02-03 09:57:18,117 - Knowledge - INFO - Worker kw3 processing /app/data/T0002/210882/b3694rp/odoo-210882/addons/hr_attendance/hr_attendance_view.xml
2026-02-03 09:57:18,118 - Knowledge - INFO - Fast-tracked /app/data/T0002/210882/b3694rp/odoo-210882/addons/hr_attendance/security/hr_security.xml (ext=.xml, size=229)
2026-02-03 09:57:18,121 - Knowledge - INFO - Fast-tracked /app/data/T0002/210882/b3694rp/odoo-210882/addons/account_voucher/__init__.py (ext=.py, size=1049)
2026-02-03 09:57:18,121 - Knowledge - INFO - Worker kw5 processing /app/data/T0002/210882/b3694rp/odoo-210882/addons/account_voucher/account.py
2026-02-03 09:57:18,138 - Knowledge - INFO - Worker kw10 processing /app/data/T0002/210882/b3694rp/odoo-210882/addons/base_module_quality/method_test/__init__.py
2026-02-03 09:57:18,139 - Knowledge - INFO - Worker kw4 processing /app/data/T0002/210882/b3694rp/odoo-210882/addons/report_sale/report_sale_graph.xml
2026-02-03 09:57:18,142 - Knowledge - INFO - Worker kw12 processing /app/data/T0002/210882/b3694rp/odoo-210882/addons/base_module_quality/pylint_test/pylint_test.py
2026-02-03 09:57:18,142 - Knowledge - INFO - Worker kw11 processing /app/data/T0002/210882/b3694rp/odoo-210882/addons/base_module_quality/object_test/__init__.py
2026-02-03 09:57:18,143 - Knowledge - INFO - Worker kw6 processing /app/data/T0002/210882/b3694rp/odoo-210882/addons/account_report/report/__init__.py
2026-02-03 09:57:18,144 - Knowledge - INFO - Fast-tracked /app/data/T0002/210882/b3694rp/odoo-210882/addons/project_retro_planning/__terp__.py (ext=.py, size=1512)
2026-02-03 09:57:18,147 - Knowledge - INFO - Worker kw15 processing /app/data/T0002/210882/b3694rp/odoo-210882/addons/profile_manufacturing/__init__.py
2026-02-03 09:57:18,148 - Knowledge - INFO - Worker kw16 processing /app/data/T0002/210882/b3694rp/odoo-210882/addons/delivery/delivery_wizard.xml
2026-02-03 09:57:18,151 - Knowledge - INFO - Batch sizing: calculated=10, max_allowed=10, queue=1113, active_workers=16/18
2026-02-03 09:57:18,152 - Knowledge - INFO - Worker kw14 processing /app/data/T0002/210882/b3694rp/odoo-210882/addons/account_analytic_analysis/account_analytic_analysis.py
2026-02-03 09:57:18,154 - Knowledge - INFO - knowledge worker kw19 start
2026-02-03 09:57:18,155 - Knowledge - INFO - [kw18] Queue=1103, InProgress=0, PendingWorkers=16/18, Completed=0/1263 (0.0%)
2026-02-03 09:57:18,155 - Knowledge - INFO - Worker kw20 created using shared MongoDB connection pool
2026-02-03 09:57:18,157 - Knowledge - INFO - Fast-tracked /app/data/T0002/210882/b3694rp/odoo-210882/addons/account_voucher/account_view.xml (ext=.xml, size=5756)
2026-02-03 09:57:18,157 - Knowledge - INFO - Fast-tracked /app/data/T0002/210882/b3694rp/odoo-210882/addons/event_project/__terp__.py (ext=.py, size=1560)
2026-02-03 09:57:18,157 - Knowledge - INFO - Fast-tracked /app/data/T0002/210882/b3694rp/odoo-210882/addons/hr_attendance/hr_attendance_view.xml (ext=.xml, size=4669)
2026-02-03 09:57:18,158 - Knowledge - INFO - Worker kw2 processing /app/data/T0002/210882/b3694rp/odoo-210882/addons/hr_attendance/report/bymonth.py
2026-02-03 09:57:18,158 - Knowledge - INFO - Worker kw9 processing /app/data/T0002/210882/b3694rp/odoo-210882/addons/account_voucher/account_report.xml
2026-02-03 09:57:18,160 - Knowledge - INFO - Worker kw5 processing /app/data/T0002/210882/b3694rp/odoo-210882/addons/account_voucher/report/rml_parse.py
2026-02-03 09:57:18,161 - Knowledge - INFO - Fast-tracked /app/data/T0002/210882/b3694rp/odoo-210882/addons/base_module_quality/method_test/__init__.py (ext=.py, size=1057)
2026-02-03 09:57:18,162 - Knowledge - INFO - Fast-tracked /app/data/T0002/210882/b3694rp/odoo-210882/addons/report_sale/report_sale_graph.xml (ext=.xml, size=5648)
2026-02-03 09:57:18,164 - Knowledge - INFO - Worker kw12 processing /app/data/T0002/210882/b3694rp/odoo-210882/addons/base_module_quality/pylint_test/__init__.py
2026-02-03 09:57:18,164 - Knowledge - INFO - Fast-tracked /app/data/T0002/210882/b3694rp/odoo-210882/addons/base_module_quality/object_test/__init__.py (ext=.py, size=1057)
2026-02-03 09:57:18,165 - Knowledge - INFO - Fast-tracked /app/data/T0002/210882/b3694rp/odoo-210882/addons/account_report/report/__init__.py (ext=.py, size=1107)
2026-02-03 09:57:18,165 - Knowledge - INFO - Worker kw7 processing /app/data/T0002/210882/b3694rp/odoo-210882/addons/project_retro_planning/__init__.py
2026-02-03 09:57:18,166 - Knowledge - INFO - Fast-tracked /app/data/T0002/210882/b3694rp/odoo-210882/addons/profile_manufacturing/__init__.py (ext=.py, size=1087)
2026-02-03 09:57:18,167 - Knowledge - INFO - Worker kw17 processing /app/data/T0002/210882/b3694rp/odoo-210882/addons/wiki/__terp__.py
2026-02-03 09:57:18,167 - Knowledge - INFO - Fast-tracked /app/data/T0002/210882/b3694rp/odoo-210882/addons/delivery/delivery_wizard.xml (ext=.xml, size=248)
2026-02-03 09:57:18,168 - Knowledge - INFO - Worker kw14 processing /app/data/T0002/210882/b3694rp/odoo-210882/addons/account_analytic_analysis/__init__.py
2026-02-03 09:57:18,169 - Knowledge - INFO - Batch sizing: calculated=10, max_allowed=10, queue=1103, active_workers=17/19
2026-02-03 09:57:18,170 - Knowledge - INFO - [kw19] Queue=1093, InProgress=0, PendingWorkers=17/19, Completed=0/1263 (0.0%)
2026-02-03 09:57:18,172 - Knowledge - INFO - Worker kw8 processing /app/data/T0002/210882/b3694rp/odoo-210882/addons/account_voucher/__terp__.py
2026-02-03 09:57:18,174 - Knowledge - INFO - knowledge worker kw20 start
2026-02-03 09:57:18,175 - Knowledge - INFO - Fast-tracked /app/data/T0002/210882/b3694rp/odoo-210882/addons/account_voucher/__terp__.py (ext=.py, size=1724)
2026-02-03 09:57:18,176 - Knowledge - INFO - Worker kw2 processing /app/data/T0002/210882/b3694rp/odoo-210882/addons/hr_attendance/report/attendance_errors.py
2026-02-03 09:57:18,178 - Knowledge - INFO - Worker kw10 processing /app/data/T0002/210882/b3694rp/odoo-210882/addons/base_module_quality/method_test/method_test.py
2026-02-03 09:57:18,178 - Knowledge - INFO - Fast-tracked /app/data/T0002/210882/b3694rp/odoo-210882/addons/account_voucher/account_report.xml (ext=.xml, size=541)
2026-02-03 09:57:18,179 - Knowledge - INFO - Worker kw4 processing /app/data/T0002/210882/b3694rp/odoo-210882/addons/report_sale/__terp__.py
2026-02-03 09:57:18,182 - Knowledge - INFO - Worker kw5 processing /app/data/T0002/210882/b3694rp/odoo-210882/addons/account_voucher/report/report_voucher.py
2026-02-03 09:57:18,183 - Knowledge - INFO - Fast-tracked /app/data/T0002/210882/b3694rp/odoo-210882/addons/base_module_quality/pylint_test/__init__.py (ext=.py, size=1078)
2026-02-03 09:57:18,185 - Knowledge - INFO - Worker kw11 processing /app/data/T0002/210882/b3694rp/odoo-210882/addons/base_module_quality/__terp__.py
2026-02-03 09:57:18,185 - Knowledge - INFO - Worker kw6 processing /app/data/T0002/210882/b3694rp/odoo-210882/addons/account_report/account_view.xml
2026-02-03 09:57:18,187 - Knowledge - INFO - Worker kw15 processing /app/data/T0002/210882/b3694rp/odoo-210882/addons/delivery/delivery_data.xml
2026-02-03 09:57:18,187 - Knowledge - INFO - Fast-tracked /app/data/T0002/210882/b3694rp/odoo-210882/addons/project_retro_planning/__init__.py (ext=.py, size=1087)
2026-02-03 09:57:18,194 - Knowledge - INFO - Fast-tracked /app/data/T0002/210882/b3694rp/odoo-210882/addons/wiki/__terp__.py (ext=.py, size=742)
2026-02-03 09:57:18,196 - Knowledge - INFO - Worker kw16 processing /app/data/T0002/210882/b3694rp/odoo-210882/addons/delivery/stock.py
2026-02-03 09:57:18,239 - Knowledge - INFO - Fast-tracked /app/data/T0002/210882/b3694rp/odoo-210882/addons/account_analytic_analysis/__init__.py (ext=.py, size=1092)
2026-02-03 09:57:18,240 - Knowledge - INFO - Worker kw18 processing /app/data/T0002/210882/b3694rp/odoo-210882/addons/board_account/__terp__.py
2026-02-03 09:57:18,241 - Knowledge - INFO - Fast-tracked /app/data/T0002/210882/b3694rp/odoo-210882/addons/hr_attendance/wizard/print_bymonth.py (small file (2329 bytes))
2026-02-03 09:57:18,242 - Knowledge - INFO - Batch sizing: calculated=10, max_allowed=10, queue=1093, active_workers=18/20
2026-02-03 09:57:18,242 - Knowledge - INFO - Worker kw13 processing /app/data/T0002/210882/b3694rp/odoo-210882/addons/event_project/wizard/project_wizard.py
2026-02-03 09:57:18,243 - Knowledge - INFO - [kw20] Queue=1083, InProgress=0, PendingWorkers=18/20, Completed=0/1263 (0.0%)
2026-02-03 09:57:18,247 - Knowledge - INFO - Worker kw8 processing /app/data/T0002/210882/b3694rp/odoo-210882/addons/account_voucher/wizard/open_voucher.py
2026-02-03 09:57:18,252 - Knowledge - INFO - Worker kw10 processing /app/data/T0002/210882/b3694rp/odoo-210882/addons/base_module_quality/pep8_test/pep8_test.py
2026-02-03 09:57:18,252 - Knowledge - INFO - Worker kw9 processing /app/data/T0002/210882/b3694rp/odoo-210882/addons/board/__terp__.py
2026-02-03 09:57:18,255 - Knowledge - INFO - Fast-tracked /app/data/T0002/210882/b3694rp/odoo-210882/addons/report_sale/__terp__.py (ext=.py, size=1832)
2026-02-03 09:57:18,255 - Knowledge - INFO - Worker kw12 processing /app/data/T0002/210882/b3694rp/odoo-210882/addons/base_module_quality/base_module_quality.py
2026-02-03 09:57:18,257 - Knowledge - INFO - Worker kw11 processing /app/data/T0002/210882/b3694rp/odoo-210882/addons/base_module_quality/wizard/module_quality_check.py
2026-02-03 09:57:18,257 - Knowledge - INFO - Fast-tracked /app/data/T0002/210882/b3694rp/odoo-210882/addons/account_report/account_view.xml (ext=.xml, size=11530)
2026-02-03 09:57:18,258 - Knowledge - INFO - Fast-tracked /app/data/T0002/210882/b3694rp/odoo-210882/addons/delivery/delivery_data.xml (ext=.xml, size=387)
2026-02-03 09:57:18,259 - Knowledge - INFO - Worker kw7 processing /app/data/T0002/210882/b3694rp/odoo-210882/addons/project_retro_planning/project_retro_planning.py
2026-02-03 09:57:18,260 - Knowledge - INFO - Worker kw17 processing /app/data/T0002/210882/b3694rp/odoo-210882/addons/wiki/wizard/show_diff.py
2026-02-03 09:57:18,262 - Knowledge - INFO - Worker kw14 processing /app/data/T0002/210882/b3694rp/odoo-210882/addons/account_analytic_analysis/account_analytic_analysis_menu.xml
2026-02-03 09:57:18,266 - Knowledge - INFO - Worker kw16 processing /app/data/T0002/210882/b3694rp/odoo-210882/addons/delivery/delivery.py
2026-02-03 09:57:18,272 - Knowledge - INFO - Fast-tracked /app/data/T0002/210882/b3694rp/odoo-210882/addons/board_account/__terp__.py (ext=.py, size=1855)
2026-02-03 09:57:18,274 - Knowledge - INFO - Worker kw19 processing /app/data/T0002/210882/b3694rp/odoo-210882/addons/stock/report/lot_overview.py
2026-02-03 09:57:18,277 - Knowledge - INFO - Batch sizing: calculated=10, max_allowed=10, queue=1083, active_workers=19/20
2026-02-03 09:57:18,277 - Knowledge - INFO - Worker kw13 processing /app/data/T0002/210882/b3694rp/odoo-210882/addons/event_project/wizard/event_task.py
2026-02-03 09:57:18,277 - Knowledge - INFO - Fast-tracked /app/data/T0002/210882/b3694rp/odoo-210882/addons/hr_attendance/wizard/print_byweek.py (small file (2020 bytes))
2026-02-03 09:57:18,278 - Knowledge - INFO - Worker kw8 processing /app/data/T0002/210882/b3694rp/odoo-210882/addons/account_voucher/wizard/__init__.py
2026-02-03 09:57:18,282 - Knowledge - INFO - Worker kw10 processing /app/data/T0002/210882/b3694rp/odoo-210882/addons/base_module_quality/pep8_test/__init__.py
2026-02-03 09:57:18,283 - Knowledge - INFO - Worker kw12 processing /app/data/T0002/210882/b3694rp/odoo-210882/addons/purchase_manual/__terp__.py
2026-02-03 09:57:18,287 - Knowledge - INFO - Worker kw11 processing /app/data/T0002/210882/b3694rp/odoo-210882/addons/base_module_quality/wizard/quality_save_report.py
2026-02-03 09:57:18,287 - Knowledge - INFO - Fast-tracked /app/data/T0002/210882/b3694rp/odoo-210882/addons/board/__terp__.py (ext=.py, size=1428)
2026-02-03 09:57:18,287 - Knowledge - INFO - Worker kw6 processing /app/data/T0002/210882/b3694rp/odoo-210882/addons/account_report/__terp__.py
2026-02-03 09:57:18,291 - Knowledge - INFO - Worker kw15 processing /app/data/T0002/210882/b3694rp/odoo-210882/addons/delivery/sale.py
2026-02-03 09:57:18,296 - Knowledge - INFO - Worker kw7 processing /app/data/T0002/210882/b3694rp/odoo-210882/addons/report_account/report_receivable.py
2026-02-03 09:57:18,298 - Knowledge - INFO - Worker kw17 processing /app/data/T0002/210882/b3694rp/odoo-210882/addons/wiki/wizard/make_index.py
2026-02-03 09:57:18,340 - Knowledge - INFO - Fast-tracked /app/data/T0002/210882/b3694rp/odoo-210882/addons/account_analytic_analysis/account_analytic_analysis_menu.xml (ext=.xml, size=6449)
2026-02-03 09:57:18,349 - Knowledge - INFO - Worker kw16 processing /app/data/T0002/210882/b3694rp/odoo-210882/addons/delivery/delivery_demo.xml
2026-02-03 09:57:18,350 - Knowledge - INFO - Worker kw18 processing /app/data/T0002/210882/b3694rp/odoo-210882/addons/board_account/board_account_view.xml
2026-02-03 09:57:18,354 - Knowledge - INFO - Worker kw20 processing /app/data/T0002/210882/b3694rp/odoo-210882/addons/stock/report_stock.py
2026-02-03 09:57:18,356 - Knowledge - INFO - Worker kw19 processing /app/data/T0002/210882/b3694rp/odoo-210882/addons/stock/report/lot_location.py
2026-02-03 09:57:18,358 - Knowledge - INFO - Worker kw13 processing /app/data/T0002/210882/b3694rp/odoo-210882/addons/event_project/wizard/__init__.py
2026-02-03 09:57:18,365 - Knowledge - INFO - Fast-tracked /app/data/T0002/210882/b3694rp/odoo-210882/addons/account_voucher/wizard/__init__.py (ext=.py, size=20)
2026-02-03 09:57:18,369 - Knowledge - INFO - Fast-tracked /app/data/T0002/210882/b3694rp/odoo-210882/addons/report_analytic/report_analytic.py (small file (2700 bytes))
2026-02-03 09:57:18,369 - Knowledge - INFO - Fast-tracked /app/data/T0002/210882/b3694rp/odoo-210882/addons/purchase_manual/__terp__.py (ext=.py, size=1590)
2026-02-03 09:57:18,370 - Knowledge - INFO - Fast-tracked /app/data/T0002/210882/b3694rp/odoo-210882/addons/base_module_quality/pep8_test/__init__.py (ext=.py, size=1057)
2026-02-03 09:57:18,371 - Knowledge - INFO - Worker kw11 processing /app/data/T0002/210882/b3694rp/odoo-210882/addons/base_module_quality/wizard/__init__.py
2026-02-03 09:57:18,372 - Knowledge - INFO - Worker kw9 processing /app/data/T0002/210882/b3694rp/odoo-210882/addons/board/wizard/__init__.py
2026-02-03 09:57:18,375 - Knowledge - INFO - Fast-tracked /app/data/T0002/210882/b3694rp/odoo-210882/addons/account_report/__terp__.py (ext=.py, size=1640)
2026-02-03 09:57:18,379 - Knowledge - INFO - Worker kw15 processing /app/data/T0002/210882/b3694rp/odoo-210882/addons/delivery/__terp__.py
2026-02-03 09:57:18,380 - Knowledge - INFO - Fast-tracked /app/data/T0002/210882/b3694rp/odoo-210882/addons/account_voucher/report/report_voucher.py (small file (2911 bytes))
2026-02-03 09:57:18,383 - Knowledge - INFO - Worker kw7 processing /app/data/T0002/210882/b3694rp/odoo-210882/addons/report_account/report_receivable_view.xml
2026-02-03 09:57:18,386 - Knowledge - INFO - Worker kw14 processing /app/data/T0002/210882/b3694rp/odoo-210882/addons/board_association/__terp__.py
2026-02-03 09:57:18,386 - Knowledge - INFO - Worker kw17 processing /app/data/T0002/210882/b3694rp/odoo-210882/addons/wiki/wizard/wizard_view.xml
2026-02-03 09:57:18,387 - Knowledge - INFO - Fast-tracked /app/data/T0002/210882/b3694rp/odoo-210882/addons/delivery/delivery_demo.xml (ext=.xml, size=2677)
2026-02-03 09:57:18,392 - Knowledge - INFO - Fast-tracked /app/data/T0002/210882/b3694rp/odoo-210882/addons/board_account/board_account_view.xml (ext=.xml, size=4149)
2026-02-03 09:57:18,398 - Knowledge - INFO - Worker kw20 processing /app/data/T0002/210882/b3694rp/odoo-210882/addons/stock/stock_incoterms.xml
2026-02-03 09:57:18,401 - Knowledge - INFO - Worker kw19 processing /app/data/T0002/210882/b3694rp/odoo-210882/addons/stock/report/stock_by_location.py
2026-02-03 09:57:18,401 - Knowledge - INFO - Fast-tracked /app/data/T0002/210882/b3694rp/odoo-210882/addons/event_project/wizard/__init__.py (ext=.py, size=1098)
2026-02-03 09:57:18,402 - Knowledge - INFO - Worker kw8 processing /app/data/T0002/210882/b3694rp/odoo-210882/addons/account_voucher/voucher_view.xml
2026-02-03 09:57:18,403 - Knowledge - INFO - Worker kw12 processing /app/data/T0002/210882/b3694rp/odoo-210882/addons/purchase_manual/wizard/wizard_purchase_line_invoice.py
2026-02-03 09:57:18,442 - Knowledge - INFO - Worker kw10 processing /app/data/T0002/210882/b3694rp/odoo-210882/addons/base_module_quality/README.txt
2026-02-03 09:57:18,445 - Knowledge - INFO - Worker kw6 processing /app/data/T0002/210882/b3694rp/odoo-210882/addons/account_report/wizard/wizard_print_indicators.py
2026-02-03 09:57:18,445 - Knowledge - INFO - Fast-tracked /app/data/T0002/210882/b3694rp/odoo-210882/addons/base_module_quality/wizard/__init__.py (ext=.py, size=1112)
2026-02-03 09:57:18,445 - Knowledge - INFO - Fast-tracked /app/data/T0002/210882/b3694rp/odoo-210882/addons/board/wizard/__init__.py (ext=.py, size=1079)
2026-02-03 09:57:18,448 - Knowledge - INFO - Fast-tracked /app/data/T0002/210882/b3694rp/odoo-210882/addons/delivery/__terp__.py (ext=.py, size=1803)
2026-02-03 09:57:18,452 - Knowledge - INFO - Fast-tracked /app/data/T0002/210882/b3694rp/odoo-210882/addons/report_account/report_receivable_view.xml (ext=.xml, size=5243)
2026-02-03 09:57:18,452 - Knowledge - INFO - Fast-tracked /app/data/T0002/210882/b3694rp/odoo-210882/addons/board_association/__terp__.py (ext=.py, size=1511)
2026-02-03 09:57:18,453 - Knowledge - INFO - Worker kw16 processing /app/data/T0002/210882/b3694rp/odoo-210882/addons/delivery/__init__.py
2026-02-03 09:57:18,453 - Knowledge - INFO - Fast-tracked /app/data/T0002/210882/b3694rp/odoo-210882/addons/wiki/wizard/wizard_view.xml (ext=.xml, size=1022)
2026-02-03 09:57:18,453 - Knowledge - INFO - Worker kw18 processing /app/data/T0002/210882/b3694rp/odoo-210882/addons/board_account/__init__.py
2026-02-03 09:57:18,454 - Knowledge - INFO - Fast-tracked /app/data/T0002/210882/b3694rp/odoo-210882/addons/stock/stock_incoterms.xml (ext=.xml, size=2220)
2026-02-03 09:57:18,455 - Knowledge - INFO - Worker kw19 processing /app/data/T0002/210882/b3694rp/odoo-210882/addons/stock/report/lot_move_label.xml
2026-02-03 09:57:18,455 - Knowledge - INFO - Worker kw13 processing /app/data/T0002/210882/b3694rp/odoo-210882/addons/event_project/event_wizard.xml
2026-02-03 09:57:18,457 - Knowledge - INFO - Fast-tracked /app/data/T0002/210882/b3694rp/odoo-210882/addons/account_voucher/voucher_view.xml (ext=.xml, size=12971)
2026-02-03 09:57:18,458 - Knowledge - INFO - Fast-tracked /app/data/T0002/210882/b3694rp/odoo-210882/addons/base_module_quality/README.txt (ext=.txt, size=545)
2026-02-03 09:57:18,458 - Knowledge - INFO - Worker kw12 processing /app/data/T0002/210882/b3694rp/odoo-210882/addons/purchase_manual/wizard/__init__.py
2026-02-03 09:57:18,458 - Knowledge - INFO - Worker kw11 processing /app/data/T0002/210882/b3694rp/odoo-210882/addons/base_module_quality/base_module_quality_view.xml
2026-02-03 09:57:18,459 - Knowledge - INFO - Worker kw9 processing /app/data/T0002/210882/b3694rp/odoo-210882/addons/board/wizard/board_wizard.py
2026-02-03 09:57:18,460 - Knowledge - INFO - Worker kw6 processing /app/data/T0002/210882/b3694rp/odoo-210882/addons/account_report/wizard/__init__.py
2026-02-03 09:57:18,461 - Knowledge - INFO - Worker kw15 processing /app/data/T0002/210882/b3694rp/odoo-210882/addons/delivery/wizard/delivery_sale_order.py
2026-02-03 09:57:18,462 - Knowledge - INFO - Worker kw7 processing /app/data/T0002/210882/b3694rp/odoo-210882/addons/report_account/__terp__.py
2026-02-03 09:57:18,463 - Knowledge - INFO - Worker kw14 processing /app/data/T0002/210882/b3694rp/odoo-210882/addons/board_association/board_association_view.xml
2026-02-03 09:57:18,464 - Knowledge - INFO - Fast-tracked /app/data/T0002/210882/b3694rp/odoo-210882/addons/delivery/__init__.py (ext=.py, size=1145)
2026-02-03 09:57:18,464 - Knowledge - INFO - Worker kw17 processing /app/data/T0002/210882/b3694rp/odoo-210882/addons/wiki/wizard/open_page.py
2026-02-03 09:57:18,465 - Knowledge - INFO - Worker kw20 processing /app/data/T0002/210882/b3694rp/odoo-210882/addons/stock/stock_report.xml
2026-02-03 09:57:18,466 - Knowledge - INFO - Fast-tracked /app/data/T0002/210882/b3694rp/odoo-210882/addons/board_account/__init__.py (ext=.py, size=1059)
2026-02-03 09:57:18,466 - Knowledge - INFO - Fast-tracked /app/data/T0002/210882/b3694rp/odoo-210882/addons/stock/report/lot_move_label.xml (ext=.xml, size=498)
2026-02-03 09:57:18,467 - Knowledge - INFO - Worker kw8 processing /app/data/T0002/210882/b3694rp/odoo-210882/addons/account_voucher/voucher_workflow.xml
2026-02-03 09:57:18,467 - Knowledge - INFO - Fast-tracked /app/data/T0002/210882/b3694rp/odoo-210882/addons/event_project/event_wizard.xml (ext=.xml, size=372)
2026-02-03 09:57:18,468 - Knowledge - INFO - Worker kw10 processing /app/data/T0002/210882/b3694rp/odoo-210882/addons/base_module_quality/terp_test/terp_test.py
2026-02-03 09:57:18,474 - Knowledge - INFO - Fast-tracked /app/data/T0002/210882/b3694rp/odoo-210882/addons/purchase_manual/wizard/__init__.py (ext=.py, size=36)
2026-02-03 09:57:18,480 - Knowledge - INFO - Fast-tracked /app/data/T0002/210882/b3694rp/odoo-210882/addons/base_module_quality/base_module_quality_view.xml (ext=.xml, size=3251)
2026-02-03 09:57:18,493 - Knowledge - INFO - Worker kw9 processing /app/data/T0002/210882/b3694rp/odoo-210882/addons/board/board_view.xml
2026-02-03 09:57:18,493 - Knowledge - INFO - Worker kw15 processing /app/data/T0002/210882/b3694rp/odoo-210882/addons/delivery/wizard/__init__.py
2026-02-03 09:57:18,494 - Knowledge - INFO - Fast-tracked /app/data/T0002/210882/b3694rp/odoo-210882/addons/report_account/__terp__.py (ext=.py, size=1556)
2026-02-03 09:57:18,494 - Knowledge - INFO - Fast-tracked /app/data/T0002/210882/b3694rp/odoo-210882/addons/account_report/wizard/__init__.py (ext=.py, size=1128)
2026-02-03 09:57:18,500 - Knowledge - INFO - Worker kw16 processing /app/data/T0002/210882/b3694rp/odoo-210882/addons/wiki/data/wiki_faq.xml
2026-02-03 09:57:18,501 - Knowledge - INFO - Fast-tracked /app/data/T0002/210882/b3694rp/odoo-210882/addons/board_association/board_association_view.xml (ext=.xml, size=2665)
2026-02-03 09:57:18,502 - Knowledge - INFO - Worker kw17 processing /app/data/T0002/210882/b3694rp/odoo-210882/addons/wiki/wizard/__init__.py
2026-02-03 09:57:18,504 - Knowledge - INFO - Worker kw18 processing /app/data/T0002/210882/b3694rp/odoo-210882/addons/board_account/board_account_demo.xml
2026-02-03 09:57:18,505 - Knowledge - INFO - Fast-tracked /app/data/T0002/210882/b3694rp/odoo-210882/addons/stock/stock_report.xml (ext=.xml, size=1269)
2026-02-03 09:57:18,505 - Knowledge - INFO - Worker kw19 processing /app/data/T0002/210882/b3694rp/odoo-210882/addons/stock/report/product_stock.py
2026-02-03 09:57:18,506 - Knowledge - INFO - Fast-tracked /app/data/T0002/210882/b3694rp/odoo-210882/addons/account_voucher/voucher_workflow.xml (ext=.xml, size=2899)
2026-02-03 09:57:18,507 - Knowledge - INFO - Worker kw13 processing /app/data/T0002/210882/b3694rp/odoo-210882/addons/event_project/event.py
2026-02-03 09:57:18,507 - Knowledge - INFO - Worker kw10 processing /app/data/T0002/210882/b3694rp/odoo-210882/addons/base_module_quality/terp_test/__init__.py
2026-02-03 09:57:18,536 - Knowledge - INFO - Worker kw12 processing /app/data/T0002/210882/b3694rp/odoo-210882/addons/purchase_manual/purchase_manual_view.xml
2026-02-03 09:57:18,541 - Knowledge - INFO - Worker kw11 processing /app/data/T0002/210882/b3694rp/odoo-210882/addons/base_module_quality/__init__.py
2026-02-03 09:57:18,543 - Knowledge - INFO - Fast-tracked /app/data/T0002/210882/b3694rp/odoo-210882/addons/board/board_view.xml (ext=.xml, size=4403)
2026-02-03 09:57:18,543 - Knowledge - INFO - Worker kw7 processing /app/data/T0002/210882/b3694rp/odoo-210882/addons/report_account/__init__.py
2026-02-03 09:57:18,543 - Knowledge - INFO - Fast-tracked /app/data/T0002/210882/b3694rp/odoo-210882/addons/delivery/wizard/__init__.py (ext=.py, size=1086)
2026-02-03 09:57:18,544 - Knowledge - INFO - Worker kw6 processing /app/data/T0002/210882/b3694rp/odoo-210882/addons/account_report/wizard/wizard_print_indicators_with_pdf.py
2026-02-03 09:57:18,544 - Knowledge - INFO - Fast-tracked /app/data/T0002/210882/b3694rp/odoo-210882/addons/wiki/data/wiki_faq.xml (ext=.xml, size=2825)
2026-02-03 09:57:18,545 - Knowledge - INFO - Worker kw14 processing /app/data/T0002/210882/b3694rp/odoo-210882/addons/board_association/__init__.py
2026-02-03 09:57:18,551 - Knowledge - INFO - Fast-tracked /app/data/T0002/210882/b3694rp/odoo-210882/addons/wiki/wizard/__init__.py (ext=.py, size=137)
2026-02-03 09:57:18,553 - Knowledge - INFO - Worker kw20 processing /app/data/T0002/210882/b3694rp/odoo-210882/addons/stock/__terp__.py
2026-02-03 09:57:18,554 - Knowledge - INFO - Worker kw19 processing /app/data/T0002/210882/b3694rp/odoo-210882/addons/stock/report/UPS.xml
2026-02-03 09:57:18,555 - Knowledge - INFO - Fast-tracked /app/data/T0002/210882/b3694rp/odoo-210882/addons/board_account/board_account_demo.xml (ext=.xml, size=675)
2026-02-03 09:57:18,555 - Knowledge - INFO - Worker kw8 processing /app/data/T0002/210882/b3694rp/odoo-210882/addons/account_voucher/voucher.py
2026-02-03 09:57:18,556 - Knowledge - INFO - Worker kw13 processing /app/data/T0002/210882/b3694rp/odoo-210882/addons/event_project/event_view.xml
2026-02-03 09:57:18,557 - Knowledge - INFO - Fast-tracked /app/data/T0002/210882/b3694rp/odoo-210882/addons/base_module_quality/terp_test/__init__.py (ext=.py, size=1057)
2026-02-03 09:57:18,557 - Knowledge - INFO - Fast-tracked /app/data/T0002/210882/b3694rp/odoo-210882/addons/purchase_manual/purchase_manual_view.xml (ext=.xml, size=4944)
2026-02-03 09:57:18,560 - Knowledge - INFO - Fast-tracked /app/data/T0002/210882/b3694rp/odoo-210882/addons/base_module_quality/__init__.py (ext=.py, size=1097)
2026-02-03 09:57:18,561 - Knowledge - INFO - Worker kw9 processing /app/data/T0002/210882/b3694rp/odoo-210882/addons/board/__init__.py
2026-02-03 09:57:18,563 - Knowledge - INFO - Fast-tracked /app/data/T0002/210882/b3694rp/odoo-210882/addons/report_account/__init__.py (ext=.py, size=1084)
2026-02-03 09:57:18,563 - Knowledge - INFO - Worker kw15 processing /app/data/T0002/210882/b3694rp/odoo-210882/addons/delivery/partner_view.xml
2026-02-03 09:57:18,564 - Knowledge - INFO - Worker kw6 processing /app/data/T0002/210882/b3694rp/odoo-210882/addons/account_report/__init__.py
2026-02-03 09:57:18,565 - Knowledge - INFO - Worker kw16 processing /app/data/T0002/210882/b3694rp/odoo-210882/addons/wiki/data/wiki_quickstart.xml
2026-02-03 09:57:18,568 - Knowledge - INFO - Fast-tracked /app/data/T0002/210882/b3694rp/odoo-210882/addons/board_association/__init__.py (ext=.py, size=1058)
2026-02-03 09:57:18,569 - Knowledge - INFO - Worker kw17 processing /app/data/T0002/210882/b3694rp/odoo-210882/addons/wiki/wizard/create_menu.py
2026-02-03 09:57:18,572 - Knowledge - INFO - Worker kw20 processing /app/data/T0002/210882/b3694rp/odoo-210882/addons/stock/wizard/wizard_location_product.py
2026-02-03 09:57:18,573 - Knowledge - INFO - Worker kw18 processing /app/data/T0002/210882/b3694rp/odoo-210882/addons/stock/report_stock_view.xml
2026-02-03 09:57:18,573 - Knowledge - INFO - Fast-tracked /app/data/T0002/210882/b3694rp/odoo-210882/addons/stock/report/UPS.xml (ext=.xml, size=1148)
2026-02-03 09:57:18,580 - Knowledge - INFO - Fast-tracked /app/data/T0002/210882/b3694rp/odoo-210882/addons/event_project/event_view.xml (ext=.xml, size=1537)
2026-02-03 09:57:18,581 - Knowledge - INFO - Worker kw12 processing /app/data/T0002/210882/b3694rp/odoo-210882/addons/purchase_manual/__init__.py
2026-02-03 09:57:18,582 - Knowledge - INFO - Worker kw8 processing /app/data/T0002/210882/b3694rp/odoo-210882/addons/account_voucher/voucher_sequence.xml
2026-02-03 09:57:18,586 - Knowledge - INFO - Worker kw7 processing /app/data/T0002/210882/b3694rp/odoo-210882/addons/account_report/account.py
2026-02-03 09:57:18,587 - Knowledge - INFO - Fast-tracked /app/data/T0002/210882/b3694rp/odoo-210882/addons/board/__init__.py (ext=.py, size=1086)
2026-02-03 09:57:18,589 - Knowledge - INFO - Fast-tracked /app/data/T0002/210882/b3694rp/odoo-210882/addons/account_report/__init__.py (ext=.py, size=1102)
2026-02-03 09:57:18,592 - Knowledge - INFO - Fast-tracked /app/data/T0002/210882/b3694rp/odoo-210882/addons/wiki/data/wiki_quickstart.xml (ext=.xml, size=2985)
2026-02-03 09:57:18,593 - Knowledge - INFO - Fast-tracked /app/data/T0002/210882/b3694rp/odoo-210882/addons/delivery/partner_view.xml (ext=.xml, size=760)
2026-02-03 09:57:18,593 - Knowledge - INFO - Worker kw14 processing /app/data/T0002/210882/b3694rp/odoo-210882/addons/board_association/board_association_demo.xml
2026-02-03 09:57:18,595 - Knowledge - INFO - Worker kw17 processing /app/data/T0002/210882/b3694rp/odoo-210882/addons/wiki/wiki_view.xml
2026-02-03 09:57:18,596 - Knowledge - INFO - Fast-tracked /app/data/T0002/210882/b3694rp/odoo-210882/addons/stock/report_stock_view.xml (ext=.xml, size=4800)
2026-02-03 09:57:18,596 - Knowledge - INFO - Worker kw20 processing /app/data/T0002/210882/b3694rp/odoo-210882/addons/stock/wizard/wizard_split_lot_line.py
2026-02-03 09:57:18,597 - Knowledge - INFO - Worker kw19 processing /app/data/T0002/210882/b3694rp/odoo-210882/addons/stock/report/__init__.py
2026-02-03 09:57:18,598 - Knowledge - INFO - Worker kw13 processing /app/data/T0002/210882/b3694rp/odoo-210882/addons/event_project/__init__.py
2026-02-03 09:57:18,600 - Knowledge - INFO - Fast-tracked /app/data/T0002/210882/b3694rp/odoo-210882/addons/account_voucher/voucher_sequence.xml (ext=.xml, size=3776)
2026-02-03 09:57:18,600 - Knowledge - INFO - Fast-tracked /app/data/T0002/210882/b3694rp/odoo-210882/addons/purchase_manual/__init__.py (ext=.py, size=1029)
2026-02-03 09:57:18,601 - Knowledge - INFO - Worker kw9 processing /app/data/T0002/210882/b3694rp/odoo-210882/addons/board/board.py
2026-02-03 09:57:18,602 - Knowledge - INFO - Worker kw16 processing /app/data/T0002/210882/b3694rp/odoo-210882/addons/wiki/data/wiki_quality.xml
2026-02-03 09:57:18,636 - Knowledge - INFO - Worker kw15 processing /app/data/T0002/210882/b3694rp/odoo-210882/addons/delivery/delivery_view.xml
2026-02-03 09:57:18,654 - Knowledge - INFO - Fast-tracked /app/data/T0002/210882/b3694rp/odoo-210882/addons/board_association/board_association_demo.xml (ext=.xml, size=571)
2026-02-03 09:57:18,660 - Knowledge - INFO - Fast-tracked /app/data/T0002/210882/b3694rp/odoo-210882/addons/wiki/wiki_view.xml (ext=.xml, size=8532)
2026-02-03 09:57:18,660 - Knowledge - INFO - Worker kw18 processing /app/data/T0002/210882/b3694rp/odoo-210882/addons/stock/security/stock_security.xml
2026-02-03 09:57:18,665 - Knowledge - INFO - Worker kw20 processing /app/data/T0002/210882/b3694rp/odoo-210882/addons/stock/wizard/wizard_partial_picking.py
2026-02-03 09:57:18,668 - Knowledge - INFO - Fast-tracked /app/data/T0002/210882/b3694rp/odoo-210882/addons/stock/report/__init__.py (ext=.py, size=1191)
2026-02-03 09:57:18,669 - Knowledge - INFO - Fast-tracked /app/data/T0002/210882/b3694rp/odoo-210882/addons/event_project/__init__.py (ext=.py, size=1084)
2026-02-03 09:57:18,672 - Knowledge - INFO - Worker kw9 processing /app/data/T0002/210882/b3694rp/odoo-210882/addons/base_module_quality/speed_test/__init__.py
2026-02-03 09:57:18,675 - Knowledge - INFO - Fast-tracked /app/data/T0002/210882/b3694rp/odoo-210882/addons/account_voucher/report/report_voucher_amount.py (small file (2006 bytes))
2026-02-03 09:57:18,683 - Knowledge - INFO - Fast-tracked /app/data/T0002/210882/b3694rp/odoo-210882/addons/delivery/delivery_view.xml (ext=.xml, size=9805)
2026-02-03 09:57:18,683 - Knowledge - INFO - Fast-tracked /app/data/T0002/210882/b3694rp/odoo-210882/addons/wiki/data/wiki_quality.xml (ext=.xml, size=39)
2026-02-03 09:57:18,690 - Knowledge - INFO - Worker kw14 processing /app/data/T0002/210882/b3694rp/odoo-210882/addons/profile_manufacturing/__terp__.py
2026-02-03 09:57:18,694 - Knowledge - INFO - Fast-tracked /app/data/T0002/210882/b3694rp/odoo-210882/addons/account_report/report/accounting_report.py (small file (2210 bytes))
2026-02-03 09:57:18,694 - Knowledge - INFO - Worker kw17 processing /app/data/T0002/210882/b3694rp/odoo-210882/addons/wiki/wiki.py
2026-02-03 09:57:18,694 - Knowledge - INFO - Fast-tracked /app/data/T0002/210882/b3694rp/odoo-210882/addons/project_retro_planning/project_retro_planning.py (small file (2458 bytes))
2026-02-03 09:57:18,696 - Knowledge - INFO - Worker kw19 processing /app/data/T0002/210882/b3694rp/odoo-210882/addons/stock/report/ups.py
2026-02-03 09:57:18,697 - Knowledge - INFO - Fast-tracked /app/data/T0002/210882/b3694rp/odoo-210882/addons/stock/security/stock_security.xml (ext=.xml, size=631)
2026-02-03 09:57:18,698 - Knowledge - INFO - Worker kw20 processing /app/data/T0002/210882/b3694rp/odoo-210882/addons/stock/wizard/inventory_merge.py
2026-02-03 09:57:18,703 - Knowledge - INFO - Worker kw13 processing /app/data/T0002/210882/b3694rp/odoo-210882/addons/account_analytic_analysis/__terp__.py
2026-02-03 09:57:18,739 - Knowledge - INFO - Fast-tracked /app/data/T0002/210882/b3694rp/odoo-210882/addons/base_module_quality/__terp__.py (small file (2048 bytes))
2026-02-03 09:57:18,741 - Knowledge - INFO - Fast-tracked /app/data/T0002/210882/b3694rp/odoo-210882/addons/base_module_quality/speed_test/__init__.py (ext=.py, size=1057)
2026-02-03 09:57:18,746 - Knowledge - INFO - Worker kw15 processing /app/data/T0002/210882/b3694rp/odoo-210882/addons/delivery/partner.py
2026-02-03 09:57:18,751 - Knowledge - INFO - Worker kw16 processing /app/data/T0002/210882/b3694rp/odoo-210882/addons/wiki/data/wiki_help.xml
2026-02-03 09:57:18,761 - Knowledge - INFO - Fast-tracked /app/data/T0002/210882/b3694rp/odoo-210882/addons/profile_manufacturing/__terp__.py (ext=.py, size=1534)
2026-02-03 09:57:18,770 - Knowledge - INFO - Worker kw17 processing /app/data/T0002/210882/b3694rp/odoo-210882/addons/wiki/__init__.py
2026-02-03 09:57:18,779 - Knowledge - INFO - Fast-tracked /app/data/T0002/210882/b3694rp/odoo-210882/addons/account_report/wizard/wizard_print_indicators.py (small file (2956 bytes))
2026-02-03 09:57:18,786 - Knowledge - INFO - Fast-tracked /app/data/T0002/210882/b3694rp/odoo-210882/addons/stock/report/ups.py (ext=.py, size=1549)
2026-02-03 09:57:18,787 - Knowledge - INFO - Worker kw18 processing /app/data/T0002/210882/b3694rp/odoo-210882/addons/stock/product.py
2026-02-03 09:57:18,794 - Knowledge - INFO - Worker kw20 processing /app/data/T0002/210882/b3694rp/odoo-210882/addons/stock/wizard/wizard_invoice_onshipping.py
2026-02-03 09:57:18,795 - Knowledge - INFO - Fast-tracked /app/data/T0002/210882/b3694rp/odoo-210882/addons/account_analytic_analysis/__terp__.py (ext=.py, size=1867)
2026-02-03 09:57:18,809 - Knowledge - INFO - Fast-tracked /app/data/T0002/210882/b3694rp/odoo-210882/addons/base_module_quality/wizard/module_quality_check.py (small file (2323 bytes))
2026-02-03 09:57:18,843 - Knowledge - INFO - Fast-tracked /app/data/T0002/210882/b3694rp/odoo-210882/addons/delivery/partner.py (ext=.py, size=1504)
2026-02-03 09:57:18,845 - Knowledge - INFO - Fast-tracked /app/data/T0002/210882/b3694rp/odoo-210882/addons/board/wizard/board_wizard.py (small file (3052 bytes))
2026-02-03 09:57:18,847 - Knowledge - INFO - Fast-tracked /app/data/T0002/210882/b3694rp/odoo-210882/addons/wiki/data/wiki_help.xml (ext=.xml, size=39)
2026-02-03 09:57:18,849 - Knowledge - INFO - Worker kw14 processing /app/data/T0002/210882/b3694rp/odoo-210882/addons/profile_manufacturing/profile_manufacturing.xml
2026-02-03 09:57:18,854 - Knowledge - INFO - Fast-tracked /app/data/T0002/210882/b3694rp/odoo-210882/addons/wiki/__init__.py (ext=.py, size=94)
2026-02-03 09:57:18,856 - Knowledge - INFO - Worker kw19 processing /app/data/T0002/210882/b3694rp/odoo-210882/addons/stock/stock_data.xml
2026-02-03 09:57:18,866 - Knowledge - INFO - Worker kw18 processing /app/data/T0002/210882/b3694rp/odoo-210882/addons/stock/report/lot_overview_all.py
2026-02-03 09:57:18,874 - Knowledge - INFO - Worker kw20 processing /app/data/T0002/210882/b3694rp/odoo-210882/addons/stock/wizard/wizard_picking_make.py
2026-02-03 09:57:18,876 - Knowledge - INFO - Fast-tracked /app/data/T0002/210882/b3694rp/odoo-210882/addons/event_project/wizard/project_wizard.py (small file (2595 bytes))
2026-02-03 09:57:18,882 - Knowledge - INFO - Fast-tracked /app/data/T0002/210882/b3694rp/odoo-210882/addons/base_module_quality/wizard/quality_save_report.py (small file (2154 bytes))
2026-02-03 09:57:18,890 - Knowledge - INFO - Worker kw16 processing /app/data/T0002/210882/b3694rp/odoo-210882/addons/wiki/data/wiki_main.xml
2026-02-03 09:57:18,890 - Knowledge - INFO - Fast-tracked /app/data/T0002/210882/b3694rp/odoo-210882/addons/profile_manufacturing/profile_manufacturing.xml (ext=.xml, size=2675)
2026-02-03 09:57:18,895 - Knowledge - INFO - Worker kw18 processing /app/data/T0002/210882/b3694rp/odoo-210882/addons/stock/report/picking.py
2026-02-03 09:57:18,895 - Knowledge - INFO - Fast-tracked /app/data/T0002/210882/b3694rp/odoo-210882/addons/stock/stock_data.xml (ext=.xml, size=6011)
2026-02-03 09:57:18,896 - Knowledge - INFO - Fast-tracked /app/data/T0002/210882/b3694rp/odoo-210882/addons/wiki/wizard/show_diff.py (small file (2060 bytes))
2026-02-03 09:57:18,945 - Knowledge - INFO - Fast-tracked /app/data/T0002/210882/b3694rp/odoo-210882/addons/event_project/wizard/event_task.py (small file (2048 bytes))
2026-02-03 09:57:18,946 - Knowledge - INFO - Fast-tracked /app/data/T0002/210882/b3694rp/odoo-210882/addons/wiki/data/wiki_main.xml (ext=.xml, size=1519)
2026-02-03 09:57:18,950 - Knowledge - INFO - Fast-tracked /app/data/T0002/210882/b3694rp/odoo-210882/addons/delivery/sale.py (small file (2196 bytes))
2026-02-03 09:57:18,955 - Knowledge - INFO - Fast-tracked /app/data/T0002/210882/b3694rp/odoo-210882/addons/stock/report/picking.py (ext=.py, size=1478)
2026-02-03 09:57:18,960 - Knowledge - INFO - Worker kw19 processing /app/data/T0002/210882/b3694rp/odoo-210882/addons/stock/product_view.xml
2026-02-03 09:57:18,971 - Knowledge - INFO - Fast-tracked /app/data/T0002/210882/b3694rp/odoo-210882/addons/event_project/event.py (small file (2665 bytes))
2026-02-03 09:57:18,972 - Knowledge - INFO - Worker kw18 processing /app/data/T0002/210882/b3694rp/odoo-210882/addons/stock/report/stock_graph.py
2026-02-03 09:57:18,974 - Knowledge - INFO - Fast-tracked /app/data/T0002/210882/b3694rp/odoo-210882/addons/stock/product_view.xml (ext=.xml, size=5128)
2026-02-03 09:57:18,990 - Knowledge - INFO - Fast-tracked /app/data/T0002/210882/b3694rp/odoo-210882/addons/stock/report/lot_overview.py (small file (2259 bytes))
2026-02-03 09:57:18,998 - Knowledge - INFO - Fast-tracked /app/data/T0002/210882/b3694rp/odoo-210882/addons/stock/__terp__.py (small file (2485 bytes))
2026-02-03 09:57:19,036 - Knowledge - INFO - Fast-tracked /app/data/T0002/210882/b3694rp/odoo-210882/addons/stock/report/lot_location.py (small file (2013 bytes))
2026-02-03 09:57:19,037 - Knowledge - INFO - Fast-tracked /app/data/T0002/210882/b3694rp/odoo-210882/addons/wiki/wizard/open_page.py (small file (2471 bytes))
2026-02-03 09:57:19,056 - Knowledge - INFO - Fast-tracked /app/data/T0002/210882/b3694rp/odoo-210882/addons/stock/wizard/wizard_location_product.py (small file (2711 bytes))
2026-02-03 09:57:19,069 - Knowledge - INFO - Fast-tracked /app/data/T0002/210882/b3694rp/odoo-210882/addons/wiki/wizard/create_menu.py (small file (2973 bytes))
2026-02-03 09:57:19,070 - Knowledge - INFO - Fast-tracked /app/data/T0002/210882/b3694rp/odoo-210882/addons/stock/report/lot_overview_all.py (small file (2283 bytes))
2026-02-03 09:57:19,283 - Knowledge - INFO - Fast-tracked /app/data/T0002/210882/b3694rp/odoo-210882/addons/stock/wizard/wizard_picking_make.py (small file (2885 bytes))
2026-02-03 09:57:19,292 - Knowledge - INFO - Processing batch of 10 files
2026-02-03 09:57:19,293 - Knowledge - INFO - process ingested knowledge for /app/data/T0002/210882/b3694rp/odoo-210882/addons/account_report/account_report.xml
2026-02-03 09:57:19,293 - Knowledge - INFO - process ingested knowledge for /app/data/T0002/210882/b3694rp/odoo-210882/addons/event_project/__terp__.py
2026-02-03 09:57:19,294 - Knowledge - INFO - process ingested knowledge for /app/data/T0002/210882/b3694rp/odoo-210882/addons/event_project/wizard/project_wizard.py
2026-02-03 09:57:19,294 - Knowledge - INFO - process ingested knowledge for /app/data/T0002/210882/b3694rp/odoo-210882/addons/event_project/wizard/event_task.py
2026-02-03 09:57:19,296 - Knowledge - INFO - process ingested knowledge for /app/data/T0002/210882/b3694rp/odoo-210882/addons/event_project/wizard/__init__.py
2026-02-03 09:57:19,297 - Knowledge - INFO - process ingested knowledge for /app/data/T0002/210882/b3694rp/odoo-210882/addons/event_project/event_wizard.xml
2026-02-03 09:57:19,297 - Knowledge - INFO - process ingested knowledge for /app/data/T0002/210882/b3694rp/odoo-210882/addons/event_project/event.py
2026-02-03 09:57:19,298 - Knowledge - INFO - process ingested knowledge for /app/data/T0002/210882/b3694rp/odoo-210882/addons/event_project/event_view.xml
2026-02-03 09:57:19,298 - Knowledge - INFO - process ingested knowledge for /app/data/T0002/210882/b3694rp/odoo-210882/addons/event_project/__init__.py
2026-02-03 09:57:19,298 - Knowledge - INFO - process ingested knowledge for /app/data/T0002/210882/b3694rp/odoo-210882/addons/account_analytic_analysis/__terp__.py
2026-02-03 09:57:36,543 - Knowledge - INFO - [WEBSOCKET] Sent: Type=progress_update, Size: 292, Duration: 0ms
2026-02-03 09:57:36,700 - Knowledge - INFO - [WEBSOCKET] Sent: Type=unknown, Size: ?, Duration: 157ms
2026-02-03 09:57:36,701 - Knowledge - INFO - Progress: 0.8% | Files: 10/1263 | Rate: 0.41 files/sec | Queue: 1063
2026-02-03 09:57:36,701 - Knowledge - INFO - [kw13] Queue=1063, InProgress=0, PendingWorkers=20/20, Completed=10/1263 (0.8%)
2026-02-03 09:57:36,780 - Knowledge - INFO - Batch sizing: calculated=10, max_allowed=10, queue=1063, active_workers=20/20
2026-02-03 09:57:36,780 - Knowledge - INFO - Async storing batch of 10 embeddings
2026-02-03 09:57:36,838 - Knowledge - INFO - Worker kw13 processing /app/data/T0002/210882/b3694rp/odoo-210882/addons/stock/wizard/wizard_inventory.py
2026-02-03 09:57:36,869 - Knowledge - INFO - Worker kw13 processing /app/data/T0002/210882/b3694rp/odoo-210882/addons/stock/wizard/wizard_track_line.py
2026-02-03 09:57:36,942 - Knowledge - INFO - Worker kw13 processing /app/data/T0002/210882/b3694rp/odoo-210882/addons/stock/wizard/inventory_merge_zero.py
2026-02-03 09:57:37,047 - Knowledge - INFO - Worker kw13 processing /app/data/T0002/210882/b3694rp/odoo-210882/addons/stock/wizard/stock_traceability.py
2026-02-03 09:57:37,158 - Knowledge - INFO - Worker kw13 processing /app/data/T0002/210882/b3694rp/odoo-210882/addons/stock/wizard/wizard_replacement.py
2026-02-03 09:57:37,259 - Knowledge - INFO - Worker kw13 processing /app/data/T0002/210882/b3694rp/odoo-210882/addons/stock/wizard/__init__.py
2026-02-03 09:57:37,448 - Knowledge - INFO - Fast-tracked /app/data/T0002/210882/b3694rp/odoo-210882/addons/stock/wizard/__init__.py (ext=.py, size=1399)
2026-02-03 09:57:37,448 - Knowledge - INFO - Worker kw13 processing /app/data/T0002/210882/b3694rp/odoo-210882/addons/stock/wizard/wizard_return.py
2026-02-03 09:57:37,555 - Knowledge - INFO - Worker kw13 processing /app/data/T0002/210882/b3694rp/odoo-210882/addons/stock/wizard/wizard_ups.py
2026-02-03 09:57:37,636 - Knowledge - INFO - Worker kw13 processing /app/data/T0002/210882/b3694rp/odoo-210882/addons/stock/product_data.xml
2026-02-03 09:57:37,656 - Knowledge - INFO - Fast-tracked /app/data/T0002/210882/b3694rp/odoo-210882/addons/stock/product_data.xml (ext=.xml, size=2191)
2026-02-03 09:57:37,667 - Knowledge - INFO - Worker kw13 processing /app/data/T0002/210882/b3694rp/odoo-210882/addons/stock/partner_view.xml
2026-02-03 09:57:37,768 - Knowledge - INFO - Fast-tracked /app/data/T0002/210882/b3694rp/odoo-210882/addons/stock/partner_view.xml (ext=.xml, size=814)
2026-02-03 09:57:37,839 - Knowledge - INFO - Async storage completed for 10 embeddings
2026-02-03 09:57:39,588 - Knowledge - INFO - Fast-tracked /app/data/T0002/210882/b3694rp/odoo-210882/addons/stock/wizard/stock_traceability.py (small file (3045 bytes))
2026-02-03 09:57:39,758 - Knowledge - INFO - Fast-tracked /app/data/T0002/210882/b3694rp/odoo-210882/addons/stock/wizard/wizard_replacement.py (small file (2251 bytes))
2026-02-03 09:57:41,114 - Knowledge - INFO - Fast-tracked /app/data/T0002/210882/b3694rp/odoo-210882/addons/stock/wizard/wizard_ups.py (small file (3045 bytes))
2026-02-03 09:57:43,155 - Knowledge - INFO - [LLM_CALL] Completed: stock_by_location.py:chunk1, Duration: 24088ms, PromptTokens: 2458, CompletionTokens: 257, Cost: $0.00035
2026-02-03 09:57:43,185 - Knowledge - INFO - done ingest for /app/data/T0002/210882/b3694rp/odoo-210882/addons/stock/report/stock_by_location.py
2026-02-03 09:57:43,190 - Knowledge - INFO - [LLM_CALL] Completed: make_index.py:chunk1, Duration: 24216ms, PromptTokens: 2324, CompletionTokens: 275, Cost: $0.00034
2026-02-03 09:57:43,252 - Knowledge - INFO - done ingest for /app/data/T0002/210882/b3694rp/odoo-210882/addons/wiki/wizard/make_index.py
2026-02-03 09:57:43,342 - Knowledge - INFO - [LLM_CALL] Completed: board.py:chunk1, Duration: 24445ms, PromptTokens: 3644, CompletionTokens: 475, Cost: $0.00055
2026-02-03 09:57:43,398 - Knowledge - INFO - done ingest for /app/data/T0002/210882/b3694rp/odoo-210882/addons/board/board.py
2026-02-03 09:57:43,905 - Knowledge - INFO - [LLM_CALL] Completed: hr_attendance.py:chunk1, Duration: 25612ms, PromptTokens: 3944, CompletionTokens: 567, Cost: $0.00062
2026-02-03 09:57:43,958 - Knowledge - INFO - done ingest for /app/data/T0002/210882/b3694rp/odoo-210882/addons/hr_attendance/hr_attendance.py
2026-02-03 09:57:44,108 - Knowledge - INFO - [LLM_CALL] Completed: bymonth.py:chunk1, Duration: 25851ms, PromptTokens: 2786, CompletionTokens: 284, Cost: $0.00039
2026-02-03 09:57:44,157 - Knowledge - INFO - done ingest for /app/data/T0002/210882/b3694rp/odoo-210882/addons/hr_attendance/report/bymonth.py
2026-02-03 09:57:44,250 - Knowledge - INFO - [LLM_CALL] Completed: profile_manufacturing.py:chunk1, Duration: 25357ms, PromptTokens: 3154, CompletionTokens: 292, Cost: $0.00043
2026-02-03 09:57:44,306 - Knowledge - INFO - done ingest for /app/data/T0002/210882/b3694rp/odoo-210882/addons/profile_manufacturing/profile_manufacturing.py
2026-02-03 09:57:44,661 - Knowledge - INFO - [LLM_CALL] Completed: open_voucher.py:chunk1, Duration: 25908ms, PromptTokens: 2858, CompletionTokens: 278, Cost: $0.00040
2026-02-03 09:57:44,673 - Knowledge - INFO - done ingest for /app/data/T0002/210882/b3694rp/odoo-210882/addons/account_voucher/wizard/open_voucher.py
2026-02-03 09:57:46,685 - Knowledge - INFO - [LLM_CALL] Completed: stock_graph.py:chunk1, Duration: 27595ms, PromptTokens: 2970, CompletionTokens: 429, Cost: $0.00047
2026-02-03 09:57:46,686 - Knowledge - INFO - done ingest for /app/data/T0002/210882/b3694rp/odoo-210882/addons/stock/report/stock_graph.py
2026-02-03 09:57:47,802 - Knowledge - INFO - Processing batch of 10 files
2026-02-03 09:57:47,842 - Knowledge - INFO - process ingested knowledge for /app/data/T0002/210882/b3694rp/odoo-210882/addons/hr_attendance/hr_attendance_demo.xml
2026-02-03 09:57:47,842 - Knowledge - INFO - process ingested knowledge for /app/data/T0002/210882/b3694rp/odoo-210882/addons/hr_attendance/__init__.py
2026-02-03 09:57:47,902 - Knowledge - INFO - process ingested knowledge for /app/data/T0002/210882/b3694rp/odoo-210882/addons/hr_attendance/hr_attendance.py
2026-02-03 09:57:47,903 - Knowledge - INFO - process ingested knowledge for /app/data/T0002/210882/b3694rp/odoo-210882/addons/hr_attendance/hr_attendance_wizard.xml
2026-02-03 09:57:47,903 - Knowledge - INFO - process ingested knowledge for /app/data/T0002/210882/b3694rp/odoo-210882/addons/report_analytic/__terp__.py
2026-02-03 09:57:47,947 - Knowledge - INFO - process ingested knowledge for /app/data/T0002/210882/b3694rp/odoo-210882/addons/report_analytic/report_analytic_view.xml
2026-02-03 09:57:47,997 - Knowledge - INFO - process ingested knowledge for /app/data/T0002/210882/b3694rp/odoo-210882/addons/report_analytic/report_analytic.py
2026-02-03 09:57:48,161 - Knowledge - INFO - process ingested knowledge for /app/data/T0002/210882/b3694rp/odoo-210882/addons/report_analytic/__init__.py
2026-02-03 09:57:48,166 - Knowledge - INFO - process ingested knowledge for /app/data/T0002/210882/b3694rp/odoo-210882/addons/report_sale/report_sale_graph.xml
2026-02-03 09:57:48,201 - Knowledge - INFO - process ingested knowledge for /app/data/T0002/210882/b3694rp/odoo-210882/addons/report_sale/__terp__.py
2026-02-03 09:57:48,544 - Knowledge - INFO - Processing batch of 10 files
2026-02-03 09:57:48,613 - Knowledge - INFO - process ingested knowledge for /app/data/T0002/210882/b3694rp/odoo-210882/addons/account_voucher/voucher_wizard.xml
2026-02-03 09:57:50,038 - Knowledge - INFO - process ingested knowledge for /app/data/T0002/210882/b3694rp/odoo-210882/addons/account_voucher/__init__.py
2026-02-03 09:57:50,088 - Knowledge - INFO - process ingested knowledge for /app/data/T0002/210882/b3694rp/odoo-210882/addons/account_voucher/account_report.xml
2026-02-03 09:57:50,088 - Knowledge - INFO - process ingested knowledge for /app/data/T0002/210882/b3694rp/odoo-210882/addons/board/__terp__.py
2026-02-03 09:57:50,147 - Knowledge - INFO - process ingested knowledge for /app/data/T0002/210882/b3694rp/odoo-210882/addons/board/wizard/__init__.py
2026-02-03 09:57:50,147 - Knowledge - INFO - process ingested knowledge for /app/data/T0002/210882/b3694rp/odoo-210882/addons/board/wizard/board_wizard.py
2026-02-03 09:57:50,147 - Knowledge - INFO - process ingested knowledge for /app/data/T0002/210882/b3694rp/odoo-210882/addons/board/board_view.xml
2026-02-03 09:57:50,153 - Knowledge - INFO - process ingested knowledge for /app/data/T0002/210882/b3694rp/odoo-210882/addons/board/__init__.py
2026-02-03 09:57:50,184 - Knowledge - INFO - process ingested knowledge for /app/data/T0002/210882/b3694rp/odoo-210882/addons/board/board.py
2026-02-03 09:57:50,279 - Knowledge - INFO - process ingested knowledge for /app/data/T0002/210882/b3694rp/odoo-210882/addons/base_module_quality/speed_test/__init__.py
2026-02-03 09:57:50,606 - Knowledge - INFO - [LLM_CALL] Completed: attendance_errors.py:chunk1, Duration: 32331ms, PromptTokens: 2806, CompletionTokens: 390, Cost: $0.00044
2026-02-03 09:57:50,642 - Knowledge - INFO - done ingest for /app/data/T0002/210882/b3694rp/odoo-210882/addons/hr_attendance/report/attendance_errors.py
2026-02-03 09:57:51,091 - Knowledge - INFO - [LLM_CALL] Completed: delivery_sale_order.py:chunk1, Duration: 32110ms, PromptTokens: 2696, CompletionTokens: 405, Cost: $0.00043
2026-02-03 09:57:51,144 - Knowledge - INFO - done ingest for /app/data/T0002/210882/b3694rp/odoo-210882/addons/delivery/wizard/delivery_sale_order.py
2026-02-03 09:57:51,701 - Knowledge - INFO - [LLM_CALL] Completed: print_attendance_error.py:chunk1, Duration: 33319ms, PromptTokens: 2398, CompletionTokens: 283, Cost: $0.00035
2026-02-03 09:57:51,706 - Knowledge - INFO - done ingest for /app/data/T0002/210882/b3694rp/odoo-210882/addons/hr_attendance/wizard/print_attendance_error.py
2026-02-03 09:57:55,753 - Knowledge - INFO - [LLM_CALL] Completed: product_stock.py:chunk1, Duration: 36662ms, PromptTokens: 2974, CompletionTokens: 534, Cost: $0.00051
2026-02-03 09:57:55,979 - Knowledge - INFO - done ingest for /app/data/T0002/210882/b3694rp/odoo-210882/addons/stock/report/product_stock.py
2026-02-03 09:57:56,059 - Knowledge - INFO - [LLM_CALL] Completed: wiki.py:chunk1, Duration: 36969ms, PromptTokens: 4192, CompletionTokens: 516, Cost: $0.00063
2026-02-03 09:57:56,193 - Knowledge - INFO - done ingest for /app/data/T0002/210882/b3694rp/odoo-210882/addons/wiki/wiki.py
2026-02-03 09:57:56,245 - Knowledge - INFO - [LLM_CALL] Completed: wizard_print_indicators_with_pdf.py:chunk1, Duration: 37379ms, PromptTokens: 2486, CompletionTokens: 446, Cost: $0.00043
2026-02-03 09:57:56,413 - Knowledge - INFO - done ingest for /app/data/T0002/210882/b3694rp/odoo-210882/addons/account_report/wizard/wizard_print_indicators_with_pdf.py
2026-02-03 09:57:59,300 - Knowledge - INFO - [LLM_CALL] Completed: sign_in_out.py:chunk1, Duration: 40932ms, PromptTokens: 5180, CompletionTokens: 397, Cost: $0.00068
2026-02-03 09:57:59,613 - Knowledge - INFO - done ingest for /app/data/T0002/210882/b3694rp/odoo-210882/addons/hr_attendance/wizard/sign_in_out.py
2026-02-03 09:58:00,556 - Knowledge - INFO - [LLM_CALL] Completed: stock.py:chunk1, Duration: 41559ms, PromptTokens: 3504, CompletionTokens: 443, Cost: $0.00053
2026-02-03 09:58:00,677 - Knowledge - INFO - done ingest for /app/data/T0002/210882/b3694rp/odoo-210882/addons/delivery/stock.py
2026-02-03 09:58:02,488 - Knowledge - INFO - [LLM_CALL] Completed: wizard_purchase_line_invoice.py:chunk1, Duration: 43705ms, PromptTokens: 3754, CompletionTokens: 310, Cost: $0.00050
2026-02-03 09:58:02,488 - Knowledge - INFO - done ingest for /app/data/T0002/210882/b3694rp/odoo-210882/addons/purchase_manual/wizard/wizard_purchase_line_invoice.py
2026-02-03 09:58:03,103 - Knowledge - INFO - [LLM_CALL] Completed: delivery.py:chunk1, Duration: 44044ms, PromptTokens: 4068, CompletionTokens: 477, Cost: $0.00060
2026-02-03 09:58:03,363 - Knowledge - INFO - done ingest for /app/data/T0002/210882/b3694rp/odoo-210882/addons/delivery/delivery.py
2026-02-03 09:58:03,797 - Knowledge - INFO - [LLM_CALL] Completed: timesheet.py:chunk1, Duration: 45615ms, PromptTokens: 3520, CompletionTokens: 309, Cost: $0.00048
2026-02-03 09:58:03,847 - Knowledge - INFO - done ingest for /app/data/T0002/210882/b3694rp/odoo-210882/addons/hr_attendance/report/timesheet.py
2026-02-03 09:58:04,642 - Knowledge - INFO - [LLM_CALL] Completed: product.py:chunk1, Duration: 45643ms, PromptTokens: 6832, CompletionTokens: 431, Cost: $0.00086
2026-02-03 09:58:04,648 - Knowledge - INFO - done ingest for /app/data/T0002/210882/b3694rp/odoo-210882/addons/stock/product.py
2026-02-03 09:58:06,869 - Knowledge - INFO - [LLM_CALL] Completed: account_analytic_analysis.py:chunk1, Duration: 47907ms, PromptTokens: 18966, CompletionTokens: 941, Cost: $0.00227
2026-02-03 09:58:06,884 - Knowledge - INFO - done ingest for /app/data/T0002/210882/b3694rp/odoo-210882/addons/account_analytic_analysis/account_analytic_analysis.py
2026-02-03 09:58:07,868 - Knowledge - INFO - [LLM_CALL] Completed: print_indicator.py:chunk1, Duration: 49206ms, PromptTokens: 6682, CompletionTokens: 509, Cost: $0.00087
2026-02-03 09:58:07,946 - Knowledge - INFO - done ingest for /app/data/T0002/210882/b3694rp/odoo-210882/addons/account_report/report/print_indicator.py
2026-02-03 09:58:07,967 - Knowledge - INFO - Processing batch of 10 files
2026-02-03 09:58:07,982 - Knowledge - INFO - [LLM_CALL] Completed: wizard_invoice_onshipping.py:chunk1, Duration: 48720ms, PromptTokens: 3166, CompletionTokens: 320, Cost: $0.00044
2026-02-03 09:58:07,994 - Knowledge - INFO - process ingested knowledge for /app/data/T0002/210882/b3694rp/odoo-210882/doc/tests/check_profile_l10n_all.py
2026-02-03 09:58:08,041 - Knowledge - INFO - done ingest for /app/data/T0002/210882/b3694rp/odoo-210882/addons/stock/wizard/wizard_invoice_onshipping.py
2026-02-03 09:58:09,292 - Knowledge - INFO - [LLM_CALL] Completed: workflow_test.py:chunk1, Duration: 50698ms, PromptTokens: 4226, CompletionTokens: 597, Cost: $0.00066
2026-02-03 09:58:09,360 - Knowledge - INFO - done ingest for /app/data/T0002/210882/b3694rp/odoo-210882/addons/base_module_quality/workflow_test/workflow_test.py
2026-02-03 09:58:10,543 - Knowledge - INFO - process ingested knowledge for /app/data/T0002/210882/b3694rp/odoo-210882/rpminstall_sh.txt
2026-02-03 09:58:11,390 - Knowledge - INFO - [LLM_CALL] Completed: wizard_split_lot_line.py:chunk1, Duration: 52304ms, PromptTokens: 2414, CompletionTokens: 319, Cost: $0.00037
2026-02-03 09:58:11,390 - Knowledge - INFO - done ingest for /app/data/T0002/210882/b3694rp/odoo-210882/addons/stock/wizard/wizard_split_lot_line.py
2026-02-03 09:58:11,943 - Knowledge - INFO - process ingested knowledge for /app/data/T0002/210882/b3694rp/odoo-210882/addons/board_crm_configuration/board_crm_demo.xml
2026-02-03 09:58:12,463 - Knowledge - INFO - [LLM_CALL] Completed: pylint_test.py:chunk1, Duration: 53768ms, PromptTokens: 3556, CompletionTokens: 387, Cost: $0.00051
2026-02-03 09:58:12,514 - Knowledge - INFO - done ingest for /app/data/T0002/210882/b3694rp/odoo-210882/addons/base_module_quality/pylint_test/pylint_test.py
2026-02-03 09:58:13,406 - Knowledge - INFO - [LLM_CALL] Completed: object_test.py:chunk1, Duration: 54739ms, PromptTokens: 5452, CompletionTokens: 572, Cost: $0.00077
2026-02-03 09:58:13,447 - Knowledge - INFO - done ingest for /app/data/T0002/210882/b3694rp/odoo-210882/addons/base_module_quality/object_test/object_test.py
2026-02-03 09:58:14,883 - Knowledge - INFO - process ingested knowledge for /app/data/T0002/210882/b3694rp/odoo-210882/addons/board_crm_configuration/board_crm_view.xml
2026-02-03 09:58:15,559 - Knowledge - INFO - Processing batch of 10 files
2026-02-03 09:58:15,559 - Knowledge - INFO - process ingested knowledge for /app/data/T0002/210882/b3694rp/odoo-210882/addons/profile_manufacturing/profile_manufacturing.py
2026-02-03 09:58:15,807 - Knowledge - INFO - [LLM_CALL] Completed: report_sale.py:chunk1, Duration: 57547ms, PromptTokens: 4512, CompletionTokens: 373, Cost: $0.00060
2026-02-03 09:58:15,808 - Knowledge - INFO - done ingest for /app/data/T0002/210882/b3694rp/odoo-210882/addons/report_sale/report_sale.py
2026-02-03 09:58:16,010 - Knowledge - INFO - process ingested knowledge for /app/data/T0002/210882/b3694rp/odoo-210882/addons/profile_manufacturing/__init__.py
2026-02-03 09:58:16,672 - Knowledge - INFO - [LLM_CALL] Completed: purchase_manual.py:chunk1, Duration: 58007ms, PromptTokens: 2380, CompletionTokens: 469, Cost: $0.00043
2026-02-03 09:58:16,673 - Knowledge - INFO - done ingest for /app/data/T0002/210882/b3694rp/odoo-210882/addons/purchase_manual/purchase_manual.py
2026-02-03 09:58:17,970 - Knowledge - INFO - [LLM_CALL] Completed: base_module_quality.py:chunk1, Duration: 59207ms, PromptTokens: 5846, CompletionTokens: 633, Cost: $0.00084
2026-02-03 09:58:17,988 - Knowledge - INFO - done ingest for /app/data/T0002/210882/b3694rp/odoo-210882/addons/base_module_quality/base_module_quality.py
2026-02-03 09:58:18,070 - Knowledge - INFO - process ingested knowledge for /app/data/T0002/210882/b3694rp/odoo-210882/addons/board_crm_configuration/board_crm_statistical_view.xml
2026-02-03 09:58:18,292 - Knowledge - INFO - Processing batch of 10 files
2026-02-03 09:58:18,293 - Knowledge - INFO - process ingested knowledge for /app/data/T0002/210882/b3694rp/odoo-210882/addons/stock/report/lot_overview.py
2026-02-03 09:58:18,305 - Knowledge - INFO - Processing batch of 10 files
2026-02-03 09:58:18,365 - Knowledge - INFO - [WEBSOCKET] Sent: Type=progress_update, Size: 293, Duration: 0ms
2026-02-03 09:58:18,366 - Knowledge - INFO - process ingested knowledge for /app/data/T0002/210882/b3694rp/odoo-210882/addons/delivery/delivery_wizard.xml
2026-02-03 09:58:18,553 - Knowledge - INFO - process ingested knowledge for /app/data/T0002/210882/b3694rp/odoo-210882/addons/delivery/delivery_data.xml
2026-02-03 09:58:18,647 - Knowledge - INFO - [LLM_CALL] Completed: voucher.py:chunk1, Duration: 59866ms, PromptTokens: 13950, CompletionTokens: 1186, Cost: $0.00187
2026-02-03 09:58:18,800 - Knowledge - INFO - done ingest for /app/data/T0002/210882/b3694rp/odoo-210882/addons/account_voucher/voucher.py
2026-02-03 09:58:18,819 - Knowledge - INFO - [WEBSOCKET] Sent: Type=unknown, Size: ?, Duration: 455ms
2026-02-03 09:58:18,820 - Knowledge - INFO - Progress: 8.5% | Files: 109/1263 | Rate: 1.71 files/sec | Queue: 1053
2026-02-03 09:58:19,299 - Knowledge - INFO - process ingested knowledge for /app/data/T0002/210882/b3694rp/odoo-210882/addons/stock/report/lot_location.py
2026-02-03 09:58:19,358 - Knowledge - INFO - process ingested knowledge for /app/data/T0002/210882/b3694rp/odoo-210882/addons/delivery/sale.py
2026-02-03 09:58:19,388 - Knowledge - INFO - [kw4] Queue=1053, InProgress=0, PendingWorkers=20/20, Completed=111/1263 (8.8%)
2026-02-03 09:58:19,411 - Knowledge - INFO - Batch sizing: calculated=10, max_allowed=10, queue=1053, active_workers=20/20
2026-02-03 09:58:19,561 - Knowledge - INFO - process ingested knowledge for /app/data/T0002/210882/b3694rp/odoo-210882/addons/delivery/stock.py
2026-02-03 09:58:19,564 - Knowledge - INFO - process ingested knowledge for /app/data/T0002/210882/b3694rp/odoo-210882/addons/board_crm_configuration/__terp__.py
2026-02-03 09:58:19,754 - Knowledge - INFO - [LLM_CALL] Completed: method_test.py:chunk1, Duration: 61008ms, PromptTokens: 2276, CompletionTokens: 370, Cost: $0.00038
2026-02-03 09:58:19,754 - Knowledge - INFO - done ingest for /app/data/T0002/210882/b3694rp/odoo-210882/addons/base_module_quality/method_test/method_test.py
2026-02-03 09:58:19,799 - Knowledge - INFO - Processing batch of 10 files
2026-02-03 09:58:19,858 - Knowledge - INFO - process ingested knowledge for /app/data/T0002/210882/b3694rp/odoo-210882/addons/wiki/__terp__.py
2026-02-03 09:58:19,859 - Knowledge - INFO - Async storing batch of 10 embeddings
2026-02-03 09:58:19,887 - Knowledge - INFO - Processing batch of 10 files
2026-02-03 09:58:19,936 - Knowledge - INFO - process ingested knowledge for /app/data/T0002/210882/b3694rp/odoo-210882/addons/stock/report/stock_by_location.py
2026-02-03 09:58:19,959 - Knowledge - INFO - process ingested knowledge for /app/data/T0002/210882/b3694rp/odoo-210882/addons/delivery/delivery.py
2026-02-03 09:58:19,975 - Knowledge - INFO - Worker kw4 processing /app/data/T0002/210882/b3694rp/odoo-210882/addons/stock/stock_view.xml
2026-02-03 09:58:19,997 - Knowledge - INFO - process ingested knowledge for /app/data/T0002/210882/b3694rp/odoo-210882/addons/account_analytic_analysis/account_analytic_analysis_view.xml
2026-02-03 09:58:19,998 - Knowledge - INFO - [kw9] Queue=1043, InProgress=0, PendingWorkers=20/20, Completed=121/1263 (9.6%)
2026-02-03 09:58:20,020 - Knowledge - INFO - process ingested knowledge for /app/data/T0002/210882/b3694rp/odoo-210882/addons/delivery/__terp__.py
2026-02-03 09:58:20,087 - Knowledge - INFO - Fast-tracked /app/data/T0002/210882/b3694rp/odoo-210882/addons/stock/stock_view.xml (ext=.xml, size=78385)
2026-02-03 09:58:20,205 - Knowledge - INFO - process ingested knowledge for /app/data/T0002/210882/b3694rp/odoo-210882/addons/wiki/wizard/show_diff.py
2026-02-03 09:58:20,237 - Knowledge - INFO - Batch sizing: calculated=10, max_allowed=10, queue=1043, active_workers=20/20
2026-02-03 09:58:20,292 - Knowledge - INFO - process ingested knowledge for /app/data/T0002/210882/b3694rp/odoo-210882/addons/board_crm_configuration/__init__.py
2026-02-03 09:58:20,294 - Knowledge - INFO - process ingested knowledge for /app/data/T0002/210882/b3694rp/odoo-210882/addons/stock/report/lot_move_label.xml
2026-02-03 09:58:20,309 - Knowledge - INFO - Worker kw4 processing /app/data/T0002/210882/b3694rp/odoo-210882/addons/stock/stock_workflow.xml
2026-02-03 09:58:20,316 - Knowledge - INFO - process ingested knowledge for /app/data/T0002/210882/b3694rp/odoo-210882/addons/delivery/delivery_demo.xml
2026-02-03 09:58:20,349 - Knowledge - INFO - process ingested knowledge for /app/data/T0002/210882/b3694rp/odoo-210882/addons/account_analytic_analysis/account_analytic_analysis.py
2026-02-03 09:58:20,442 - Knowledge - INFO - process ingested knowledge for /app/data/T0002/210882/b3694rp/odoo-210882/addons/delivery/wizard/delivery_sale_order.py
2026-02-03 09:58:20,577 - Knowledge - INFO - process ingested knowledge for /app/data/T0002/210882/b3694rp/odoo-210882/addons/hr_attendance/security/hr_security.xml
2026-02-03 09:58:20,585 - Knowledge - INFO - Async storing batch of 10 embeddings
2026-02-03 09:58:20,590 - Knowledge - INFO - process ingested knowledge for /app/data/T0002/210882/b3694rp/odoo-210882/addons/stock/report/product_stock.py
2026-02-03 09:58:20,592 - Knowledge - INFO - Fast-tracked /app/data/T0002/210882/b3694rp/odoo-210882/addons/stock/stock_workflow.xml (ext=.xml, size=5153)
2026-02-03 09:58:20,615 - Knowledge - INFO - process ingested knowledge for /app/data/T0002/210882/b3694rp/odoo-210882/addons/wiki/wizard/make_index.py
2026-02-03 09:58:20,630 - Knowledge - INFO - Processing batch of 10 files
2026-02-03 09:58:20,641 - Knowledge - INFO - process ingested knowledge for /app/data/T0002/210882/b3694rp/odoo-210882/addons/delivery/__init__.py
2026-02-03 09:58:20,647 - Knowledge - INFO - Processing batch of 10 files
2026-02-03 09:58:20,656 - Knowledge - INFO - process ingested knowledge for /app/data/T0002/210882/b3694rp/odoo-210882/addons/account_analytic_analysis/__init__.py
2026-02-03 09:58:20,677 - Knowledge - INFO - process ingested knowledge for /app/data/T0002/210882/b3694rp/odoo-210882/addons/delivery/wizard/__init__.py
2026-02-03 09:58:20,750 - Knowledge - INFO - process ingested knowledge for /app/data/T0002/210882/b3694rp/odoo-210882/addons/hr_attendance/report/bymonth.py
2026-02-03 09:58:20,837 - Knowledge - INFO - Worker kw9 processing /app/data/T0002/210882/b3694rp/odoo-210882/addons/base_iban/base_iban_view.xml
2026-02-03 09:58:20,862 - Knowledge - INFO - process ingested knowledge for /app/data/T0002/210882/b3694rp/odoo-210882/addons/stock/report/UPS.xml
2026-02-03 09:58:20,894 - Knowledge - INFO - Worker kw4 processing /app/data/T0002/210882/b3694rp/odoo-210882/addons/stock/stock_wizard.xml
2026-02-03 09:58:21,005 - Knowledge - INFO - process ingested knowledge for /app/data/T0002/210882/b3694rp/odoo-210882/addons/wiki/wizard/wizard_view.xml
2026-02-03 09:58:21,096 - Knowledge - INFO - process ingested knowledge for /app/data/T0002/210882/b3694rp/odoo-210882/addons/hr_attendance/report/__init__.py
2026-02-03 09:58:21,144 - Knowledge - INFO - process ingested knowledge for /app/data/T0002/210882/b3694rp/odoo-210882/addons/wiki/data/wiki_faq.xml
2026-02-03 09:58:21,150 - Knowledge - INFO - process ingested knowledge for /app/data/T0002/210882/b3694rp/odoo-210882/addons/wiki/data/wiki_quickstart.xml
2026-02-03 09:58:21,176 - Knowledge - INFO - process ingested knowledge for /app/data/T0002/210882/b3694rp/odoo-210882/addons/account_analytic_analysis/account_analytic_analysis_menu.xml
2026-02-03 09:58:21,238 - Knowledge - INFO - process ingested knowledge for /app/data/T0002/210882/b3694rp/odoo-210882/addons/delivery/partner_view.xml
2026-02-03 09:58:21,352 - Knowledge - INFO - process ingested knowledge for /app/data/T0002/210882/b3694rp/odoo-210882/addons/hr_attendance/report/attendance_errors.py
2026-02-03 09:58:21,580 - Knowledge - INFO - Fast-tracked /app/data/T0002/210882/b3694rp/odoo-210882/addons/stock/stock_wizard.xml (ext=.xml, size=1940)
2026-02-03 09:58:21,669 - Knowledge - INFO - process ingested knowledge for /app/data/T0002/210882/b3694rp/odoo-210882/addons/board_account/__terp__.py
2026-02-03 09:58:21,709 - Knowledge - INFO - Processing batch of 10 files
2026-02-03 09:58:21,904 - Knowledge - INFO - Fast-tracked /app/data/T0002/210882/b3694rp/odoo-210882/addons/base_iban/base_iban_view.xml (ext=.xml, size=2375)
2026-02-03 09:58:21,980 - Knowledge - INFO - Worker kw4 processing /app/data/T0002/210882/b3694rp/odoo-210882/addons/stock/partner.py
2026-02-03 09:58:22,065 - Knowledge - INFO - process ingested knowledge for /app/data/T0002/210882/b3694rp/odoo-210882/addons/base_module_quality/workflow_test/workflow_test.py
2026-02-03 09:58:22,072 - Knowledge - INFO - Worker kw9 processing /app/data/T0002/210882/b3694rp/odoo-210882/addons/base_iban/base_iban.py
2026-02-03 09:58:22,202 - Knowledge - INFO - [LLM_CALL] Completed: inventory_merge.py:chunk1, Duration: 63026ms, PromptTokens: 2190, CompletionTokens: 270, Cost: $0.00033
2026-02-03 09:58:22,300 - Knowledge - INFO - Fast-tracked /app/data/T0002/210882/b3694rp/odoo-210882/addons/stock/partner.py (ext=.py, size=1983)
2026-02-03 09:58:22,368 - Knowledge - INFO - process ingested knowledge for /app/data/T0002/210882/b3694rp/odoo-210882/addons/stock/report/__init__.py
2026-02-03 09:58:22,405 - Knowledge - INFO - process ingested knowledge for /app/data/T0002/210882/b3694rp/odoo-210882/addons/wiki/wizard/open_page.py
2026-02-03 09:58:22,454 - Knowledge - INFO - process ingested knowledge for /app/data/T0002/210882/b3694rp/odoo-210882/addons/hr_attendance/report/timesheet.py
2026-02-03 09:58:22,461 - Knowledge - INFO - process ingested knowledge for /app/data/T0002/210882/b3694rp/odoo-210882/addons/board_association/__terp__.py
2026-02-03 09:58:22,487 - Knowledge - INFO - Worker kw9 processing /app/data/T0002/210882/b3694rp/odoo-210882/addons/base_iban/__init__.py
2026-02-03 09:58:22,493 - Knowledge - INFO - done ingest for /app/data/T0002/210882/b3694rp/odoo-210882/addons/stock/wizard/inventory_merge.py
2026-02-03 09:58:22,494 - Knowledge - INFO - process ingested knowledge for /app/data/T0002/210882/b3694rp/odoo-210882/addons/delivery/delivery_view.xml
2026-02-03 09:58:22,513 - Knowledge - INFO - Worker kw4 processing /app/data/T0002/210882/b3694rp/odoo-210882/addons/stock/stock.py
2026-02-03 09:58:22,518 - Knowledge - INFO - process ingested knowledge for /app/data/T0002/210882/b3694rp/odoo-210882/addons/base_module_quality/workflow_test/__init__.py
2026-02-03 09:58:22,947 - Knowledge - INFO - Fast-tracked /app/data/T0002/210882/b3694rp/odoo-210882/addons/base_iban/__init__.py (ext=.py, size=1076)
2026-02-03 09:58:22,955 - Knowledge - INFO - [LLM_CALL] Completed: structure_test.py:chunk1, Duration: 64282ms, PromptTokens: 4464, CompletionTokens: 425, Cost: $0.00062
2026-02-03 09:58:22,974 - Knowledge - INFO - Worker kw9 processing /app/data/T0002/210882/b3694rp/odoo-210882/addons/account_followup/followup_data.xml
2026-02-03 09:58:22,989 - Knowledge - INFO - done ingest for /app/data/T0002/210882/b3694rp/odoo-210882/addons/base_module_quality/structure_test/structure_test.py
2026-02-03 09:58:23,000 - Knowledge - INFO - Worker kw4 processing /app/data/T0002/210882/b3694rp/odoo-210882/addons/stock/stock_sequence.xml
2026-02-03 09:58:23,065 - Knowledge - INFO - Fast-tracked /app/data/T0002/210882/b3694rp/odoo-210882/addons/account_followup/followup_data.xml (ext=.xml, size=418)
2026-02-03 09:58:23,090 - Knowledge - INFO - process ingested knowledge for /app/data/T0002/210882/b3694rp/odoo-210882/addons/board_account/board_account_view.xml
2026-02-03 09:58:23,176 - Knowledge - INFO - process ingested knowledge for /app/data/T0002/210882/b3694rp/odoo-210882/addons/wiki/data/wiki_quality.xml
2026-02-03 09:58:23,209 - Knowledge - INFO - process ingested knowledge for /app/data/T0002/210882/b3694rp/odoo-210882/addons/wiki/wizard/__init__.py
2026-02-03 09:58:23,242 - Knowledge - INFO - Fast-tracked /app/data/T0002/210882/b3694rp/odoo-210882/addons/stock/stock_sequence.xml (ext=.xml, size=1817)
2026-02-03 09:58:23,248 - Knowledge - INFO - process ingested knowledge for /app/data/T0002/210882/b3694rp/odoo-210882/addons/hr_attendance/hr_attendance_report.xml
2026-02-03 09:58:23,255 - Knowledge - INFO - Worker kw9 processing /app/data/T0002/210882/b3694rp/odoo-210882/addons/account_followup/report/report_followup_print.py
2026-02-03 09:58:23,337 - Knowledge - INFO - process ingested knowledge for /app/data/T0002/210882/b3694rp/odoo-210882/addons/delivery/partner.py
2026-02-03 09:58:23,382 - Knowledge - INFO - process ingested knowledge for /app/data/T0002/210882/b3694rp/odoo-210882/addons/board_association/board_association_view.xml
2026-02-03 09:58:23,387 - Knowledge - INFO - [LLM_CALL] Completed: account.py:chunk1, Duration: 64522ms, PromptTokens: 5842, CompletionTokens: 520, Cost: $0.00079
2026-02-03 09:58:23,409 - Knowledge - INFO - process ingested knowledge for /app/data/T0002/210882/b3694rp/odoo-210882/addons/base_module_quality/object_test/object_test.py
2026-02-03 09:58:23,451 - Knowledge - INFO - process ingested knowledge for /app/data/T0002/210882/b3694rp/odoo-210882/addons/stock/report/ups.py
2026-02-03 09:58:23,464 - Knowledge - INFO - Worker kw4 processing /app/data/T0002/210882/b3694rp/odoo-210882/addons/stock/__init__.py
2026-02-03 09:58:23,476 - Knowledge - INFO - process ingested knowledge for /app/data/T0002/210882/b3694rp/odoo-210882/addons/wiki/data/wiki_help.xml
2026-02-03 09:58:23,559 - Knowledge - INFO - process ingested knowledge for /app/data/T0002/210882/b3694rp/odoo-210882/addons/board_account/__init__.py
2026-02-03 09:58:23,654 - Knowledge - INFO - Worker kw9 processing /app/data/T0002/210882/b3694rp/odoo-210882/addons/account_followup/report/__init__.py
2026-02-03 09:58:23,875 - Knowledge - INFO - done ingest for /app/data/T0002/210882/b3694rp/odoo-210882/addons/account_report/account.py
2026-02-03 09:58:23,910 - Knowledge - INFO - Processing batch of 10 files
2026-02-03 09:58:24,037 - Knowledge - INFO - Fast-tracked /app/data/T0002/210882/b3694rp/odoo-210882/addons/stock/__init__.py (ext=.py, size=1159)
2026-02-03 09:58:24,106 - Knowledge - INFO - Fast-tracked /app/data/T0002/210882/b3694rp/odoo-210882/addons/account_followup/report/__init__.py (ext=.py, size=1088)
2026-02-03 09:58:24,191 - Knowledge - INFO - process ingested knowledge for /app/data/T0002/210882/b3694rp/odoo-210882/addons/hr_attendance/__terp__.py
2026-02-03 09:58:24,237 - Knowledge - INFO - process ingested knowledge for /app/data/T0002/210882/b3694rp/odoo-210882/addons/wiki/wizard/create_menu.py
2026-02-03 09:58:24,275 - Knowledge - INFO - process ingested knowledge for /app/data/T0002/210882/b3694rp/odoo-210882/addons/account_report/account_wizard.xml
2026-02-03 09:58:24,288 - Knowledge - INFO - process ingested knowledge for /app/data/T0002/210882/b3694rp/odoo-210882/addons/stock/stock_data.xml
2026-02-03 09:58:24,342 - Knowledge - INFO - Worker kw4 processing /app/data/T0002/210882/b3694rp/odoo-210882/addons/stock/stock_demo.xml
2026-02-03 09:58:24,375 - Knowledge - INFO - Worker kw9 processing /app/data/T0002/210882/b3694rp/odoo-210882/addons/account_followup/followup_report_view.xml
2026-02-03 09:58:24,404 - Knowledge - INFO - process ingested knowledge for /app/data/T0002/210882/b3694rp/odoo-210882/addons/wiki/data/wiki_main.xml
2026-02-03 09:58:24,442 - Knowledge - INFO - process ingested knowledge for /app/data/T0002/210882/b3694rp/odoo-210882/addons/board_account/board_account_demo.xml
2026-02-03 09:58:24,498 - Knowledge - INFO - Processing batch of 10 files
2026-02-03 09:58:24,511 - Knowledge - INFO - process ingested knowledge for /app/data/T0002/210882/b3694rp/odoo-210882/addons/base_module_quality/object_test/__init__.py
2026-02-03 09:58:24,852 - Knowledge - INFO - Fast-tracked /app/data/T0002/210882/b3694rp/odoo-210882/addons/stock/stock_demo.xml (ext=.xml, size=9808)
2026-02-03 09:58:24,954 - Knowledge - INFO - Fast-tracked /app/data/T0002/210882/b3694rp/odoo-210882/addons/account_followup/followup_report_view.xml (ext=.xml, size=2218)
2026-02-03 09:58:25,084 - Knowledge - INFO - process ingested knowledge for /app/data/T0002/210882/b3694rp/odoo-210882/addons/account_voucher/report/report_voucher_amount.py
2026-02-03 09:58:25,180 - Knowledge - INFO - Worker kw4 processing /app/data/T0002/210882/b3694rp/odoo-210882/addons/base_iban/base_iban_data.xml
2026-02-03 09:58:25,242 - Knowledge - INFO - Worker kw9 processing /app/data/T0002/210882/b3694rp/odoo-210882/addons/account_followup/followup_report.py
2026-02-03 09:58:25,447 - Knowledge - INFO - Fast-tracked /app/data/T0002/210882/b3694rp/odoo-210882/addons/base_iban/base_iban_data.xml (ext=.xml, size=1795)
2026-02-03 09:58:25,451 - Knowledge - INFO - [LLM_CALL] Completed: inventory_merge_zero.py:chunk1, Duration: 46453ms, PromptTokens: 2318, CompletionTokens: 294, Cost: $0.00035
2026-02-03 09:58:25,637 - Knowledge - INFO - Worker kw4 processing /app/data/T0002/210882/b3694rp/odoo-210882/addons/base_iban/__terp__.py
2026-02-03 09:58:25,659 - Knowledge - INFO - Worker kw9 processing /app/data/T0002/210882/b3694rp/odoo-210882/addons/account_followup/__terp__.py
2026-02-03 09:58:25,750 - Knowledge - INFO - done ingest for /app/data/T0002/210882/b3694rp/odoo-210882/addons/stock/wizard/inventory_merge_zero.py
2026-02-03 09:58:25,780 - Knowledge - INFO - Fast-tracked /app/data/T0002/210882/b3694rp/odoo-210882/addons/base_iban/__terp__.py (ext=.py, size=1453)
2026-02-03 09:58:26,058 - Knowledge - INFO - Worker kw9 processing /app/data/T0002/210882/b3694rp/odoo-210882/addons/account_followup/wizard/wizard_view.xml
2026-02-03 09:58:26,476 - Knowledge - INFO - Split /app/data/T0002/210882/b3694rp/odoo-210882/addons/stock/stock.py (76752 bytes) into 3 chunks of ~32KB
2026-02-03 09:58:26,479 - Knowledge - INFO - Fast-tracked /app/data/T0002/210882/b3694rp/odoo-210882/addons/account_followup/wizard/wizard_view.xml (ext=.xml, size=528)
2026-02-03 09:58:26,482 - Knowledge - INFO - Processing batch of 10 files
2026-02-03 09:58:26,665 - Knowledge - INFO - process ingested knowledge for /app/data/T0002/210882/b3694rp/odoo-210882/addons/base_module_quality/base_module_quality_wizard.xml
2026-02-03 09:58:27,136 - Knowledge - INFO - process ingested knowledge for /app/data/T0002/210882/b3694rp/odoo-210882/addons/hr_attendance/wizard/print_bymonth.py
2026-02-03 09:58:27,165 - Knowledge - INFO - process ingested knowledge for /app/data/T0002/210882/b3694rp/odoo-210882/addons/wiki/wiki_view.xml
2026-02-03 09:58:27,254 - Knowledge - INFO - Async storage completed for 10 embeddings
2026-02-03 09:58:27,355 - Knowledge - INFO - process ingested knowledge for /app/data/T0002/210882/b3694rp/odoo-210882/addons/stock/product_view.xml
2026-02-03 09:58:27,379 - Knowledge - INFO - [LLM_CALL] Completed: report_receivable.py:chunk1, Duration: 68584ms, PromptTokens: 4734, CompletionTokens: 561, Cost: $0.00070
2026-02-03 09:58:27,462 - Knowledge - INFO - process ingested knowledge for /app/data/T0002/210882/b3694rp/odoo-210882/addons/account_voucher/report/__init__.py
2026-02-03 09:58:27,879 - Knowledge - INFO - done ingest for /app/data/T0002/210882/b3694rp/odoo-210882/addons/report_account/report_receivable.py
2026-02-03 09:58:29,074 - Knowledge - INFO - Fast-tracked /app/data/T0002/210882/b3694rp/odoo-210882/addons/account_followup/__terp__.py (small file (2391 bytes))
2026-02-03 09:58:29,074 - Knowledge - INFO - Async storage completed for 10 embeddings
2026-02-03 09:58:29,383 - Knowledge - INFO - process ingested knowledge for /app/data/T0002/210882/b3694rp/odoo-210882/addons/board_association/__init__.py
2026-02-03 09:58:29,462 - Knowledge - INFO - process ingested knowledge for /app/data/T0002/210882/b3694rp/odoo-210882/addons/account_report/report/print_indicator.py
2026-02-03 09:58:29,552 - Knowledge - INFO - process ingested knowledge for /app/data/T0002/210882/b3694rp/odoo-210882/addons/wiki/wiki.py
2026-02-03 09:58:30,573 - Knowledge - INFO - [LLM_CALL] Completed: report_stock.py:chunk1, Duration: 71615ms, PromptTokens: 2298, CompletionTokens: 294, Cost: $0.00035
2026-02-03 09:58:30,660 - Knowledge - INFO - process ingested knowledge for /app/data/T0002/210882/b3694rp/odoo-210882/addons/base_module_quality/pylint_test/pylint_test_config.txt
2026-02-03 09:58:30,660 - Knowledge - INFO - done ingest for /app/data/T0002/210882/b3694rp/odoo-210882/addons/stock/report_stock.py
2026-02-03 09:58:30,763 - Knowledge - INFO - process ingested knowledge for /app/data/T0002/210882/b3694rp/odoo-210882/addons/account_voucher/account_view.xml
2026-02-03 09:58:30,844 - Knowledge - INFO - process ingested knowledge for /app/data/T0002/210882/b3694rp/odoo-210882/addons/hr_attendance/wizard/print_byweek.py
2026-02-03 09:58:30,939 - Knowledge - INFO - [LLM_CALL] Completed: wizard_inventory.py:chunk1, Duration: 52995ms, PromptTokens: 2690, CompletionTokens: 325, Cost: $0.00040
2026-02-03 09:58:31,072 - Knowledge - INFO - process ingested knowledge for /app/data/T0002/210882/b3694rp/odoo-210882/addons/base_module_quality/__terp__.py
2026-02-03 09:58:31,282 - Knowledge - INFO - done ingest for /app/data/T0002/210882/b3694rp/odoo-210882/addons/stock/wizard/wizard_inventory.py
2026-02-03 09:58:33,159 - Knowledge - INFO - process ingested knowledge for /app/data/T0002/210882/b3694rp/odoo-210882/addons/board_association/board_association_demo.xml
2026-02-03 09:58:33,171 - Knowledge - INFO - process ingested knowledge for /app/data/T0002/210882/b3694rp/odoo-210882/addons/account_report/report/accounting_report.py
2026-02-03 09:58:33,180 - Knowledge - INFO - process ingested knowledge for /app/data/T0002/210882/b3694rp/odoo-210882/addons/stock/report_stock_view.xml
2026-02-03 09:58:33,955 - Knowledge - INFO - process ingested knowledge for /app/data/T0002/210882/b3694rp/odoo-210882/addons/account_voucher/__terp__.py
2026-02-03 09:58:36,857 - Knowledge - INFO - process ingested knowledge for /app/data/T0002/210882/b3694rp/odoo-210882/addons/profile_manufacturing/__terp__.py
2026-02-03 09:58:36,864 - Knowledge - INFO - process ingested knowledge for /app/data/T0002/210882/b3694rp/odoo-210882/addons/account_report/report/__init__.py
2026-02-03 09:58:36,954 - Knowledge - INFO - process ingested knowledge for /app/data/T0002/210882/b3694rp/odoo-210882/addons/stock/security/stock_security.xml
2026-02-03 09:58:38,659 - Knowledge - INFO - process ingested knowledge for /app/data/T0002/210882/b3694rp/odoo-210882/addons/account_voucher/wizard/open_voucher.py
2026-02-03 09:58:38,757 - Knowledge - INFO - process ingested knowledge for /app/data/T0002/210882/b3694rp/odoo-210882/addons/hr_attendance/wizard/sign_in_out.py
2026-02-03 09:58:40,754 - Knowledge - INFO - [LLM_CALL] Completed: wizard_track_line.py:chunk1, Duration: 62302ms, PromptTokens: 3336, CompletionTokens: 369, Cost: $0.00048
2026-02-03 09:58:40,769 - Knowledge - INFO - done ingest for /app/data/T0002/210882/b3694rp/odoo-210882/addons/stock/wizard/wizard_track_line.py
2026-02-03 09:58:40,837 - Knowledge - INFO - process ingested knowledge for /app/data/T0002/210882/b3694rp/odoo-210882/addons/base_module_quality/pylint_test/pylint_test.py
2026-02-03 09:58:40,963 - Knowledge - INFO - process ingested knowledge for /app/data/T0002/210882/b3694rp/odoo-210882/addons/wiki/__init__.py
2026-02-03 09:58:41,258 - Knowledge - INFO - process ingested knowledge for /app/data/T0002/210882/b3694rp/odoo-210882/addons/base_module_quality/wizard/module_quality_check.py
2026-02-03 09:58:41,350 - Knowledge - INFO - [LLM_CALL] Completed: speed_test.py:chunk1, Duration: 82752ms, PromptTokens: 3840, CompletionTokens: 491, Cost: $0.00058
2026-02-03 09:58:41,350 - Knowledge - INFO - process ingested knowledge for /app/data/T0002/210882/b3694rp/odoo-210882/addons/account_report/account_view.xml
2026-02-03 09:58:41,379 - Knowledge - INFO - done ingest for /app/data/T0002/210882/b3694rp/odoo-210882/addons/base_module_quality/speed_test/speed_test.py
2026-02-03 09:58:42,146 - Knowledge - INFO - process ingested knowledge for /app/data/T0002/210882/b3694rp/odoo-210882/addons/account_voucher/wizard/__init__.py
2026-02-03 09:58:43,456 - Knowledge - INFO - process ingested knowledge for /app/data/T0002/210882/b3694rp/odoo-210882/addons/base_module_quality/pylint_test/__init__.py
2026-02-03 09:58:43,690 - Knowledge - INFO - process ingested knowledge for /app/data/T0002/210882/b3694rp/odoo-210882/addons/profile_manufacturing/profile_manufacturing.xml
2026-02-03 09:58:44,352 - Knowledge - INFO - [LLM_CALL] Completed: wizard_partial_picking.py:chunk1, Duration: 85203ms, PromptTokens: 5632, CompletionTokens: 597, Cost: $0.00080
2026-02-03 09:58:44,352 - Knowledge - INFO - done ingest for /app/data/T0002/210882/b3694rp/odoo-210882/addons/stock/wizard/wizard_partial_picking.py
2026-02-03 09:58:45,160 - Knowledge - INFO - process ingested knowledge for /app/data/T0002/210882/b3694rp/odoo-210882/addons/base_module_quality/wizard/quality_save_report.py
2026-02-03 09:58:45,169 - Knowledge - INFO - process ingested knowledge for /app/data/T0002/210882/b3694rp/odoo-210882/addons/account_report/__terp__.py
2026-02-03 09:58:45,263 - Knowledge - INFO - process ingested knowledge for /app/data/T0002/210882/b3694rp/odoo-210882/addons/hr_attendance/wizard/print_attendance_error.py
2026-02-03 09:58:45,458 - Knowledge - INFO - process ingested knowledge for /app/data/T0002/210882/b3694rp/odoo-210882/addons/account_voucher/voucher_view.xml
2026-02-03 09:58:45,549 - Knowledge - INFO - process ingested knowledge for /app/data/T0002/210882/b3694rp/odoo-210882/addons/stock/product.py
2026-02-03 09:58:46,461 - Knowledge - INFO - [LLM_CALL] Completed: wizard_return.py:chunk1, Duration: 66363ms, PromptTokens: 3492, CompletionTokens: 468, Cost: $0.00054
2026-02-03 09:58:46,682 - Knowledge - INFO - done ingest for /app/data/T0002/210882/b3694rp/odoo-210882/addons/stock/wizard/wizard_return.py
2026-02-03 09:58:47,445 - Knowledge - INFO - [LLM_CALL] Completed: rml_parse.py:chunk1, Duration: 89078ms, PromptTokens: 3290, CompletionTokens: 695, Cost: $0.00061
2026-02-03 09:58:47,460 - Knowledge - INFO - done ingest for /app/data/T0002/210882/b3694rp/odoo-210882/addons/account_voucher/report/rml_parse.py
2026-02-03 09:58:47,762 - Knowledge - INFO - [LLM_CALL] Completed: terp_test.py:chunk1, Duration: 88916ms, PromptTokens: 4090, CompletionTokens: 455, Cost: $0.00059
2026-02-03 09:58:47,767 - Knowledge - INFO - done ingest for /app/data/T0002/210882/b3694rp/odoo-210882/addons/base_module_quality/terp_test/terp_test.py
2026-02-03 09:58:48,078 - Knowledge - INFO - process ingested knowledge for /app/data/T0002/210882/b3694rp/odoo-210882/addons/base_module_quality/wizard/__init__.py
2026-02-03 09:58:48,580 - Knowledge - INFO - process ingested knowledge for /app/data/T0002/210882/b3694rp/odoo-210882/addons/base_module_quality/base_module_quality.py
2026-02-03 09:58:48,595 - Knowledge - INFO - process ingested knowledge for /app/data/T0002/210882/b3694rp/odoo-210882/addons/hr_attendance/wizard/__init__.py
2026-02-03 09:58:48,601 - Knowledge - INFO - process ingested knowledge for /app/data/T0002/210882/b3694rp/odoo-210882/addons/stock/report/lot_overview_all.py
2026-02-03 09:58:50,105 - Knowledge - INFO - process ingested knowledge for /app/data/T0002/210882/b3694rp/odoo-210882/addons/account_report/wizard/wizard_print_indicators.py
2026-02-03 09:58:50,111 - Knowledge - INFO - process ingested knowledge for /app/data/T0002/210882/b3694rp/odoo-210882/addons/base_module_quality/base_module_quality_view.xml
2026-02-03 09:58:50,773 - Knowledge - INFO - process ingested knowledge for /app/data/T0002/210882/b3694rp/odoo-210882/addons/purchase_manual/__terp__.py
2026-02-03 09:58:50,786 - Knowledge - INFO - process ingested knowledge for /app/data/T0002/210882/b3694rp/odoo-210882/addons/account_voucher/voucher_workflow.xml
2026-02-03 09:58:50,802 - Knowledge - INFO - process ingested knowledge for /app/data/T0002/210882/b3694rp/odoo-210882/addons/hr_attendance/hr_attendance_view.xml
2026-02-03 09:58:50,874 - Knowledge - INFO - [LLM_CALL] Completed: base_iban.py:chunk1, Duration: 24093ms, PromptTokens: 3210, CompletionTokens: 524, Cost: $0.00053
2026-02-03 09:58:50,875 - Knowledge - INFO - done ingest for /app/data/T0002/210882/b3694rp/odoo-210882/addons/base_iban/base_iban.py
2026-02-03 09:58:50,970 - Knowledge - INFO - done ingest for /app/data/T0002/210882/b3694rp/odoo-210882/addons/account_voucher/account.py
2026-02-03 09:58:52,269 - Knowledge - INFO - [LLM_CALL] Completed: analytic_user_function.py:chunk1, Duration: 93988ms, PromptTokens: 3804, CompletionTokens: 593, Cost: $0.00062
2026-02-03 09:58:52,269 - Knowledge - INFO - done ingest for /app/data/T0002/210882/b3694rp/odoo-210882/addons/analytic_user_function/analytic_user_function.py
2026-02-03 09:58:52,765 - Knowledge - INFO - process ingested knowledge for /app/data/T0002/210882/b3694rp/odoo-210882/addons/account_report/wizard/__init__.py
2026-02-03 09:58:53,156 - Knowledge - INFO - [LLM_CALL] Completed: pep8_test.py:chunk1, Duration: 94379ms, PromptTokens: 6404, CompletionTokens: 590, Cost: $0.00088
2026-02-03 09:58:53,159 - Knowledge - INFO - done ingest for /app/data/T0002/210882/b3694rp/odoo-210882/addons/base_module_quality/pep8_test/pep8_test.py
2026-02-03 09:58:53,982 - Knowledge - INFO - process ingested knowledge for /app/data/T0002/210882/b3694rp/odoo-210882/addons/purchase_manual/wizard/wizard_purchase_line_invoice.py
2026-02-03 09:58:54,004 - Knowledge - INFO - process ingested knowledge for /app/data/T0002/210882/b3694rp/odoo-210882/addons/stock/report/picking.py
2026-02-03 09:58:55,371 - Knowledge - INFO - process ingested knowledge for /app/data/T0002/210882/b3694rp/odoo-210882/addons/account_report/wizard/wizard_print_indicators_with_pdf.py
2026-02-03 09:58:55,548 - Knowledge - INFO - [LLM_CALL] Completed: setup.py:chunk1, Duration: 97883ms, PromptTokens: 5432, CompletionTokens: 494, Cost: $0.00074
2026-02-03 09:58:55,557 - Knowledge - INFO - done ingest for /app/data/T0002/210882/b3694rp/odoo-210882/setup.py
2026-02-03 09:58:56,066 - Knowledge - INFO - [LLM_CALL] Completed: post-tiny.py:chunk1, Duration: 98326ms, PromptTokens: 2566, CompletionTokens: 233, Cost: $0.00035
2026-02-03 09:58:56,067 - Knowledge - INFO - done ingest for /app/data/T0002/210882/b3694rp/odoo-210882/doc/migrate/3.4.0-4.0.0/post-tiny.py
2026-02-03 09:58:56,654 - Knowledge - INFO - process ingested knowledge for /app/data/T0002/210882/b3694rp/odoo-210882/addons/account_voucher/voucher.py
2026-02-03 09:58:56,672 - Knowledge - INFO - process ingested knowledge for /app/data/T0002/210882/b3694rp/odoo-210882/addons/purchase_manual/wizard/__init__.py
2026-02-03 09:58:57,548 - Knowledge - INFO - [LLM_CALL] Completed: pre.py:chunk1, Duration: 99407ms, PromptTokens: 2968, CompletionTokens: 303, Cost: $0.00042
2026-02-03 09:58:57,566 - Knowledge - INFO - done ingest for /app/data/T0002/210882/b3694rp/odoo-210882/doc/migrate/3.3.0-3.4.0/pre.py
2026-02-03 09:58:57,844 - Knowledge - INFO - process ingested knowledge for /app/data/T0002/210882/b3694rp/odoo-210882/addons/account_report/__init__.py
2026-02-03 09:58:58,754 - Knowledge - INFO - [WEBSOCKET] Sent: Type=progress_update, Size: 295, Duration: 0ms
2026-02-03 09:58:58,836 - Knowledge - INFO - process ingested knowledge for /app/data/T0002/210882/b3694rp/odoo-210882/addons/stock/report/stock_graph.py
2026-02-03 09:58:58,846 - Knowledge - INFO - process ingested knowledge for /app/data/T0002/210882/b3694rp/odoo-210882/addons/purchase_manual/purchase_manual_view.xml
2026-02-03 09:58:58,859 - Knowledge - INFO - [WEBSOCKET] Sent: Type=unknown, Size: ?, Duration: 105ms
2026-02-03 09:58:59,258 - Knowledge - INFO - Progress: 13.1% | Files: 166/1263 | Rate: 1.68 files/sec | Queue: 1033
2026-02-03 09:58:59,555 - Knowledge - INFO - [LLM_CALL] Completed: stock.py:chunk1, Duration: 33078ms, PromptTokens: 15488, CompletionTokens: 1037, Cost: $0.00196
2026-02-03 09:59:02,357 - Knowledge - INFO - process ingested knowledge for /app/data/T0002/210882/b3694rp/odoo-210882/addons/base_module_quality/__init__.py
2026-02-03 09:59:04,337 - Knowledge - INFO - done ingest for /app/data/T0002/210882/b3694rp/odoo-210882/doc/migrate/3.4.0-4.0.0/pre.py
2026-02-03 09:59:04,838 - Knowledge - INFO - process ingested knowledge for /app/data/T0002/210882/b3694rp/odoo-210882/addons/account_voucher/voucher_sequence.xml
2026-02-03 09:59:05,043 - Knowledge - INFO - process ingested knowledge for /app/data/T0002/210882/b3694rp/odoo-210882/addons/purchase_manual/__init__.py
2026-02-03 09:59:10,753 - Knowledge - INFO - [LLM_CALL] Completed: post.py:chunk1, Duration: 112961ms, PromptTokens: 3570, CompletionTokens: 508, Cost: $0.00056
2026-02-03 09:59:10,836 - Knowledge - INFO - done ingest for /app/data/T0002/210882/b3694rp/odoo-210882/doc/migrate/3.3.0-3.4.0/post.py
2026-02-03 09:59:11,047 - Knowledge - INFO - [kw2] Queue=1033, InProgress=0, PendingWorkers=20/20, Completed=172/1263 (13.6%)
2026-02-03 09:59:11,056 - Knowledge - INFO - Batch sizing: calculated=10, max_allowed=10, queue=1033, active_workers=20/20
2026-02-03 09:59:11,559 - Knowledge - INFO - [LLM_CALL] Completed: report_followup_print.py:chunk1, Duration: 43612ms, PromptTokens: 2814, CompletionTokens: 482, Cost: $0.00047
2026-02-03 09:59:11,636 - Knowledge - INFO - done ingest for /app/data/T0002/210882/b3694rp/odoo-210882/addons/account_followup/report/report_followup_print.py
2026-02-03 09:59:12,251 - Knowledge - INFO - [LLM_CALL] Completed: followup_report.py:chunk1, Duration: 43676ms, PromptTokens: 2212, CompletionTokens: 320, Cost: $0.00035
2026-02-03 09:59:12,267 - Knowledge - INFO - done ingest for /app/data/T0002/210882/b3694rp/odoo-210882/addons/account_followup/followup_report.py
2026-02-03 09:59:12,661 - Knowledge - INFO - [LLM_CALL] Completed: pre-tiny.py:chunk1, Duration: 114546ms, PromptTokens: 4934, CompletionTokens: 251, Cost: $0.00059
2026-02-03 09:59:12,745 - Knowledge - INFO - done ingest for /app/data/T0002/210882/b3694rp/odoo-210882/doc/migrate/4.0.0-4.2.0/tiny/pre-tiny.py
2026-02-03 09:59:12,751 - Knowledge - INFO - Processing batch of 10 files
2026-02-03 09:59:12,774 - Knowledge - INFO - process ingested knowledge for /app/data/T0002/210882/b3694rp/odoo-210882/addons/purchase_manual/purchase_manual_wizard.xml
2026-02-03 09:59:17,673 - Knowledge - INFO - done ingest for /app/data/T0002/210882/b3694rp/odoo-210882/doc/migrate/3.4.0-4.0.0/pre-tiny.py
2026-02-03 09:59:18,647 - Knowledge - INFO - Async storing batch of 10 embeddings
2026-02-03 09:59:18,655 - Knowledge - INFO - Worker kw2 processing /app/data/T0002/210882/b3694rp/odoo-210882/addons/account_followup/wizard/wizard_followup_print.py
2026-02-03 09:59:18,742 - Knowledge - INFO - Worker kw2 processing /app/data/T0002/210882/b3694rp/odoo-210882/addons/account_followup/wizard/__init__.py
2026-02-03 09:59:18,763 - Knowledge - INFO - Fast-tracked /app/data/T0002/210882/b3694rp/odoo-210882/addons/account_followup/wizard/__init__.py (ext=.py, size=1088)
2026-02-03 09:59:18,771 - Knowledge - INFO - Worker kw2 processing /app/data/T0002/210882/b3694rp/odoo-210882/addons/account_followup/followup_view.xml
2026-02-03 09:59:18,849 - Knowledge - INFO - Fast-tracked /app/data/T0002/210882/b3694rp/odoo-210882/addons/account_followup/followup_view.xml (ext=.xml, size=7865)
2026-02-03 09:59:18,861 - Knowledge - INFO - Worker kw2 processing /app/data/T0002/210882/b3694rp/odoo-210882/addons/account_followup/followup_demo.xml
2026-02-03 09:59:18,945 - Knowledge - INFO - Fast-tracked /app/data/T0002/210882/b3694rp/odoo-210882/addons/account_followup/followup_demo.xml (ext=.xml, size=3189)
2026-02-03 09:59:18,954 - Knowledge - INFO - Worker kw2 processing /app/data/T0002/210882/b3694rp/odoo-210882/addons/account_followup/__init__.py
2026-02-03 09:59:19,050 - Knowledge - INFO - Fast-tracked /app/data/T0002/210882/b3694rp/odoo-210882/addons/account_followup/__init__.py (ext=.py, size=1126)
2026-02-03 09:59:19,056 - Knowledge - INFO - Worker kw2 processing /app/data/T0002/210882/b3694rp/odoo-210882/addons/account_followup/followup.py
2026-02-03 09:59:19,163 - Knowledge - INFO - Worker kw2 processing /app/data/T0002/210882/b3694rp/odoo-210882/addons/stock_location/__terp__.py
2026-02-03 09:59:19,261 - Knowledge - INFO - Fast-tracked /app/data/T0002/210882/b3694rp/odoo-210882/addons/stock_location/__terp__.py (ext=.py, size=1877)
2026-02-03 09:59:19,262 - Knowledge - INFO - [kw15] Queue=1023, InProgress=0, PendingWorkers=20/20, Completed=176/1263 (13.9%)
2026-02-03 09:59:19,287 - Knowledge - INFO - process ingested knowledge for /app/data/T0002/210882/b3694rp/odoo-210882/addons/purchase_manual/purchase_manual.py
2026-02-03 09:59:19,347 - Knowledge - INFO - Worker kw2 processing /app/data/T0002/210882/b3694rp/odoo-210882/addons/stock_location/stock_view.xml
2026-02-03 09:59:19,440 - Knowledge - INFO - Batch sizing: calculated=10, max_allowed=10, queue=1023, active_workers=20/20
2026-02-03 09:59:19,563 - Knowledge - INFO - Fast-tracked /app/data/T0002/210882/b3694rp/odoo-210882/addons/stock_location/stock_view.xml (ext=.xml, size=2345)
2026-02-03 09:59:19,665 - Knowledge - INFO - Worker kw2 processing /app/data/T0002/210882/b3694rp/odoo-210882/addons/stock_location/stock.py
2026-02-03 09:59:19,748 - Knowledge - INFO - Worker kw2 processing /app/data/T0002/210882/b3694rp/odoo-210882/addons/stock_location/__init__.py
2026-02-03 09:59:19,867 - Knowledge - INFO - Fast-tracked /app/data/T0002/210882/b3694rp/odoo-210882/addons/stock_location/__init__.py (ext=.py, size=1071)
2026-02-03 09:59:20,283 - Knowledge - INFO - Fast-tracked /app/data/T0002/210882/b3694rp/odoo-210882/addons/account_followup/followup.py (small file (2907 bytes))
2026-02-03 09:59:20,562 - Knowledge - INFO - Async storage completed for 10 embeddings
2026-02-03 09:59:22,857 - Knowledge - INFO - done ingest for /app/data/T0002/210882/b3694rp/odoo-210882/doc/migrate/3.4.0-4.0.0/post.py
2026-02-03 09:59:24,871 - Knowledge - INFO - [LLM_CALL] Completed: stock.py:chunk2, Duration: 25297ms, PromptTokens: 16944, CompletionTokens: 1043, Cost: $0.00211
2026-02-03 09:59:25,354 - Knowledge - INFO - done ingest for /app/data/T0002/210882/b3694rp/odoo-210882/doc/migrate/4.0.0-4.2.0/pre.py
2026-02-03 09:59:27,670 - Knowledge - INFO - done ingest for /app/data/T0002/210882/b3694rp/odoo-210882/doc/migrate/4.2.0-4.4.0/pre.py
2026-02-03 09:59:27,765 - Knowledge - INFO - process ingested knowledge for /app/data/T0002/210882/b3694rp/odoo-210882/addons/project_retro_planning/__terp__.py
2026-02-03 09:59:27,772 - Knowledge - INFO - Async storing batch of 10 embeddings
2026-02-03 09:59:27,772 - Knowledge - INFO - Worker kw15 processing /app/data/T0002/210882/b3694rp/odoo-210882/addons/account_tax_include/__terp__.py
2026-02-03 09:59:27,859 - Knowledge - INFO - Fast-tracked /app/data/T0002/210882/b3694rp/odoo-210882/addons/account_tax_include/__terp__.py (ext=.py, size=1616)
2026-02-03 09:59:27,859 - Knowledge - INFO - Worker kw15 processing /app/data/T0002/210882/b3694rp/odoo-210882/addons/account_tax_include/invoice_tax_incl.py
2026-02-03 09:59:28,064 - Knowledge - INFO - Worker kw15 processing /app/data/T0002/210882/b3694rp/odoo-210882/addons/account_tax_include/invoice_tax_incl.xml
2026-02-03 09:59:28,163 - Knowledge - INFO - Fast-tracked /app/data/T0002/210882/b3694rp/odoo-210882/addons/account_tax_include/invoice_tax_incl.xml (ext=.xml, size=3907)
2026-02-03 09:59:28,164 - Knowledge - INFO - Worker kw15 processing /app/data/T0002/210882/b3694rp/odoo-210882/addons/account_tax_include/__init__.py
2026-02-03 09:59:28,251 - Knowledge - INFO - Fast-tracked /app/data/T0002/210882/b3694rp/odoo-210882/addons/account_tax_include/__init__.py (ext=.py, size=1083)
2026-02-03 09:59:28,349 - Knowledge - INFO - Worker kw15 processing /app/data/T0002/210882/b3694rp/odoo-210882/addons/board_sale/__terp__.py
2026-02-03 09:59:28,441 - Knowledge - INFO - Fast-tracked /app/data/T0002/210882/b3694rp/odoo-210882/addons/board_sale/__terp__.py (ext=.py, size=1654)
2026-02-03 09:59:28,441 - Knowledge - INFO - Worker kw15 processing /app/data/T0002/210882/b3694rp/odoo-210882/addons/board_sale/board_sale_view.xml
2026-02-03 09:59:28,540 - Knowledge - INFO - Fast-tracked /app/data/T0002/210882/b3694rp/odoo-210882/addons/board_sale/board_sale_view.xml (ext=.xml, size=2163)
2026-02-03 09:59:28,554 - Knowledge - INFO - Worker kw15 processing /app/data/T0002/210882/b3694rp/odoo-210882/addons/board_sale/__init__.py
2026-02-03 09:59:28,644 - Knowledge - INFO - Fast-tracked /app/data/T0002/210882/b3694rp/odoo-210882/addons/board_sale/__init__.py (ext=.py, size=1059)
2026-02-03 09:59:28,657 - Knowledge - INFO - Worker kw15 processing /app/data/T0002/210882/b3694rp/odoo-210882/addons/board_sale/board_sale_demo.xml
2026-02-03 09:59:28,760 - Knowledge - INFO - Fast-tracked /app/data/T0002/210882/b3694rp/odoo-210882/addons/board_sale/board_sale_demo.xml (ext=.xml, size=528)
2026-02-03 09:59:28,760 - Knowledge - INFO - Worker kw15 processing /app/data/T0002/210882/b3694rp/odoo-210882/addons/purchase_analytic_plans/__terp__.py
2026-02-03 09:59:28,837 - Knowledge - INFO - Fast-tracked /app/data/T0002/210882/b3694rp/odoo-210882/addons/purchase_analytic_plans/__terp__.py (ext=.py, size=1595)
2026-02-03 09:59:28,840 - Knowledge - INFO - Worker kw15 processing /app/data/T0002/210882/b3694rp/odoo-210882/addons/purchase_analytic_plans/purchase_analytic_plans_view.xml
2026-02-03 09:59:28,873 - Knowledge - INFO - Fast-tracked /app/data/T0002/210882/b3694rp/odoo-210882/addons/purchase_analytic_plans/purchase_analytic_plans_view.xml (ext=.xml, size=539)
2026-02-03 09:59:29,165 - Knowledge - INFO - Async storage completed for 10 embeddings
2026-02-03 09:59:34,753 - Knowledge - INFO - [LLM_CALL] Completed: stock.py:chunk1, Duration: 14380ms, PromptTokens: 2232, CompletionTokens: 343, Cost: $0.00036
2026-02-03 09:59:34,759 - Knowledge - INFO - done ingest for /app/data/T0002/210882/b3694rp/odoo-210882/addons/stock_location/stock.py
2026-02-03 09:59:35,844 - Knowledge - INFO - process ingested knowledge for /app/data/T0002/210882/b3694rp/odoo-210882/addons/project_retro_planning/__init__.py
2026-02-03 09:59:38,441 - Knowledge - INFO - [LLM_CALL] Completed: wizard_followup_print.py:chunk1, Duration: 18399ms, PromptTokens: 7642, CompletionTokens: 420, Cost: $0.00093
2026-02-03 09:59:38,456 - Knowledge - INFO - done ingest for /app/data/T0002/210882/b3694rp/odoo-210882/addons/account_followup/wizard/wizard_followup_print.py
2026-02-03 09:59:38,974 - Knowledge - INFO - [kw16] Queue=1013, InProgress=0, PendingWorkers=20/20, Completed=191/1263 (15.1%)
2026-02-03 09:59:38,980 - Knowledge - INFO - Batch sizing: calculated=10, max_allowed=10, queue=1013, active_workers=20/20
2026-02-03 09:59:39,953 - Knowledge - INFO - process ingested knowledge for /app/data/T0002/210882/b3694rp/odoo-210882/addons/project_retro_planning/project_retro_planning.py
2026-02-03 09:59:41,679 - Knowledge - INFO - Processing batch of 10 files
2026-02-03 09:59:41,742 - Knowledge - INFO - Processing batch of 10 files
2026-02-03 09:59:41,742 - Knowledge - INFO - process ingested knowledge for /app/data/T0002/210882/b3694rp/odoo-210882/addons/stock/report_stock.py
2026-02-03 09:59:41,765 - Knowledge - INFO - process ingested knowledge for /app/data/T0002/210882/b3694rp/odoo-210882/addons/report_sale/report_sale_view.xml
2026-02-03 09:59:43,376 - Knowledge - INFO - [LLM_CALL] Completed: invoice_tax_incl.py:chunk1, Duration: 14408ms, PromptTokens: 6234, CompletionTokens: 581, Cost: $0.00086
2026-02-03 09:59:43,436 - Knowledge - INFO - done ingest for /app/data/T0002/210882/b3694rp/odoo-210882/addons/account_tax_include/invoice_tax_incl.py
2026-02-03 09:59:44,348 - Knowledge - INFO - Async storing batch of 10 embeddings
2026-02-03 09:59:44,357 - Knowledge - INFO - Worker kw16 processing /app/data/T0002/210882/b3694rp/odoo-210882/addons/purchase_analytic_plans/purchase_analytic_plans.py
2026-02-03 09:59:44,369 - Knowledge - INFO - Fast-tracked /app/data/T0002/210882/b3694rp/odoo-210882/addons/purchase_analytic_plans/purchase_analytic_plans.py (ext=.py, size=1744)
2026-02-03 09:59:44,443 - Knowledge - INFO - Worker kw16 processing /app/data/T0002/210882/b3694rp/odoo-210882/addons/purchase_analytic_plans/__init__.py
2026-02-03 09:59:44,450 - Knowledge - INFO - Fast-tracked /app/data/T0002/210882/b3694rp/odoo-210882/addons/purchase_analytic_plans/__init__.py (ext=.py, size=1223)
2026-02-03 09:59:44,450 - Knowledge - INFO - Worker kw16 processing /app/data/T0002/210882/b3694rp/odoo-210882/addons/membership/membership_data.xml
2026-02-03 09:59:44,544 - Knowledge - INFO - Fast-tracked /app/data/T0002/210882/b3694rp/odoo-210882/addons/membership/membership_data.xml (ext=.xml, size=838)
2026-02-03 09:59:44,550 - Knowledge - INFO - Worker kw16 processing /app/data/T0002/210882/b3694rp/odoo-210882/addons/membership/__terp__.py
2026-02-03 09:59:44,571 - Knowledge - INFO - Fast-tracked /app/data/T0002/210882/b3694rp/odoo-210882/addons/membership/__terp__.py (ext=.py, size=1989)
2026-02-03 09:59:44,642 - Knowledge - INFO - Worker kw16 processing /app/data/T0002/210882/b3694rp/odoo-210882/addons/membership/wizard/__init__.py
2026-02-03 09:59:44,664 - Knowledge - INFO - Fast-tracked /app/data/T0002/210882/b3694rp/odoo-210882/addons/membership/wizard/__init__.py (ext=.py, size=1084)
2026-02-03 09:59:44,736 - Knowledge - INFO - Worker kw16 processing /app/data/T0002/210882/b3694rp/odoo-210882/addons/membership/wizard/invoice_membership.py
2026-02-03 09:59:44,756 - Knowledge - INFO - Worker kw16 processing /app/data/T0002/210882/b3694rp/odoo-210882/addons/membership/membership_view.xml
2026-02-03 09:59:44,847 - Knowledge - INFO - Fast-tracked /app/data/T0002/210882/b3694rp/odoo-210882/addons/membership/membership_view.xml (ext=.xml, size=26267)
2026-02-03 09:59:44,848 - Knowledge - INFO - [kw19] Queue=1003, InProgress=0, PendingWorkers=20/20, Completed=199/1263 (15.8%)
2026-02-03 09:59:44,848 - Knowledge - INFO - process ingested knowledge for /app/data/T0002/210882/b3694rp/odoo-210882/addons/report_account/report_receivable.py
2026-02-03 09:59:44,854 - Knowledge - INFO - Worker kw16 processing /app/data/T0002/210882/b3694rp/odoo-210882/addons/membership/demo_data.xml
2026-02-03 09:59:44,860 - Knowledge - INFO - Batch sizing: calculated=10, max_allowed=10, queue=1003, active_workers=20/20
2026-02-03 09:59:44,954 - Knowledge - INFO - Fast-tracked /app/data/T0002/210882/b3694rp/odoo-210882/addons/membership/demo_data.xml (ext=.xml, size=7619)
2026-02-03 09:59:44,959 - Knowledge - INFO - Worker kw16 processing /app/data/T0002/210882/b3694rp/odoo-210882/addons/membership/membership.py
2026-02-03 09:59:45,065 - Knowledge - INFO - Worker kw16 processing /app/data/T0002/210882/b3694rp/odoo-210882/addons/membership/membership_wizard.xml
2026-02-03 09:59:45,162 - Knowledge - INFO - Fast-tracked /app/data/T0002/210882/b3694rp/odoo-210882/addons/membership/membership_wizard.xml (ext=.xml, size=62)
2026-02-03 09:59:45,537 - Knowledge - INFO - process ingested knowledge for /app/data/T0002/210882/b3694rp/odoo-210882/addons/stock/stock_incoterms.xml
2026-02-03 09:59:45,544 - Knowledge - INFO - process ingested knowledge for /app/data/T0002/210882/b3694rp/odoo-210882/addons/report_sale/report_sale.py
2026-02-03 09:59:45,662 - Knowledge - INFO - Async storage completed for 10 embeddings
2026-02-03 09:59:46,656 - Knowledge - INFO - [LLM_CALL] Completed: stock.py:chunk3, Duration: 21702ms, PromptTokens: 7942, CompletionTokens: 1042, Cost: $0.00121
2026-02-03 09:59:46,741 - Knowledge - INFO - done ingest for /app/data/T0002/210882/b3694rp/odoo-210882/addons/stock/stock.py
2026-02-03 09:59:48,472 - Knowledge - INFO - process ingested knowledge for /app/data/T0002/210882/b3694rp/odoo-210882/addons/report_account/report_receivable_view.xml
2026-02-03 09:59:48,542 - Knowledge - INFO - Async storing batch of 10 embeddings
2026-02-03 09:59:48,548 - Knowledge - INFO - Worker kw19 processing /app/data/T0002/210882/b3694rp/odoo-210882/addons/membership/__init__.py
2026-02-03 09:59:48,557 - Knowledge - INFO - Fast-tracked /app/data/T0002/210882/b3694rp/odoo-210882/addons/membership/__init__.py (ext=.py, size=1089)
2026-02-03 09:59:48,557 - Knowledge - INFO - Worker kw19 processing /app/data/T0002/210882/b3694rp/odoo-210882/addons/membership/membership_demo.xml
2026-02-03 09:59:48,647 - Knowledge - INFO - Fast-tracked /app/data/T0002/210882/b3694rp/odoo-210882/addons/membership/membership_demo.xml (ext=.xml, size=8091)
2026-02-03 09:59:48,673 - Knowledge - INFO - Worker kw19 processing /app/data/T0002/210882/b3694rp/odoo-210882/addons/membership/process/membership_process.xml
2026-02-03 09:59:48,736 - Knowledge - INFO - Fast-tracked /app/data/T0002/210882/b3694rp/odoo-210882/addons/membership/process/membership_process.xml (ext=.xml, size=7276)
2026-02-03 09:59:48,746 - Knowledge - INFO - Worker kw19 processing /app/data/T0002/210882/b3694rp/odoo-210882/addons/event/security/event_security.xml
2026-02-03 09:59:48,771 - Knowledge - INFO - Fast-tracked /app/data/T0002/210882/b3694rp/odoo-210882/addons/event/security/event_security.xml (ext=.xml, size=342)
2026-02-03 09:59:48,842 - Knowledge - INFO - Worker kw19 processing /app/data/T0002/210882/b3694rp/odoo-210882/addons/event/event_data.xml
2026-02-03 09:59:48,854 - Knowledge - INFO - Fast-tracked /app/data/T0002/210882/b3694rp/odoo-210882/addons/event/event_data.xml (ext=.xml, size=214)
2026-02-03 09:59:48,867 - Knowledge - INFO - Worker kw19 processing /app/data/T0002/210882/b3694rp/odoo-210882/addons/event/__terp__.py
2026-02-03 09:59:48,947 - Knowledge - INFO - Worker kw19 processing /app/data/T0002/210882/b3694rp/odoo-210882/addons/event/wizard/event_registrations_partner.py
2026-02-03 09:59:49,051 - Knowledge - INFO - Worker kw19 processing /app/data/T0002/210882/b3694rp/odoo-210882/addons/event/wizard/make_invoice.py
2026-02-03 09:59:49,068 - Knowledge - INFO - Worker kw19 processing /app/data/T0002/210882/b3694rp/odoo-210882/addons/event/wizard/event_registration.py
2026-02-03 09:59:49,147 - Knowledge - INFO - Fast-tracked /app/data/T0002/210882/b3694rp/odoo-210882/addons/event/wizard/event_registration.py (ext=.py, size=1901)
2026-02-03 09:59:49,148 - Knowledge - INFO - Worker kw19 processing /app/data/T0002/210882/b3694rp/odoo-210882/addons/event/wizard/__init__.py
2026-02-03 09:59:49,238 - Knowledge - INFO - Fast-tracked /app/data/T0002/210882/b3694rp/odoo-210882/addons/event/wizard/__init__.py (ext=.py, size=1167)
2026-02-03 09:59:49,266 - Knowledge - INFO - Fast-tracked /app/data/T0002/210882/b3694rp/odoo-210882/addons/event/__terp__.py (small file (2097 bytes))
2026-02-03 09:59:49,356 - Knowledge - INFO - Fast-tracked /app/data/T0002/210882/b3694rp/odoo-210882/addons/event/wizard/event_registrations_partner.py (small file (2605 bytes))
2026-02-03 09:59:49,544 - Knowledge - INFO - Async storage completed for 10 embeddings
2026-02-03 09:59:49,863 - Knowledge - INFO - process ingested knowledge for /app/data/T0002/210882/b3694rp/odoo-210882/addons/stock/stock_report.xml
2026-02-03 09:59:51,545 - Knowledge - INFO - process ingested knowledge for /app/data/T0002/210882/b3694rp/odoo-210882/addons/report_account/__terp__.py
2026-02-03 09:59:51,936 - Knowledge - INFO - process ingested knowledge for /app/data/T0002/210882/b3694rp/odoo-210882/addons/report_sale/__init__.py
2026-02-03 09:59:51,937 - Knowledge - INFO - process ingested knowledge for /app/data/T0002/210882/b3694rp/odoo-210882/addons/stock/__terp__.py
2026-02-03 09:59:54,547 - Knowledge - INFO - process ingested knowledge for /app/data/T0002/210882/b3694rp/odoo-210882/addons/report_account/__init__.py
2026-02-03 09:59:55,572 - Knowledge - INFO - process ingested knowledge for /app/data/T0002/210882/b3694rp/odoo-210882/addons/analytic_user_function/__terp__.py
2026-02-03 09:59:55,659 - Knowledge - INFO - process ingested knowledge for /app/data/T0002/210882/b3694rp/odoo-210882/addons/stock/wizard/wizard_location_product.py
2026-02-03 09:59:57,157 - Knowledge - INFO - [WEBSOCKET] Sent: Type=progress_update, Size: 295, Duration: 0ms
2026-02-03 09:59:57,175 - Knowledge - INFO - [WEBSOCKET] Sent: Type=unknown, Size: ?, Duration: 18ms
2026-02-03 09:59:57,257 - Knowledge - INFO - Progress: 17.7% | Files: 224/1263 | Rate: 1.39 files/sec | Queue: 993
2026-02-03 09:59:58,158 - Knowledge - INFO - [LLM_CALL] Completed: make_invoice.py:chunk1, Duration: 8714ms, PromptTokens: 3896, CompletionTokens: 473, Cost: $0.00058
2026-02-03 09:59:58,160 - Knowledge - INFO - done ingest for /app/data/T0002/210882/b3694rp/odoo-210882/addons/event/wizard/make_invoice.py
2026-02-03 09:59:58,836 - Knowledge - INFO - process ingested knowledge for /app/data/T0002/210882/b3694rp/odoo-210882/addons/account_report/account.py
2026-02-03 09:59:59,245 - Knowledge - INFO - [LLM_CALL] Completed: invoice_membership.py:chunk1, Duration: 14008ms, PromptTokens: 3162, CompletionTokens: 396, Cost: $0.00047
2026-02-03 09:59:59,247 - Knowledge - INFO - done ingest for /app/data/T0002/210882/b3694rp/odoo-210882/addons/membership/wizard/invoice_membership.py
2026-02-03 09:59:59,473 - Knowledge - INFO - Processing batch of 10 files
2026-02-03 09:59:59,536 - Knowledge - INFO - process ingested knowledge for /app/data/T0002/210882/b3694rp/odoo-210882/addons/stock/wizard/wizard_inventory.py
2026-02-03 09:59:59,948 - Knowledge - INFO - process ingested knowledge for /app/data/T0002/210882/b3694rp/odoo-210882/addons/analytic_user_function/analytic_user_function_view.xml
2026-02-03 09:59:59,953 - Knowledge - INFO - process ingested knowledge for /app/data/T0002/210882/b3694rp/odoo-210882/addons/stock/wizard/wizard_split_lot_line.py
2026-02-03 10:00:00,954 - Knowledge - INFO - [kw3] Queue=993, InProgress=0, PendingWorkers=20/20, Completed=227/1263 (18.0%)
2026-02-03 10:00:00,968 - Knowledge - INFO - Batch sizing: calculated=8, max_allowed=10, queue=993, active_workers=20/20
2026-02-03 10:00:01,079 - Knowledge - INFO - [LLM_CALL] Completed: membership.py:chunk1, Duration: 15536ms, PromptTokens: 14030, CompletionTokens: 988, Cost: $0.00180
2026-02-03 10:00:01,136 - Knowledge - INFO - done ingest for /app/data/T0002/210882/b3694rp/odoo-210882/addons/membership/membership.py
2026-02-03 10:00:01,547 - Knowledge - INFO - Processing batch of 10 files
2026-02-03 10:00:01,548 - Knowledge - INFO - process ingested knowledge for /app/data/T0002/210882/b3694rp/odoo-210882/addons/analytic_user_function/__init__.py
2026-02-03 10:00:01,549 - Knowledge - INFO - process ingested knowledge for /app/data/T0002/210882/b3694rp/odoo-210882/addons/base_iban/base_iban_view.xml
2026-02-03 10:00:01,979 - Knowledge - INFO - process ingested knowledge for /app/data/T0002/210882/b3694rp/odoo-210882/addons/stock/wizard/wizard_track_line.py
2026-02-03 10:00:02,168 - Knowledge - INFO - [kw14] Queue=993, InProgress=0, PendingWorkers=20/20, Completed=238/1263 (18.8%)
2026-02-03 10:00:02,171 - Knowledge - INFO - process ingested knowledge for /app/data/T0002/210882/b3694rp/odoo-210882/addons/stock/wizard/wizard_partial_picking.py
2026-02-03 10:00:02,172 - Knowledge - INFO - process ingested knowledge for /app/data/T0002/210882/b3694rp/odoo-210882/addons/base_iban/base_iban.py
2026-02-03 10:00:02,172 - Knowledge - INFO - Batch sizing: calculated=8, max_allowed=10, queue=993, active_workers=20/20
2026-02-03 10:00:02,239 - Knowledge - INFO - Processing batch of 10 files
2026-02-03 10:00:02,240 - Knowledge - INFO - process ingested knowledge for /app/data/T0002/210882/b3694rp/odoo-210882/addons/base_module_quality/speed_test/speed_test.py
2026-02-03 10:00:02,564 - Knowledge - INFO - Async storing batch of 10 embeddings
2026-02-03 10:00:02,567 - Knowledge - INFO - [kw17] Queue=985, InProgress=0, PendingWorkers=20/20, Completed=240/1263 (19.0%)
2026-02-03 10:00:02,567 - Knowledge - INFO - Batch sizing: calculated=8, max_allowed=10, queue=985, active_workers=20/20
2026-02-03 10:00:02,570 - Knowledge - INFO - Worker kw3 processing /app/data/T0002/210882/b3694rp/odoo-210882/addons/event/wizard/confirm_registration.py
2026-02-03 10:00:02,572 - Knowledge - INFO - Worker kw3 processing /app/data/T0002/210882/b3694rp/odoo-210882/addons/event/event_wizard.xml
2026-02-03 10:00:02,574 - Knowledge - INFO - Fast-tracked /app/data/T0002/210882/b3694rp/odoo-210882/addons/event/event_wizard.xml (ext=.xml, size=834)
2026-02-03 10:00:02,574 - Knowledge - INFO - Worker kw3 processing /app/data/T0002/210882/b3694rp/odoo-210882/addons/event/event_sequence.xml
2026-02-03 10:00:02,575 - Knowledge - INFO - Fast-tracked /app/data/T0002/210882/b3694rp/odoo-210882/addons/event/event_sequence.xml (ext=.xml, size=467)
2026-02-03 10:00:02,576 - Knowledge - INFO - Worker kw3 processing /app/data/T0002/210882/b3694rp/odoo-210882/addons/event/event.py
2026-02-03 10:00:02,578 - Knowledge - INFO - Worker kw3 processing /app/data/T0002/210882/b3694rp/odoo-210882/addons/event/event_demo.xml
2026-02-03 10:00:02,580 - Knowledge - INFO - Fast-tracked /app/data/T0002/210882/b3694rp/odoo-210882/addons/event/event_demo.xml (ext=.xml, size=4479)
2026-02-03 10:00:02,637 - Knowledge - INFO - Worker kw3 processing /app/data/T0002/210882/b3694rp/odoo-210882/addons/event/event_view.xml
2026-02-03 10:00:02,644 - Knowledge - INFO - Fast-tracked /app/data/T0002/210882/b3694rp/odoo-210882/addons/event/event_view.xml (ext=.xml, size=15037)
2026-02-03 10:00:02,644 - Knowledge - INFO - Worker kw3 processing /app/data/T0002/210882/b3694rp/odoo-210882/addons/event/__init__.py
2026-02-03 10:00:02,647 - Knowledge - INFO - Fast-tracked /app/data/T0002/210882/b3694rp/odoo-210882/addons/event/__init__.py (ext=.py, size=1084)
2026-02-03 10:00:02,648 - Knowledge - INFO - Worker kw3 processing /app/data/T0002/210882/b3694rp/odoo-210882/addons/mrp_operations/mrp_operations_report.xml
2026-02-03 10:00:02,653 - Knowledge - INFO - Fast-tracked /app/data/T0002/210882/b3694rp/odoo-210882/addons/mrp_operations/mrp_operations_report.xml (ext=.xml, size=461)
2026-02-03 10:00:02,657 - Knowledge - INFO - Fast-tracked /app/data/T0002/210882/b3694rp/odoo-210882/addons/event/wizard/confirm_registration.py (small file (2921 bytes))
2026-02-03 10:00:02,665 - Knowledge - INFO - Async storage completed for 10 embeddings
2026-02-03 10:00:03,152 - Knowledge - INFO - [kw6] Queue=985, InProgress=0, PendingWorkers=20/20, Completed=243/1263 (19.2%)
2026-02-03 10:00:03,152 - Knowledge - INFO - Batch sizing: calculated=8, max_allowed=10, queue=985, active_workers=20/20
2026-02-03 10:00:03,154 - Knowledge - INFO - process ingested knowledge for /app/data/T0002/210882/b3694rp/odoo-210882/addons/stock/wizard/inventory_merge.py
2026-02-03 10:00:03,156 - Knowledge - INFO - Async storing batch of 10 embeddings
2026-02-03 10:00:03,157 - Knowledge - INFO - process ingested knowledge for /app/data/T0002/210882/b3694rp/odoo-210882/addons/base_module_quality/structure_test/__init__.py
2026-02-03 10:00:03,157 - Knowledge - INFO - [kw12] Queue=977, InProgress=0, PendingWorkers=20/20, Completed=244/1263 (19.3%)
2026-02-03 10:00:03,161 - Knowledge - INFO - Worker kw14 processing /app/data/T0002/210882/b3694rp/odoo-210882/addons/mrp_operations/report/mrp_wc_barcode.py
2026-02-03 10:00:03,161 - Knowledge - INFO - Batch sizing: calculated=8, max_allowed=10, queue=977, active_workers=20/20
2026-02-03 10:00:03,164 - Knowledge - INFO - Fast-tracked /app/data/T0002/210882/b3694rp/odoo-210882/addons/mrp_operations/report/mrp_wc_barcode.py (ext=.py, size=1510)
2026-02-03 10:00:03,165 - Knowledge - INFO - Worker kw14 processing /app/data/T0002/210882/b3694rp/odoo-210882/addons/mrp_operations/report/__init__.py
2026-02-03 10:00:03,167 - Knowledge - INFO - Fast-tracked /app/data/T0002/210882/b3694rp/odoo-210882/addons/mrp_operations/report/__init__.py (ext=.py, size=1104)
2026-02-03 10:00:03,167 - Knowledge - INFO - Worker kw14 processing /app/data/T0002/210882/b3694rp/odoo-210882/addons/mrp_operations/report/mrp_code_barcode.py
2026-02-03 10:00:03,169 - Knowledge - INFO - Fast-tracked /app/data/T0002/210882/b3694rp/odoo-210882/addons/mrp_operations/report/mrp_code_barcode.py (ext=.py, size=1520)
2026-02-03 10:00:03,169 - Knowledge - INFO - Worker kw14 processing /app/data/T0002/210882/b3694rp/odoo-210882/addons/mrp_operations/__terp__.py
2026-02-03 10:00:03,171 - Knowledge - INFO - Worker kw14 processing /app/data/T0002/210882/b3694rp/odoo-210882/addons/mrp_operations/mrp_operations.py
2026-02-03 10:00:03,173 - Knowledge - INFO - Worker kw14 processing /app/data/T0002/210882/b3694rp/odoo-210882/addons/mrp_operations/mrp_operations_workflow.xml
2026-02-03 10:00:03,175 - Knowledge - INFO - Fast-tracked /app/data/T0002/210882/b3694rp/odoo-210882/addons/mrp_operations/mrp_operations_workflow.xml (ext=.xml, size=4460)
2026-02-03 10:00:03,239 - Knowledge - INFO - Worker kw14 processing /app/data/T0002/210882/b3694rp/odoo-210882/addons/mrp_operations/mrp_operations_view.xml
2026-02-03 10:00:03,243 - Knowledge - INFO - Fast-tracked /app/data/T0002/210882/b3694rp/odoo-210882/addons/mrp_operations/mrp_operations_view.xml (ext=.xml, size=13711)
2026-02-03 10:00:03,244 - Knowledge - INFO - Worker kw14 processing /app/data/T0002/210882/b3694rp/odoo-210882/addons/mrp_operations/__init__.py
2026-02-03 10:00:03,245 - Knowledge - INFO - Fast-tracked /app/data/T0002/210882/b3694rp/odoo-210882/addons/mrp_operations/__init__.py (ext=.py, size=1094)
2026-02-03 10:00:03,248 - Knowledge - INFO - Fast-tracked /app/data/T0002/210882/b3694rp/odoo-210882/addons/mrp_operations/__terp__.py (small file (2749 bytes))
2026-02-03 10:00:03,259 - Knowledge - INFO - Async storage completed for 10 embeddings
2026-02-03 10:00:03,564 - Knowledge - INFO - process ingested knowledge for /app/data/T0002/210882/b3694rp/odoo-210882/addons/stock/wizard/inventory_merge_zero.py
2026-02-03 10:00:03,565 - Knowledge - INFO - process ingested knowledge for /app/data/T0002/210882/b3694rp/odoo-210882/addons/analytic_user_function/analytic_user_function.py
2026-02-03 10:00:03,566 - Knowledge - INFO - process ingested knowledge for /app/data/T0002/210882/b3694rp/odoo-210882/addons/base_iban/__init__.py
2026-02-03 10:00:03,864 - Knowledge - INFO - Async storing batch of 10 embeddings
2026-02-03 10:00:03,868 - Knowledge - INFO - process ingested knowledge for /app/data/T0002/210882/b3694rp/odoo-210882/addons/stock/wizard/wizard_invoice_onshipping.py
2026-02-03 10:00:03,874 - Knowledge - INFO - Worker kw6 processing /app/data/T0002/210882/b3694rp/odoo-210882/addons/mrp_operations/mrp_operation_data.xml
2026-02-03 10:00:03,981 - Knowledge - INFO - Fast-tracked /app/data/T0002/210882/b3694rp/odoo-210882/addons/mrp_operations/mrp_operation_data.xml (ext=.xml, size=1002)
2026-02-03 10:00:03,991 - Knowledge - INFO - Async storing batch of 10 embeddings
2026-02-03 10:00:03,996 - Knowledge - INFO - Worker kw6 processing /app/data/T0002/210882/b3694rp/odoo-210882/addons/mrp_operations/process/mrp_operation_process.xml
2026-02-03 10:00:04,042 - Knowledge - INFO - Worker kw12 processing /app/data/T0002/210882/b3694rp/odoo-210882/addons/crm/report/__init__.py
2026-02-03 10:00:04,059 - Knowledge - INFO - Fast-tracked /app/data/T0002/210882/b3694rp/odoo-210882/addons/mrp_operations/process/mrp_operation_process.xml (ext=.xml, size=6111)
2026-02-03 10:00:04,060 - Knowledge - INFO - Worker kw6 processing /app/data/T0002/210882/b3694rp/odoo-210882/addons/profile_crm/__terp__.py
2026-02-03 10:00:04,064 - Knowledge - INFO - Fast-tracked /app/data/T0002/210882/b3694rp/odoo-210882/addons/profile_crm/__terp__.py (ext=.py, size=1386)
2026-02-03 10:00:04,064 - Knowledge - INFO - Worker kw6 processing /app/data/T0002/210882/b3694rp/odoo-210882/addons/profile_crm/__init__.py
2026-02-03 10:00:04,067 - Knowledge - INFO - Fast-tracked /app/data/T0002/210882/b3694rp/odoo-210882/addons/crm/report/__init__.py (ext=.py, size=1085)
2026-02-03 10:00:04,139 - Knowledge - INFO - Worker kw12 processing /app/data/T0002/210882/b3694rp/odoo-210882/addons/crm/crm_data.xml
2026-02-03 10:00:04,143 - Knowledge - INFO - Fast-tracked /app/data/T0002/210882/b3694rp/odoo-210882/addons/crm/crm_data.xml (ext=.xml, size=2629)
2026-02-03 10:00:04,143 - Knowledge - INFO - Worker kw12 processing /app/data/T0002/210882/b3694rp/odoo-210882/addons/crm/crm_segmentation.py
2026-02-03 10:00:04,155 - Knowledge - INFO - Fast-tracked /app/data/T0002/210882/b3694rp/odoo-210882/addons/profile_crm/__init__.py (ext=.py, size=1058)
2026-02-03 10:00:04,162 - Knowledge - INFO - Worker kw6 processing /app/data/T0002/210882/b3694rp/odoo-210882/addons/crm/scripts/openerp-mailgate/openerp-mailgate.py
2026-02-03 10:00:04,239 - Knowledge - INFO - Worker kw12 processing /app/data/T0002/210882/b3694rp/odoo-210882/addons/crm/__terp__.py
2026-02-03 10:00:04,242 - Knowledge - INFO - Worker kw12 processing /app/data/T0002/210882/b3694rp/odoo-210882/addons/crm/wizard/crm_wizard.py
2026-02-03 10:00:04,243 - Knowledge - INFO - Worker kw6 processing /app/data/T0002/210882/b3694rp/odoo-210882/addons/crm/security/crm_security.xml
2026-02-03 10:00:04,281 - Knowledge - INFO - Worker kw12 processing /app/data/T0002/210882/b3694rp/odoo-210882/addons/crm/wizard/__init__.py
2026-02-03 10:00:04,353 - Knowledge - INFO - Fast-tracked /app/data/T0002/210882/b3694rp/odoo-210882/addons/crm/security/crm_security.xml (ext=.xml, size=631)
2026-02-03 10:00:04,355 - Knowledge - INFO - Worker kw6 processing /app/data/T0002/210882/b3694rp/odoo-210882/addons/crm/crm_report.xml
2026-02-03 10:00:04,362 - Knowledge - INFO - Fast-tracked /app/data/T0002/210882/b3694rp/odoo-210882/addons/crm/wizard/__init__.py (ext=.py, size=1077)
2026-02-03 10:00:04,366 - Knowledge - INFO - Worker kw12 processing /app/data/T0002/210882/b3694rp/odoo-210882/addons/crm/crm_wizard.xml
2026-02-03 10:00:04,372 - Knowledge - INFO - Fast-tracked /app/data/T0002/210882/b3694rp/odoo-210882/addons/crm/crm_report.xml (ext=.xml, size=272)
2026-02-03 10:00:04,376 - Knowledge - INFO - Fast-tracked /app/data/T0002/210882/b3694rp/odoo-210882/addons/crm/crm_wizard.xml (ext=.xml, size=374)
2026-02-03 10:00:04,449 - Knowledge - INFO - Worker kw6 processing /app/data/T0002/210882/b3694rp/odoo-210882/addons/crm/report/report_businessopp.py
2026-02-03 10:00:04,464 - Knowledge - INFO - Worker kw12 processing /app/data/T0002/210882/b3694rp/odoo-210882/addons/crm/crm.py
2026-02-03 10:00:04,563 - Knowledge - INFO - process ingested knowledge for /app/data/T0002/210882/b3694rp/odoo-210882/addons/stock/wizard/stock_traceability.py
2026-02-03 10:00:04,672 - Knowledge - INFO - Async storing batch of 10 embeddings
2026-02-03 10:00:04,674 - Knowledge - INFO - process ingested knowledge for /app/data/T0002/210882/b3694rp/odoo-210882/addons/account_voucher/account.py
2026-02-03 10:00:04,737 - Knowledge - INFO - process ingested knowledge for /app/data/T0002/210882/b3694rp/odoo-210882/addons/account_followup/followup_data.xml
2026-02-03 10:00:04,761 - Knowledge - INFO - process ingested knowledge for /app/data/T0002/210882/b3694rp/odoo-210882/addons/base_module_quality/structure_test/structure_test.py
2026-02-03 10:00:04,868 - Knowledge - INFO - Worker kw17 processing /app/data/T0002/210882/b3694rp/odoo-210882/addons/crm/crm_demo.xml
2026-02-03 10:00:04,940 - Knowledge - INFO - [kw18] Queue=953, InProgress=0, PendingWorkers=20/20, Completed=255/1263 (20.2%)
2026-02-03 10:00:04,947 - Knowledge - INFO - Batch sizing: calculated=8, max_allowed=10, queue=953, active_workers=20/20
2026-02-03 10:00:04,948 - Knowledge - INFO - Processing batch of 10 files
2026-02-03 10:00:04,950 - Knowledge - INFO - process ingested knowledge for /app/data/T0002/210882/b3694rp/odoo-210882/addons/stock/wizard/wizard_replacement.py
2026-02-03 10:00:04,951 - Knowledge - INFO - Fast-tracked /app/data/T0002/210882/b3694rp/odoo-210882/addons/crm/crm_demo.xml (ext=.xml, size=98)
2026-02-03 10:00:04,954 - Knowledge - INFO - process ingested knowledge for /app/data/T0002/210882/b3694rp/odoo-210882/addons/stock/stock_view.xml
2026-02-03 10:00:04,956 - Knowledge - INFO - Fast-tracked /app/data/T0002/210882/b3694rp/odoo-210882/addons/crm/__terp__.py (small file (2603 bytes))
2026-02-03 10:00:04,959 - Knowledge - INFO - [WEBSOCKET] Sent: Type=progress_update, Size: 296, Duration: 0ms
2026-02-03 10:00:04,960 - Knowledge - INFO - process ingested knowledge for /app/data/T0002/210882/b3694rp/odoo-210882/addons/account_voucher/report/rml_parse.py
2026-02-03 10:00:04,967 - Knowledge - INFO - Worker kw17 processing /app/data/T0002/210882/b3694rp/odoo-210882/addons/crm/crm_view.xml
2026-02-03 10:00:04,975 - Knowledge - INFO - process ingested knowledge for /app/data/T0002/210882/b3694rp/odoo-210882/addons/account_followup/report/report_followup_print.py
2026-02-03 10:00:05,056 - Knowledge - INFO - Async storage completed for 10 embeddings
2026-02-03 10:00:05,178 - Knowledge - INFO - Fast-tracked /app/data/T0002/210882/b3694rp/odoo-210882/addons/crm/crm_view.xml (ext=.xml, size=31164)
2026-02-03 10:00:05,242 - Knowledge - INFO - [WEBSOCKET] Sent: Type=unknown, Size: ?, Duration: 283ms
2026-02-03 10:00:05,242 - Knowledge - INFO - Worker kw17 processing /app/data/T0002/210882/b3694rp/odoo-210882/addons/crm/crm_operators.py
2026-02-03 10:00:05,261 - Knowledge - INFO - Progress: 20.3% | Files: 256/1263 | Rate: 1.49 files/sec | Queue: 953
2026-02-03 10:00:05,439 - Knowledge - INFO - Worker kw17 processing /app/data/T0002/210882/b3694rp/odoo-210882/addons/crm/__init__.py
2026-02-03 10:00:05,457 - Knowledge - INFO - Fast-tracked /app/data/T0002/210882/b3694rp/odoo-210882/addons/crm/__init__.py (ext=.py, size=1123)
2026-02-03 10:00:05,458 - Knowledge - INFO - Worker kw17 processing /app/data/T0002/210882/b3694rp/odoo-210882/addons/l10n_fr/l10n_fr_pcg_view.xml
2026-02-03 10:00:05,479 - Knowledge - INFO - Fast-tracked /app/data/T0002/210882/b3694rp/odoo-210882/addons/l10n_fr/l10n_fr_pcg_view.xml (ext=.xml, size=392)
2026-02-03 10:00:05,550 - Knowledge - INFO - Worker kw17 processing /app/data/T0002/210882/b3694rp/odoo-210882/addons/l10n_fr/tax.xml
2026-02-03 10:00:05,578 - Knowledge - INFO - Fast-tracked /app/data/T0002/210882/b3694rp/odoo-210882/addons/l10n_fr/tax.xml (ext=.xml, size=29782)
2026-02-03 10:00:05,644 - Knowledge - INFO - Worker kw17 processing /app/data/T0002/210882/b3694rp/odoo-210882/addons/l10n_fr/report/cdr.py
2026-02-03 10:00:05,648 - Knowledge - INFO - Async storage completed for 10 embeddings
2026-02-03 10:00:05,658 - Knowledge - INFO - Fast-tracked /app/data/T0002/210882/b3694rp/odoo-210882/addons/l10n_fr/report/cdr.py (ext=.py, size=1719)
2026-02-03 10:00:05,781 - Knowledge - INFO - Async storing batch of 10 embeddings
2026-02-03 10:00:05,781 - Knowledge - INFO - Worker kw17 processing /app/data/T0002/210882/b3694rp/odoo-210882/addons/l10n_fr/report/base_report.py
2026-02-03 10:00:05,852 - Knowledge - INFO - process ingested knowledge for /app/data/T0002/210882/b3694rp/odoo-210882/addons/stock/wizard/wizard_picking_make.py
2026-02-03 10:00:05,857 - Knowledge - INFO - process ingested knowledge for /app/data/T0002/210882/b3694rp/odoo-210882/addons/stock/wizard/__init__.py
2026-02-03 10:00:05,865 - Knowledge - INFO - process ingested knowledge for /app/data/T0002/210882/b3694rp/odoo-210882/addons/base_module_quality/method_test/__init__.py
2026-02-03 10:00:05,950 - Knowledge - INFO - process ingested knowledge for /app/data/T0002/210882/b3694rp/odoo-210882/addons/account_followup/report/__init__.py
2026-02-03 10:00:06,065 - Knowledge - INFO - [kw11] Queue=945, InProgress=0, PendingWorkers=20/20, Completed=259/1263 (20.5%)
2026-02-03 10:00:06,070 - Knowledge - INFO - Worker kw18 processing /app/data/T0002/210882/b3694rp/odoo-210882/addons/l10n_fr/report/bilan.py
2026-02-03 10:00:06,137 - Knowledge - INFO - process ingested knowledge for /app/data/T0002/210882/b3694rp/odoo-210882/addons/stock/stock_workflow.xml
2026-02-03 10:00:06,148 - Knowledge - INFO - process ingested knowledge for /app/data/T0002/210882/b3694rp/odoo-210882/addons/account_voucher/report/report_voucher.py
2026-02-03 10:00:06,247 - Knowledge - INFO - Fast-tracked /app/data/T0002/210882/b3694rp/odoo-210882/addons/crm/crm_operators.py (small file (2216 bytes))
2026-02-03 10:00:06,262 - Knowledge - INFO - process ingested knowledge for /app/data/T0002/210882/b3694rp/odoo-210882/addons/base_module_quality/method_test/method_test.py
2026-02-03 10:00:06,277 - Knowledge - INFO - [kw8] Queue=945, InProgress=0, PendingWorkers=20/20, Completed=261/1263 (20.7%)
2026-02-03 10:00:06,277 - Knowledge - INFO - Processing batch of 10 files
2026-02-03 10:00:06,362 - Knowledge - INFO - Batch sizing: calculated=8, max_allowed=10, queue=945, active_workers=20/20
2026-02-03 10:00:06,555 - Knowledge - INFO - Fast-tracked /app/data/T0002/210882/b3694rp/odoo-210882/addons/l10n_fr/report/bilan.py (ext=.py, size=1729)
2026-02-03 10:00:06,659 - Knowledge - INFO - Batch sizing: calculated=8, max_allowed=10, queue=945, active_workers=20/20
2026-02-03 10:00:06,666 - Knowledge - INFO - process ingested knowledge for /app/data/T0002/210882/b3694rp/odoo-210882/addons/account_followup/wizard/wizard_followup_print.py
2026-02-03 10:00:06,759 - Knowledge - INFO - Worker kw18 processing /app/data/T0002/210882/b3694rp/odoo-210882/addons/l10n_fr/report/__init__.py
2026-02-03 10:00:06,940 - Knowledge - INFO - Async storage completed for 10 embeddings
2026-02-03 10:00:06,961 - Knowledge - INFO - Fast-tracked /app/data/T0002/210882/b3694rp/odoo-210882/addons/l10n_fr/report/__init__.py (ext=.py, size=1445)
2026-02-03 10:00:07,038 - Knowledge - INFO - Worker kw18 processing /app/data/T0002/210882/b3694rp/odoo-210882/addons/l10n_fr/l10n_fr_pcg_wizard.xml
2026-02-03 10:00:07,058 - Knowledge - INFO - Fast-tracked /app/data/T0002/210882/b3694rp/odoo-210882/addons/l10n_fr/l10n_fr_pcg_wizard.xml (ext=.xml, size=1189)
2026-02-03 10:00:07,058 - Knowledge - INFO - process ingested knowledge for /app/data/T0002/210882/b3694rp/odoo-210882/addons/account_followup/followup_report_view.xml
2026-02-03 10:00:07,059 - Knowledge - INFO - Worker kw18 processing /app/data/T0002/210882/b3694rp/odoo-210882/addons/l10n_fr/fiscal_templates_fr.xml
2026-02-03 10:00:07,060 - Knowledge - INFO - process ingested knowledge for /app/data/T0002/210882/b3694rp/odoo-210882/addons/stock/wizard/wizard_return.py
2026-02-03 10:00:07,139 - Knowledge - INFO - process ingested knowledge for /app/data/T0002/210882/b3694rp/odoo-210882/addons/stock/stock_wizard.xml
2026-02-03 10:00:07,154 - Knowledge - INFO - process ingested knowledge for /app/data/T0002/210882/b3694rp/odoo-210882/addons/base_module_quality/pep8_test/pep8_test.py
2026-02-03 10:00:07,161 - Knowledge - INFO - Async storing batch of 10 embeddings
2026-02-03 10:00:07,241 - Knowledge - INFO - Fast-tracked /app/data/T0002/210882/b3694rp/odoo-210882/addons/l10n_fr/fiscal_templates_fr.xml (ext=.xml, size=8715)
2026-02-03 10:00:07,438 - Knowledge - INFO - Worker kw18 processing /app/data/T0002/210882/b3694rp/odoo-210882/addons/l10n_fr/__terp__.py
2026-02-03 10:00:07,439 - Knowledge - INFO - Worker kw8 processing /app/data/T0002/210882/b3694rp/odoo-210882/addons/l10n_fr/wizard/__init__.py
2026-02-03 10:00:07,462 - Knowledge - INFO - Fast-tracked /app/data/T0002/210882/b3694rp/odoo-210882/addons/l10n_fr/wizard/__init__.py (ext=.py, size=1426)
2026-02-03 10:00:07,462 - Knowledge - INFO - Worker kw8 processing /app/data/T0002/210882/b3694rp/odoo-210882/addons/l10n_fr/l10n_fr_pcg_account_report.xml
2026-02-03 10:00:07,469 - Knowledge - INFO - Worker kw18 processing /app/data/T0002/210882/b3694rp/odoo-210882/addons/l10n_fr/l10n_fr_pcg_taxes.xml
2026-02-03 10:00:07,555 - Knowledge - INFO - Fast-tracked /app/data/T0002/210882/b3694rp/odoo-210882/addons/l10n_fr/l10n_fr_pcg_taxes.xml (ext=.xml, size=47334)
2026-02-03 10:00:07,556 - Knowledge - INFO - Processing batch of 10 files
2026-02-03 10:00:07,556 - Knowledge - INFO - Fast-tracked /app/data/T0002/210882/b3694rp/odoo-210882/addons/l10n_fr/l10n_fr_pcg_account_report.xml (ext=.xml, size=47910)
2026-02-03 10:00:07,556 - Knowledge - INFO - Worker kw18 processing /app/data/T0002/210882/b3694rp/odoo-210882/addons/l10n_fr/wizard/cdr.py
2026-02-03 10:00:07,557 - Knowledge - INFO - process ingested knowledge for /app/data/T0002/210882/b3694rp/odoo-210882/setup.py
2026-02-03 10:00:07,579 - Knowledge - INFO - Worker kw8 processing /app/data/T0002/210882/b3694rp/odoo-210882/addons/l10n_fr/l10n_fr.py
2026-02-03 10:00:07,757 - Knowledge - INFO - Worker kw18 processing /app/data/T0002/210882/b3694rp/odoo-210882/addons/l10n_fr/wizard/bilan.py
2026-02-03 10:00:07,853 - Knowledge - INFO - Worker kw8 processing /app/data/T0002/210882/b3694rp/odoo-210882/addons/l10n_fr/pcg.xml
2026-02-03 10:00:07,950 - Knowledge - INFO - Fast-tracked /app/data/T0002/210882/b3694rp/odoo-210882/addons/l10n_fr/__terp__.py (small file (2285 bytes))
2026-02-03 10:00:07,951 - Knowledge - INFO - Fast-tracked /app/data/T0002/210882/b3694rp/odoo-210882/addons/l10n_fr/pcg.xml (ext=.xml, size=342086)
2026-02-03 10:00:07,968 - Knowledge - INFO - Fast-tracked /app/data/T0002/210882/b3694rp/odoo-210882/addons/l10n_fr/wizard/cdr.py (small file (2344 bytes))
2026-02-03 10:00:07,974 - Knowledge - INFO - Processing batch of 10 files
2026-02-03 10:00:07,976 - Knowledge - INFO - process ingested knowledge for /app/data/T0002/210882/b3694rp/odoo-210882/addons/account_followup/followup_report.py
2026-02-03 10:00:08,038 - Knowledge - INFO - Worker kw8 processing /app/data/T0002/210882/b3694rp/odoo-210882/addons/l10n_fr/l10n_fr_pcg_report.xml
2026-02-03 10:00:08,038 - Knowledge - INFO - process ingested knowledge for /app/data/T0002/210882/b3694rp/odoo-210882/addons/account_followup/wizard/__init__.py
2026-02-03 10:00:08,040 - Knowledge - INFO - process ingested knowledge for /app/data/T0002/210882/b3694rp/odoo-210882/addons/stock/wizard/wizard_ups.py
2026-02-03 10:00:08,053 - Knowledge - INFO - process ingested knowledge for /app/data/T0002/210882/b3694rp/odoo-210882/addons/account_tax_include/__terp__.py
2026-02-03 10:00:08,154 - Knowledge - INFO - Fast-tracked /app/data/T0002/210882/b3694rp/odoo-210882/addons/l10n_fr/l10n_fr_pcg_report.xml (ext=.xml, size=449)
2026-02-03 10:00:08,267 - Knowledge - INFO - Worker kw8 processing /app/data/T0002/210882/b3694rp/odoo-210882/addons/l10n_fr/report.xml
2026-02-03 10:00:08,268 - Knowledge - INFO - Fast-tracked /app/data/T0002/210882/b3694rp/odoo-210882/addons/l10n_fr/wizard/bilan.py (small file (2345 bytes))
2026-02-03 10:00:08,352 - Knowledge - INFO - Async storage completed for 10 embeddings
2026-02-03 10:00:08,360 - Knowledge - INFO - Fast-tracked /app/data/T0002/210882/b3694rp/odoo-210882/addons/l10n_fr/report.xml (ext=.xml, size=44132)
2026-02-03 10:00:08,369 - Knowledge - INFO - Worker kw8 processing /app/data/T0002/210882/b3694rp/odoo-210882/addons/l10n_fr/__init__.py
2026-02-03 10:00:08,476 - Knowledge - INFO - Fast-tracked /app/data/T0002/210882/b3694rp/odoo-210882/addons/l10n_fr/__init__.py (ext=.py, size=1445)
2026-02-03 10:00:08,544 - Knowledge - INFO - Worker kw8 processing /app/data/T0002/210882/b3694rp/odoo-210882/addons/account_balance/account_wizard.xml
2026-02-03 10:00:08,659 - Knowledge - INFO - Fast-tracked /app/data/T0002/210882/b3694rp/odoo-210882/addons/account_balance/account_wizard.xml (ext=.xml, size=327)
2026-02-03 10:00:08,844 - Knowledge - INFO - Fast-tracked /app/data/T0002/210882/b3694rp/odoo-210882/addons/l10n_fr/l10n_fr.py (small file (2047 bytes))
2026-02-03 10:00:08,872 - Knowledge - INFO - Async storage completed for 10 embeddings
2026-02-03 10:00:09,250 - Knowledge - INFO - process ingested knowledge for /app/data/T0002/210882/b3694rp/odoo-210882/addons/base_module_quality/pep8_test/__init__.py
2026-02-03 10:00:09,774 - Knowledge - INFO - Processing batch of 10 files
2026-02-03 10:00:09,850 - Knowledge - INFO - process ingested knowledge for /app/data/T0002/210882/b3694rp/odoo-210882/addons/membership/__init__.py
2026-02-03 10:00:10,161 - Knowledge - INFO - process ingested knowledge for /app/data/T0002/210882/b3694rp/odoo-210882/addons/stock/partner.py
2026-02-03 10:00:10,250 - Knowledge - INFO - Async storing batch of 10 embeddings
2026-02-03 10:00:10,638 - Knowledge - INFO - Worker kw11 processing /app/data/T0002/210882/b3694rp/odoo-210882/addons/account_balance/report/rml_parse.py
2026-02-03 10:00:10,738 - Knowledge - INFO - Worker kw11 processing /app/data/T0002/210882/b3694rp/odoo-210882/addons/account_balance/report/account_balance.py
2026-02-03 10:00:10,761 - Knowledge - INFO - Worker kw11 processing /app/data/T0002/210882/b3694rp/odoo-210882/addons/account_balance/report/account_balance_landscape.py
2026-02-03 10:00:10,978 - Knowledge - INFO - Worker kw11 processing /app/data/T0002/210882/b3694rp/odoo-210882/addons/account_balance/report/__init__.py
2026-02-03 10:00:11,077 - Knowledge - INFO - Fast-tracked /app/data/T0002/210882/b3694rp/odoo-210882/addons/account_balance/report/__init__.py (ext=.py, size=1113)
2026-02-03 10:00:11,077 - Knowledge - INFO - Worker kw11 processing /app/data/T0002/210882/b3694rp/odoo-210882/addons/account_balance/__terp__.py
2026-02-03 10:00:11,151 - Knowledge - INFO - Worker kw11 processing /app/data/T0002/210882/b3694rp/odoo-210882/addons/account_balance/wizard/wizard_account_balance_report.py
2026-02-03 10:00:11,152 - Knowledge - INFO - process ingested knowledge for /app/data/T0002/210882/b3694rp/odoo-210882/addons/account_followup/followup_view.xml
2026-02-03 10:00:11,248 - Knowledge - INFO - Worker kw11 processing /app/data/T0002/210882/b3694rp/odoo-210882/addons/account_balance/wizard/__init__.py
2026-02-03 10:00:11,367 - Knowledge - INFO - process ingested knowledge for /app/data/T0002/210882/b3694rp/odoo-210882/addons/stock/product_data.xml
2026-02-03 10:00:11,367 - Knowledge - INFO - Fast-tracked /app/data/T0002/210882/b3694rp/odoo-210882/addons/account_balance/wizard/__init__.py (ext=.py, size=1094)
2026-02-03 10:00:11,443 - Knowledge - INFO - process ingested knowledge for /app/data/T0002/210882/b3694rp/odoo-210882/addons/base_module_quality/README.txt
2026-02-03 10:00:11,571 - Knowledge - INFO - process ingested knowledge for /app/data/T0002/210882/b3694rp/odoo-210882/addons/membership/membership_demo.xml
2026-02-03 10:00:11,581 - Knowledge - INFO - process ingested knowledge for /app/data/T0002/210882/b3694rp/odoo-210882/addons/account_followup/__terp__.py
2026-02-03 10:00:11,582 - Knowledge - INFO - process ingested knowledge for /app/data/T0002/210882/b3694rp/odoo-210882/addons/account_tax_include/invoice_tax_incl.py
2026-02-03 10:00:11,664 - Knowledge - INFO - Worker kw11 processing /app/data/T0002/210882/b3694rp/odoo-210882/addons/account_balance/account_move_line.py
2026-02-03 10:00:11,759 - Knowledge - INFO - process ingested knowledge for /app/data/T0002/210882/b3694rp/odoo-210882/addons/account_followup/followup_demo.xml
2026-02-03 10:00:11,943 - Knowledge - INFO - process ingested knowledge for /app/data/T0002/210882/b3694rp/odoo-210882/doc/migrate/3.4.0-4.0.0/pre.py
2026-02-03 10:00:14,762 - Knowledge - INFO - Fast-tracked /app/data/T0002/210882/b3694rp/odoo-210882/addons/account_balance/__terp__.py (small file (2052 bytes))
2026-02-03 10:00:15,438 - Knowledge - INFO - process ingested knowledge for /app/data/T0002/210882/b3694rp/odoo-210882/addons/base_module_quality/terp_test/terp_test.py
2026-02-03 10:00:15,441 - Knowledge - INFO - process ingested knowledge for /app/data/T0002/210882/b3694rp/odoo-210882/addons/membership/process/membership_process.xml
2026-02-03 10:00:15,459 - Knowledge - INFO - process ingested knowledge for /app/data/T0002/210882/b3694rp/odoo-210882/addons/stock/partner_view.xml
2026-02-03 10:00:15,639 - Knowledge - INFO - process ingested knowledge for /app/data/T0002/210882/b3694rp/odoo-210882/addons/stock/stock.py
2026-02-03 10:00:15,649 - Knowledge - INFO - process ingested knowledge for /app/data/T0002/210882/b3694rp/odoo-210882/addons/account_followup/__init__.py
2026-02-03 10:00:15,658 - Knowledge - INFO - process ingested knowledge for /app/data/T0002/210882/b3694rp/odoo-210882/doc/migrate/3.4.0-4.0.0/post-tiny.py
2026-02-03 10:00:15,872 - Knowledge - INFO - Async storage completed for 10 embeddings
2026-02-03 10:00:17,573 - Knowledge - INFO - process ingested knowledge for /app/data/T0002/210882/b3694rp/odoo-210882/addons/account_followup/wizard/wizard_view.xml
2026-02-03 10:00:17,736 - Knowledge - INFO - process ingested knowledge for /app/data/T0002/210882/b3694rp/odoo-210882/addons/account_tax_include/invoice_tax_incl.xml
2026-02-03 10:00:17,738 - Knowledge - INFO - Processing batch of 10 files
2026-02-03 10:00:17,738 - Knowledge - INFO - process ingested knowledge for /app/data/T0002/210882/b3694rp/odoo-210882/addons/purchase_analytic_plans/purchase_analytic_plans.py
2026-02-03 10:00:17,739 - Knowledge - INFO - process ingested knowledge for /app/data/T0002/210882/b3694rp/odoo-210882/addons/purchase_analytic_plans/__init__.py
2026-02-03 10:00:17,860 - Knowledge - INFO - process ingested knowledge for /app/data/T0002/210882/b3694rp/odoo-210882/addons/account_followup/followup.py
2026-02-03 10:00:17,937 - Knowledge - INFO - process ingested knowledge for /app/data/T0002/210882/b3694rp/odoo-210882/doc/migrate/3.4.0-4.0.0/post.py
2026-02-03 10:00:17,954 - Knowledge - INFO - process ingested knowledge for /app/data/T0002/210882/b3694rp/odoo-210882/addons/base_module_quality/terp_test/__init__.py
2026-02-03 10:00:17,985 - Knowledge - INFO - process ingested knowledge for /app/data/T0002/210882/b3694rp/odoo-210882/addons/account_tax_include/__init__.py
2026-02-03 10:00:18,849 - Knowledge - INFO - process ingested knowledge for /app/data/T0002/210882/b3694rp/odoo-210882/addons/membership/membership_data.xml
2026-02-03 10:00:19,748 - Knowledge - INFO - process ingested knowledge for /app/data/T0002/210882/b3694rp/odoo-210882/addons/stock_location/__terp__.py
2026-02-03 10:00:19,866 - Knowledge - INFO - process ingested knowledge for /app/data/T0002/210882/b3694rp/odoo-210882/doc/migrate/3.4.0-4.0.0/pre-tiny.py
2026-02-03 10:00:19,965 - Knowledge - INFO - process ingested knowledge for /app/data/T0002/210882/b3694rp/odoo-210882/addons/event/security/event_security.xml
2026-02-03 10:00:20,063 - Knowledge - INFO - process ingested knowledge for /app/data/T0002/210882/b3694rp/odoo-210882/addons/board_sale/__terp__.py
2026-02-03 10:00:20,074 - Knowledge - INFO - process ingested knowledge for /app/data/T0002/210882/b3694rp/odoo-210882/addons/stock/stock_sequence.xml
2026-02-03 10:00:21,251 - Knowledge - INFO - process ingested knowledge for /app/data/T0002/210882/b3694rp/odoo-210882/addons/stock_location/stock_view.xml
2026-02-03 10:00:22,344 - Knowledge - INFO - process ingested knowledge for /app/data/T0002/210882/b3694rp/odoo-210882/addons/membership/__terp__.py
2026-02-03 10:00:22,352 - Knowledge - INFO - process ingested knowledge for /app/data/T0002/210882/b3694rp/odoo-210882/addons/stock/__init__.py
2026-02-03 10:00:23,582 - Knowledge - INFO - process ingested knowledge for /app/data/T0002/210882/b3694rp/odoo-210882/doc/migrate/3.3.0-3.4.0/pre.py
2026-02-03 10:00:23,666 - Knowledge - INFO - process ingested knowledge for /app/data/T0002/210882/b3694rp/odoo-210882/addons/stock_location/stock.py
2026-02-03 10:00:24,665 - Knowledge - INFO - process ingested knowledge for /app/data/T0002/210882/b3694rp/odoo-210882/addons/board_sale/board_sale_view.xml
2026-02-03 10:00:24,753 - Knowledge - INFO - process ingested knowledge for /app/data/T0002/210882/b3694rp/odoo-210882/addons/event/event_data.xml
2026-02-03 10:00:25,847 - Knowledge - INFO - process ingested knowledge for /app/data/T0002/210882/b3694rp/odoo-210882/addons/stock/stock_demo.xml
2026-02-03 10:00:26,962 - Knowledge - INFO - [LLM_CALL] Completed: base_report.py:chunk1, Duration: 20204ms, PromptTokens: 3166, CompletionTokens: 477, Cost: $0.00051
2026-02-03 10:00:26,963 - Knowledge - INFO - done ingest for /app/data/T0002/210882/b3694rp/odoo-210882/addons/l10n_fr/report/base_report.py
2026-02-03 10:00:27,677 - Knowledge - INFO - process ingested knowledge for /app/data/T0002/210882/b3694rp/odoo-210882/doc/migrate/3.3.0-3.4.0/post.py
2026-02-03 10:00:27,678 - Knowledge - INFO - process ingested knowledge for /app/data/T0002/210882/b3694rp/odoo-210882/doc/migrate/4.2.0-4.4.0/pre.py
2026-02-03 10:00:27,679 - Knowledge - INFO - process ingested knowledge for /app/data/T0002/210882/b3694rp/odoo-210882/doc/migrate/4.0.0-4.2.0/tiny/pre-tiny.py
2026-02-03 10:00:27,684 - Knowledge - INFO - process ingested knowledge for /app/data/T0002/210882/b3694rp/odoo-210882/addons/membership/wizard/__init__.py
2026-02-03 10:00:27,741 - Knowledge - INFO - process ingested knowledge for /app/data/T0002/210882/b3694rp/odoo-210882/addons/stock_location/__init__.py
2026-02-03 10:00:28,575 - Knowledge - INFO - [LLM_CALL] Completed: crm_wizard.py:chunk1, Duration: 23296ms, PromptTokens: 4526, CompletionTokens: 288, Cost: $0.00057
2026-02-03 10:00:28,662 - Knowledge - INFO - done ingest for /app/data/T0002/210882/b3694rp/odoo-210882/addons/crm/wizard/crm_wizard.py
2026-02-03 10:00:29,570 - Knowledge - INFO - process ingested knowledge for /app/data/T0002/210882/b3694rp/odoo-210882/doc/migrate/4.0.0-4.2.0/pre.py
2026-02-03 10:00:31,461 - Knowledge - INFO - process ingested knowledge for /app/data/T0002/210882/b3694rp/odoo-210882/addons/board_sale/__init__.py
2026-02-03 10:00:31,552 - Knowledge - INFO - process ingested knowledge for /app/data/T0002/210882/b3694rp/odoo-210882/addons/base_iban/base_iban_data.xml
2026-02-03 10:00:32,761 - Knowledge - INFO - [LLM_CALL] Completed: crm_segmentation.py:chunk1, Duration: 28089ms, PromptTokens: 4800, CompletionTokens: 367, Cost: $0.00063
2026-02-03 10:00:32,856 - Knowledge - INFO - done ingest for /app/data/T0002/210882/b3694rp/odoo-210882/addons/crm/crm_segmentation.py
2026-02-03 10:00:33,758 - Knowledge - INFO - process ingested knowledge for /app/data/T0002/210882/b3694rp/odoo-210882/addons/event/__terp__.py
2026-02-03 10:00:33,767 - Knowledge - INFO - [WEBSOCKET] Sent: Type=progress_update, Size: 296, Duration: 0ms
2026-02-03 10:00:33,781 - Knowledge - INFO - [WEBSOCKET] Sent: Type=unknown, Size: ?, Duration: 14ms
2026-02-03 10:00:33,781 - Knowledge - INFO - Progress: 22.4% | Files: 283/1263 | Rate: 1.43 files/sec | Queue: 929
2026-02-03 10:00:35,537 - Knowledge - INFO - process ingested knowledge for /app/data/T0002/210882/b3694rp/odoo-210882/addons/board_sale/board_sale_demo.xml
2026-02-03 10:00:35,562 - Knowledge - INFO - process ingested knowledge for /app/data/T0002/210882/b3694rp/odoo-210882/addons/base_iban/__terp__.py
2026-02-03 10:00:36,267 - Knowledge - INFO - Processing batch of 8 files
2026-02-03 10:00:36,268 - Knowledge - INFO - process ingested knowledge for /app/data/T0002/210882/b3694rp/odoo-210882/addons/l10n_fr/report/bilan.py
2026-02-03 10:00:37,370 - Knowledge - INFO - process ingested knowledge for /app/data/T0002/210882/b3694rp/odoo-210882/addons/event/wizard/event_registrations_partner.py
2026-02-03 10:00:38,759 - Knowledge - INFO - process ingested knowledge for /app/data/T0002/210882/b3694rp/odoo-210882/addons/membership/wizard/invoice_membership.py
2026-02-03 10:00:39,243 - Knowledge - INFO - [LLM_CALL] Completed: event.py:chunk1, Duration: 36583ms, PromptTokens: 11438, CompletionTokens: 981, Cost: $0.00154
2026-02-03 10:00:39,257 - Knowledge - INFO - done ingest for /app/data/T0002/210882/b3694rp/odoo-210882/addons/event/event.py
2026-02-03 10:00:42,254 - Knowledge - INFO - [kw7] Queue=929, InProgress=0, PendingWorkers=20/20, Completed=289/1263 (22.9%)
2026-02-03 10:00:42,254 - Knowledge - INFO - Batch sizing: calculated=8, max_allowed=10, queue=929, active_workers=20/20
2026-02-03 10:00:42,967 - Knowledge - INFO - process ingested knowledge for /app/data/T0002/210882/b3694rp/odoo-210882/addons/event/wizard/make_invoice.py
2026-02-03 10:00:42,976 - Knowledge - INFO - process ingested knowledge for /app/data/T0002/210882/b3694rp/odoo-210882/addons/purchase_analytic_plans/__terp__.py
2026-02-03 10:00:43,162 - Knowledge - INFO - process ingested knowledge for /app/data/T0002/210882/b3694rp/odoo-210882/addons/membership/membership_view.xml
2026-02-03 10:00:44,371 - Knowledge - INFO - process ingested knowledge for /app/data/T0002/210882/b3694rp/odoo-210882/addons/l10n_fr/report/__init__.py
2026-02-03 10:00:46,867 - Knowledge - INFO - Async storing batch of 10 embeddings
2026-02-03 10:00:47,473 - Knowledge - INFO - Worker kw7 processing /app/data/T0002/210882/b3694rp/odoo-210882/addons/account_balance/__init__.py
2026-02-03 10:00:47,547 - Knowledge - INFO - Fast-tracked /app/data/T0002/210882/b3694rp/odoo-210882/addons/account_balance/__init__.py (ext=.py, size=1125)
2026-02-03 10:00:47,570 - Knowledge - INFO - Worker kw7 processing /app/data/T0002/210882/b3694rp/odoo-210882/addons/account_balance/account_report.xml
2026-02-03 10:00:47,763 - Knowledge - INFO - Fast-tracked /app/data/T0002/210882/b3694rp/odoo-210882/addons/account_balance/account_report.xml (ext=.xml, size=527)
2026-02-03 10:00:47,873 - Knowledge - INFO - Worker kw7 processing /app/data/T0002/210882/b3694rp/odoo-210882/addons/point_of_sale/security/point_of_sale_security.xml
2026-02-03 10:00:47,960 - Knowledge - INFO - [LLM_CALL] Completed: openerp-mailgate.py:chunk1, Duration: 43393ms, PromptTokens: 7064, CompletionTokens: 766, Cost: $0.00101
2026-02-03 10:00:48,037 - Knowledge - INFO - Fast-tracked /app/data/T0002/210882/b3694rp/odoo-210882/addons/point_of_sale/security/point_of_sale_security.xml (ext=.xml, size=508)
2026-02-03 10:00:48,074 - Knowledge - INFO - done ingest for /app/data/T0002/210882/b3694rp/odoo-210882/addons/crm/scripts/openerp-mailgate/openerp-mailgate.py
2026-02-03 10:00:48,136 - Knowledge - INFO - Worker kw7 processing /app/data/T0002/210882/b3694rp/odoo-210882/addons/point_of_sale/sale_wizard.xml
2026-02-03 10:00:48,151 - Knowledge - INFO - [LLM_CALL] Completed: mrp_operations.py:chunk1, Duration: 44900ms, PromptTokens: 12088, CompletionTokens: 1210, Cost: $0.00169
2026-02-03 10:00:48,349 - Knowledge - INFO - done ingest for /app/data/T0002/210882/b3694rp/odoo-210882/addons/mrp_operations/mrp_operations.py
2026-02-03 10:00:48,364 - Knowledge - INFO - Fast-tracked /app/data/T0002/210882/b3694rp/odoo-210882/addons/point_of_sale/sale_wizard.xml (ext=.xml, size=154)
2026-02-03 10:00:48,364 - Knowledge - INFO - Worker kw7 processing /app/data/T0002/210882/b3694rp/odoo-210882/addons/point_of_sale/pos_report.xml
2026-02-03 10:00:48,550 - Knowledge - INFO - Fast-tracked /app/data/T0002/210882/b3694rp/odoo-210882/addons/point_of_sale/pos_report.xml (ext=.xml, size=1118)
2026-02-03 10:00:48,571 - Knowledge - INFO - Worker kw7 processing /app/data/T0002/210882/b3694rp/odoo-210882/addons/point_of_sale/report/pos_receipt.py
2026-02-03 10:00:48,654 - Knowledge - INFO - Worker kw7 processing /app/data/T0002/210882/b3694rp/odoo-210882/addons/point_of_sale/report/pos_details.py
2026-02-03 10:00:48,758 - Knowledge - INFO - Worker kw7 processing /app/data/T0002/210882/b3694rp/odoo-210882/addons/point_of_sale/report/pos_invoice.py
2026-02-03 10:00:49,061 - Knowledge - INFO - Fast-tracked /app/data/T0002/210882/b3694rp/odoo-210882/addons/point_of_sale/report/pos_receipt.py (small file (2585 bytes))
2026-02-03 10:00:49,470 - Knowledge - INFO - process ingested knowledge for /app/data/T0002/210882/b3694rp/odoo-210882/addons/event/wizard/event_registration.py
2026-02-03 10:00:49,552 - Knowledge - INFO - process ingested knowledge for /app/data/T0002/210882/b3694rp/odoo-210882/addons/purchase_analytic_plans/purchase_analytic_plans_view.xml
2026-02-03 10:00:49,559 - Knowledge - INFO - Fast-tracked /app/data/T0002/210882/b3694rp/odoo-210882/addons/point_of_sale/report/pos_invoice.py (small file (2226 bytes))
2026-02-03 10:00:49,767 - Knowledge - INFO - Async storage completed for 10 embeddings
2026-02-03 10:00:51,354 - Knowledge - INFO - [LLM_CALL] Completed: report_businessopp.py:chunk1, Duration: 46415ms, PromptTokens: 3740, CompletionTokens: 418, Cost: $0.00054
2026-02-03 10:00:51,438 - Knowledge - INFO - done ingest for /app/data/T0002/210882/b3694rp/odoo-210882/addons/crm/report/report_businessopp.py
2026-02-03 10:00:52,755 - Knowledge - INFO - Processing batch of 8 files
2026-02-03 10:00:52,756 - Knowledge - INFO - process ingested knowledge for /app/data/T0002/210882/b3694rp/odoo-210882/addons/l10n_fr/wizard/__init__.py
2026-02-03 10:00:54,460 - Knowledge - INFO - Processing batch of 8 files
2026-02-03 10:00:54,461 - Knowledge - INFO - process ingested knowledge for /app/data/T0002/210882/b3694rp/odoo-210882/addons/crm/crm_demo.xml
2026-02-03 10:00:56,255 - Knowledge - INFO - process ingested knowledge for /app/data/T0002/210882/b3694rp/odoo-210882/addons/membership/demo_data.xml
2026-02-03 10:00:57,468 - Knowledge - INFO - process ingested knowledge for /app/data/T0002/210882/b3694rp/odoo-210882/addons/l10n_fr/l10n_fr_pcg_wizard.xml
2026-02-03 10:00:58,557 - Knowledge - INFO - process ingested knowledge for /app/data/T0002/210882/b3694rp/odoo-210882/addons/l10n_fr/l10n_fr_pcg_account_report.xml
2026-02-03 10:00:59,065 - Knowledge - INFO - process ingested knowledge for /app/data/T0002/210882/b3694rp/odoo-210882/addons/crm/crm_view.xml
2026-02-03 10:00:59,157 - Knowledge - INFO - process ingested knowledge for /app/data/T0002/210882/b3694rp/odoo-210882/addons/event/wizard/__init__.py
2026-02-03 10:01:00,057 - Knowledge - INFO - [LLM_CALL] Completed: crm.py:chunk1, Duration: 54509ms, PromptTokens: 19726, CompletionTokens: 754, Cost: $0.00227
2026-02-03 10:01:00,058 - Knowledge - INFO - done ingest for /app/data/T0002/210882/b3694rp/odoo-210882/addons/crm/crm.py
2026-02-03 10:01:01,045 - Knowledge - INFO - process ingested knowledge for /app/data/T0002/210882/b3694rp/odoo-210882/addons/l10n_fr/fiscal_templates_fr.xml
2026-02-03 10:01:03,356 - Knowledge - INFO - process ingested knowledge for /app/data/T0002/210882/b3694rp/odoo-210882/addons/l10n_fr/l10n_fr.py
2026-02-03 10:01:04,161 - Knowledge - INFO - process ingested knowledge for /app/data/T0002/210882/b3694rp/odoo-210882/addons/crm/crm_operators.py
2026-02-03 10:01:04,164 - Knowledge - INFO - process ingested knowledge for /app/data/T0002/210882/b3694rp/odoo-210882/addons/membership/membership.py
2026-02-03 10:01:06,651 - Knowledge - INFO - [LLM_CALL] Completed: wizard_account_balance_report.py:chunk1, Duration: 51463ms, PromptTokens: 4504, CompletionTokens: 313, Cost: $0.00058
2026-02-03 10:01:06,659 - Knowledge - INFO - done ingest for /app/data/T0002/210882/b3694rp/odoo-210882/addons/account_balance/wizard/wizard_account_balance_report.py
2026-02-03 10:01:07,474 - Knowledge - INFO - process ingested knowledge for /app/data/T0002/210882/b3694rp/odoo-210882/addons/l10n_fr/pcg.xml
2026-02-03 10:01:07,657 - Knowledge - INFO - [LLM_CALL] Completed: pos_details.py:chunk1, Duration: 18394ms, PromptTokens: 3232, CompletionTokens: 636, Cost: $0.00058
2026-02-03 10:01:07,668 - Knowledge - INFO - done ingest for /app/data/T0002/210882/b3694rp/odoo-210882/addons/point_of_sale/report/pos_details.py
2026-02-03 10:01:08,451 - Knowledge - INFO - [LLM_CALL] Completed: account_move_line.py:chunk1, Duration: 52712ms, PromptTokens: 2540, CompletionTokens: 363, Cost: $0.00040
2026-02-03 10:01:08,457 - Knowledge - INFO - done ingest for /app/data/T0002/210882/b3694rp/odoo-210882/addons/account_balance/account_move_line.py
2026-02-03 10:01:08,459 - Knowledge - INFO - process ingested knowledge for /app/data/T0002/210882/b3694rp/odoo-210882/addons/crm/__init__.py
2026-02-03 10:01:10,255 - Knowledge - INFO - Processing batch of 8 files
2026-02-03 10:01:10,261 - Knowledge - INFO - process ingested knowledge for /app/data/T0002/210882/b3694rp/odoo-210882/addons/l10n_fr/__terp__.py
2026-02-03 10:01:10,262 - Knowledge - INFO - process ingested knowledge for /app/data/T0002/210882/b3694rp/odoo-210882/addons/event/wizard/confirm_registration.py
2026-02-03 10:01:10,465 - Knowledge - INFO - [LLM_CALL] Completed: account_balance_landscape.py:chunk1, Duration: 56210ms, PromptTokens: 11722, CompletionTokens: 551, Cost: $0.00139
2026-02-03 10:01:10,465 - Knowledge - INFO - done ingest for /app/data/T0002/210882/b3694rp/odoo-210882/addons/account_balance/report/account_balance_landscape.py
2026-02-03 10:01:11,778 - Knowledge - INFO - [kw20] Queue=921, InProgress=0, PendingWorkers=20/20, Completed=310/1263 (24.5%)
2026-02-03 10:01:11,778 - Knowledge - INFO - Batch sizing: calculated=8, max_allowed=10, queue=921, active_workers=20/20
2026-02-03 10:01:11,780 - Knowledge - INFO - process ingested knowledge for /app/data/T0002/210882/b3694rp/odoo-210882/addons/l10n_fr/l10n_fr_pcg_report.xml
2026-02-03 10:01:11,851 - Knowledge - INFO - process ingested knowledge for /app/data/T0002/210882/b3694rp/odoo-210882/addons/membership/membership_wizard.xml
2026-02-03 10:01:11,855 - Knowledge - INFO - process ingested knowledge for /app/data/T0002/210882/b3694rp/odoo-210882/addons/l10n_fr/l10n_fr_pcg_view.xml
2026-02-03 10:01:13,051 - Knowledge - INFO - process ingested knowledge for /app/data/T0002/210882/b3694rp/odoo-210882/addons/l10n_fr/l10n_fr_pcg_taxes.xml
2026-02-03 10:01:14,050 - Knowledge - INFO - [LLM_CALL] Completed: rml_parse.py:chunk1, Duration: 61512ms, PromptTokens: 3338, CompletionTokens: 648, Cost: $0.00059
2026-02-03 10:01:14,052 - Knowledge - INFO - done ingest for /app/data/T0002/210882/b3694rp/odoo-210882/addons/account_balance/report/rml_parse.py
2026-02-03 10:01:15,043 - Knowledge - INFO - [LLM_CALL] Completed: account_balance.py:chunk1, Duration: 61972ms, PromptTokens: 11690, CompletionTokens: 548, Cost: $0.00139
2026-02-03 10:01:15,053 - Knowledge - INFO - done ingest for /app/data/T0002/210882/b3694rp/odoo-210882/addons/account_balance/report/account_balance.py
2026-02-03 10:01:15,304 - Knowledge - INFO - Async storing batch of 10 embeddings
2026-02-03 10:01:15,338 - Knowledge - INFO - process ingested knowledge for /app/data/T0002/210882/b3694rp/odoo-210882/addons/l10n_fr/report.xml
2026-02-03 10:01:15,343 - Knowledge - INFO - Worker kw20 processing /app/data/T0002/210882/b3694rp/odoo-210882/addons/point_of_sale/report/pos_lines.py
2026-02-03 10:01:15,346 - Knowledge - INFO - Worker kw20 processing /app/data/T0002/210882/b3694rp/odoo-210882/addons/point_of_sale/report/pos_details_summary.py
2026-02-03 10:01:15,349 - Knowledge - INFO - Worker kw20 processing /app/data/T0002/210882/b3694rp/odoo-210882/addons/point_of_sale/report/__init__.py
2026-02-03 10:01:15,351 - Knowledge - INFO - Fast-tracked /app/data/T0002/210882/b3694rp/odoo-210882/addons/point_of_sale/report/__init__.py (ext=.py, size=1160)
2026-02-03 10:01:15,351 - Knowledge - INFO - Worker kw20 processing /app/data/T0002/210882/b3694rp/odoo-210882/addons/point_of_sale/pos_data.xml
2026-02-03 10:01:15,353 - Knowledge - INFO - Fast-tracked /app/data/T0002/210882/b3694rp/odoo-210882/addons/point_of_sale/pos_data.xml (ext=.xml, size=953)
2026-02-03 10:01:15,353 - Knowledge - INFO - Worker kw20 processing /app/data/T0002/210882/b3694rp/odoo-210882/addons/point_of_sale/__terp__.py
2026-02-03 10:01:15,355 - Knowledge - INFO - Fast-tracked /app/data/T0002/210882/b3694rp/odoo-210882/addons/point_of_sale/__terp__.py (ext=.py, size=1997)
2026-02-03 10:01:15,355 - Knowledge - INFO - Worker kw20 processing /app/data/T0002/210882/b3694rp/odoo-210882/addons/point_of_sale/wizard/wizard_add_product.py
2026-02-03 10:01:15,358 - Knowledge - INFO - Worker kw20 processing /app/data/T0002/210882/b3694rp/odoo-210882/addons/point_of_sale/wizard/wizard_discount.py
2026-02-03 10:01:15,360 - Knowledge - INFO - Worker kw20 processing /app/data/T0002/210882/b3694rp/odoo-210882/addons/point_of_sale/wizard/wizard_scan_product.py
2026-02-03 10:01:15,364 - Knowledge - INFO - Fast-tracked /app/data/T0002/210882/b3694rp/odoo-210882/addons/point_of_sale/report/pos_lines.py (small file (2249 bytes))
2026-02-03 10:01:15,375 - Knowledge - INFO - Fast-tracked /app/data/T0002/210882/b3694rp/odoo-210882/addons/point_of_sale/wizard/wizard_add_product.py (small file (2455 bytes))
2026-02-03 10:01:15,378 - Knowledge - INFO - Fast-tracked /app/data/T0002/210882/b3694rp/odoo-210882/addons/point_of_sale/wizard/wizard_discount.py (small file (2462 bytes))
2026-02-03 10:01:15,380 - Knowledge - INFO - Fast-tracked /app/data/T0002/210882/b3694rp/odoo-210882/addons/point_of_sale/wizard/wizard_scan_product.py (small file (2403 bytes))
2026-02-03 10:01:15,439 - Knowledge - INFO - Async storage completed for 10 embeddings
2026-02-03 10:01:15,949 - Knowledge - INFO - process ingested knowledge for /app/data/T0002/210882/b3694rp/odoo-210882/addons/l10n_fr/wizard/cdr.py
2026-02-03 10:01:15,950 - Knowledge - INFO - process ingested knowledge for /app/data/T0002/210882/b3694rp/odoo-210882/addons/event/event_wizard.xml
2026-02-03 10:01:16,943 - Knowledge - INFO - process ingested knowledge for /app/data/T0002/210882/b3694rp/odoo-210882/addons/l10n_fr/tax.xml
2026-02-03 10:01:16,944 - Knowledge - INFO - [WEBSOCKET] Sent: Type=progress_update, Size: 296, Duration: 0ms
2026-02-03 10:01:16,947 - Knowledge - INFO - process ingested knowledge for /app/data/T0002/210882/b3694rp/odoo-210882/addons/l10n_fr/__init__.py
2026-02-03 10:01:16,977 - Knowledge - INFO - [WEBSOCKET] Sent: Type=unknown, Size: ?, Duration: 32ms
2026-02-03 10:01:16,977 - Knowledge - INFO - Progress: 25.3% | Files: 319/1263 | Rate: 1.33 files/sec | Queue: 913
2026-02-03 10:01:17,755 - Knowledge - INFO - process ingested knowledge for /app/data/T0002/210882/b3694rp/odoo-210882/addons/l10n_fr/wizard/bilan.py
2026-02-03 10:01:19,153 - Knowledge - INFO - process ingested knowledge for /app/data/T0002/210882/b3694rp/odoo-210882/addons/l10n_fr/report/cdr.py
2026-02-03 10:01:19,461 - Knowledge - INFO - process ingested knowledge for /app/data/T0002/210882/b3694rp/odoo-210882/addons/account_balance/account_wizard.xml
2026-02-03 10:01:20,241 - Knowledge - INFO - process ingested knowledge for /app/data/T0002/210882/b3694rp/odoo-210882/addons/event/event_sequence.xml
2026-02-03 10:01:20,268 - Knowledge - INFO - Processing batch of 8 files
2026-02-03 10:01:20,269 - Knowledge - INFO - process ingested knowledge for /app/data/T0002/210882/b3694rp/odoo-210882/addons/mrp_operations/report/mrp_wc_barcode.py
2026-02-03 10:01:21,567 - Knowledge - INFO - process ingested knowledge for /app/data/T0002/210882/b3694rp/odoo-210882/addons/l10n_fr/report/base_report.py
2026-02-03 10:01:21,854 - Knowledge - INFO - [kw5] Queue=913, InProgress=0, PendingWorkers=20/20, Completed=327/1263 (25.9%)
2026-02-03 10:01:21,856 - Knowledge - INFO - Batch sizing: calculated=8, max_allowed=10, queue=913, active_workers=20/20
2026-02-03 10:01:22,552 - Knowledge - INFO - process ingested knowledge for /app/data/T0002/210882/b3694rp/odoo-210882/addons/event/event.py
2026-02-03 10:01:22,560 - Knowledge - INFO - [kw13] Queue=913, InProgress=0, PendingWorkers=20/20, Completed=327/1263 (25.9%)
2026-02-03 10:01:22,562 - Knowledge - INFO - Batch sizing: calculated=8, max_allowed=10, queue=913, active_workers=20/20
2026-02-03 10:01:23,375 - Knowledge - INFO - Async storing batch of 10 embeddings
2026-02-03 10:01:23,448 - Knowledge - INFO - Worker kw5 processing /app/data/T0002/210882/b3694rp/odoo-210882/addons/point_of_sale/wizard/wizard_default_journal.py
2026-02-03 10:01:23,451 - Knowledge - INFO - Worker kw5 processing /app/data/T0002/210882/b3694rp/odoo-210882/addons/point_of_sale/wizard/wizard_pos_payment.py
2026-02-03 10:01:23,459 - Knowledge - INFO - Worker kw5 processing /app/data/T0002/210882/b3694rp/odoo-210882/addons/point_of_sale/wizard/wizard_refund_order.py
2026-02-03 10:01:23,462 - Knowledge - INFO - Worker kw5 processing /app/data/T0002/210882/b3694rp/odoo-210882/addons/point_of_sale/wizard/wizard_confirm.py
2026-02-03 10:01:23,463 - Knowledge - INFO - Fast-tracked /app/data/T0002/210882/b3694rp/odoo-210882/addons/point_of_sale/wizard/wizard_confirm.py (ext=.py, size=1532)
2026-02-03 10:01:23,463 - Knowledge - INFO - Worker kw5 processing /app/data/T0002/210882/b3694rp/odoo-210882/addons/point_of_sale/wizard/wizard_get_sale.py
2026-02-03 10:01:23,467 - Knowledge - INFO - Worker kw5 processing /app/data/T0002/210882/b3694rp/odoo-210882/addons/point_of_sale/wizard/__init__.py
2026-02-03 10:01:23,471 - Knowledge - INFO - Fast-tracked /app/data/T0002/210882/b3694rp/odoo-210882/addons/point_of_sale/wizard/__init__.py (ext=.py, size=1230)
2026-02-03 10:01:23,472 - Knowledge - INFO - Worker kw5 processing /app/data/T0002/210882/b3694rp/odoo-210882/addons/point_of_sale/pos_wizard.xml
2026-02-03 10:01:23,543 - Knowledge - INFO - Fast-tracked /app/data/T0002/210882/b3694rp/odoo-210882/addons/point_of_sale/pos_wizard.xml (ext=.xml, size=1080)
2026-02-03 10:01:23,544 - Knowledge - INFO - Worker kw5 processing /app/data/T0002/210882/b3694rp/odoo-210882/addons/point_of_sale/pos_sequence.xml
2026-02-03 10:01:23,565 - Knowledge - INFO - Fast-tracked /app/data/T0002/210882/b3694rp/odoo-210882/addons/point_of_sale/pos_sequence.xml (ext=.xml, size=1230)
2026-02-03 10:01:24,083 - Knowledge - INFO - Fast-tracked /app/data/T0002/210882/b3694rp/odoo-210882/addons/point_of_sale/wizard/wizard_refund_order.py (small file (2868 bytes))
2026-02-03 10:01:24,250 - Knowledge - INFO - Async storage completed for 10 embeddings
2026-02-03 10:01:24,359 - Knowledge - INFO - [LLM_CALL] Completed: pos_details_summary.py:chunk1, Duration: 8992ms, PromptTokens: 3236, CompletionTokens: 552, Cost: $0.00054
2026-02-03 10:01:24,360 - Knowledge - INFO - done ingest for /app/data/T0002/210882/b3694rp/odoo-210882/addons/point_of_sale/report/pos_details_summary.py
2026-02-03 10:01:24,559 - Knowledge - INFO - Processing batch of 8 files
2026-02-03 10:01:24,561 - Knowledge - INFO - process ingested knowledge for /app/data/T0002/210882/b3694rp/odoo-210882/addons/mrp_operations/mrp_operation_data.xml
2026-02-03 10:01:25,056 - Knowledge - INFO - process ingested knowledge for /app/data/T0002/210882/b3694rp/odoo-210882/addons/mrp_operations/report/__init__.py
2026-02-03 10:01:25,060 - Knowledge - INFO - process ingested knowledge for /app/data/T0002/210882/b3694rp/odoo-210882/addons/event/event_demo.xml
2026-02-03 10:01:25,661 - Knowledge - INFO - [kw9] Queue=905, InProgress=0, PendingWorkers=20/20, Completed=333/1263 (26.4%)
2026-02-03 10:01:25,671 - Knowledge - INFO - Batch sizing: calculated=8, max_allowed=10, queue=905, active_workers=20/20
2026-02-03 10:01:26,359 - Knowledge - INFO - process ingested knowledge for /app/data/T0002/210882/b3694rp/odoo-210882/addons/mrp_operations/process/mrp_operation_process.xml
2026-02-03 10:01:26,946 - Knowledge - INFO - Async storing batch of 10 embeddings
2026-02-03 10:01:27,050 - Knowledge - INFO - process ingested knowledge for /app/data/T0002/210882/b3694rp/odoo-210882/addons/mrp_operations/report/mrp_code_barcode.py
2026-02-03 10:01:27,251 - Knowledge - INFO - Worker kw13 processing /app/data/T0002/210882/b3694rp/odoo-210882/addons/point_of_sale/pos.py
2026-02-03 10:01:27,261 - Knowledge - INFO - Worker kw13 processing /app/data/T0002/210882/b3694rp/odoo-210882/addons/point_of_sale/pos_workflow.xml
2026-02-03 10:01:27,348 - Knowledge - INFO - Fast-tracked /app/data/T0002/210882/b3694rp/odoo-210882/addons/point_of_sale/pos_workflow.xml (ext=.xml, size=2595)
2026-02-03 10:01:27,366 - Knowledge - INFO - Worker kw13 processing /app/data/T0002/210882/b3694rp/odoo-210882/addons/point_of_sale/stock.py
2026-02-03 10:01:27,450 - Knowledge - INFO - Fast-tracked /app/data/T0002/210882/b3694rp/odoo-210882/addons/point_of_sale/stock.py (ext=.py, size=1281)
2026-02-03 10:01:27,452 - Knowledge - INFO - Worker kw13 processing /app/data/T0002/210882/b3694rp/odoo-210882/addons/point_of_sale/pos_view.xml
2026-02-03 10:01:27,459 - Knowledge - INFO - Fast-tracked /app/data/T0002/210882/b3694rp/odoo-210882/addons/point_of_sale/pos_view.xml (ext=.xml, size=17358)
2026-02-03 10:01:27,460 - Knowledge - INFO - Worker kw13 processing /app/data/T0002/210882/b3694rp/odoo-210882/addons/point_of_sale/__init__.py
2026-02-03 10:01:27,467 - Knowledge - INFO - Fast-tracked /app/data/T0002/210882/b3694rp/odoo-210882/addons/point_of_sale/__init__.py (ext=.py, size=1110)
2026-02-03 10:01:27,537 - Knowledge - INFO - Worker kw13 processing /app/data/T0002/210882/b3694rp/odoo-210882/addons/report_project/__terp__.py
2026-02-03 10:01:27,555 - Knowledge - INFO - Fast-tracked /app/data/T0002/210882/b3694rp/odoo-210882/addons/report_project/__terp__.py (ext=.py, size=1645)
2026-02-03 10:01:27,557 - Knowledge - INFO - Worker kw13 processing /app/data/T0002/210882/b3694rp/odoo-210882/addons/report_project/report_project.py
2026-02-03 10:01:27,668 - Knowledge - INFO - Worker kw13 processing /app/data/T0002/210882/b3694rp/odoo-210882/addons/report_project/report_project_view.xml
2026-02-03 10:01:27,777 - Knowledge - INFO - Fast-tracked /app/data/T0002/210882/b3694rp/odoo-210882/addons/report_project/report_project_view.xml (ext=.xml, size=5639)
2026-02-03 10:01:27,853 - Knowledge - INFO - [kw10] Queue=897, InProgress=0, PendingWorkers=20/20, Completed=335/1263 (26.5%)
2026-02-03 10:01:27,855 - Knowledge - INFO - Batch sizing: calculated=8, max_allowed=10, queue=897, active_workers=20/20
2026-02-03 10:01:27,872 - Knowledge - INFO - [kw2] Queue=897, InProgress=0, PendingWorkers=20/20, Completed=335/1263 (26.5%)
2026-02-03 10:01:27,874 - Knowledge - INFO - Batch sizing: calculated=8, max_allowed=10, queue=897, active_workers=20/20
2026-02-03 10:01:28,348 - Knowledge - INFO - Async storage completed for 10 embeddings
2026-02-03 10:01:30,255 - Knowledge - INFO - Async storing batch of 10 embeddings
2026-02-03 10:01:30,539 - Knowledge - INFO - Worker kw9 processing /app/data/T0002/210882/b3694rp/odoo-210882/addons/report_project/__init__.py
2026-02-03 10:01:30,547 - Knowledge - INFO - Fast-tracked /app/data/T0002/210882/b3694rp/odoo-210882/addons/report_project/__init__.py (ext=.py, size=1081)
2026-02-03 10:01:30,639 - Knowledge - INFO - Worker kw9 processing /app/data/T0002/210882/b3694rp/odoo-210882/addons/scrum/scrum_report.xml
2026-02-03 10:01:30,669 - Knowledge - INFO - Fast-tracked /app/data/T0002/210882/b3694rp/odoo-210882/addons/scrum/scrum_report.xml (ext=.xml, size=321)
2026-02-03 10:01:30,737 - Knowledge - INFO - Worker kw9 processing /app/data/T0002/210882/b3694rp/odoo-210882/addons/scrum/report/task_burndown.py
2026-02-03 10:01:30,762 - Knowledge - INFO - Worker kw9 processing /app/data/T0002/210882/b3694rp/odoo-210882/addons/scrum/report/sprint_burndown.py
2026-02-03 10:01:30,856 - Knowledge - INFO - Worker kw9 processing /app/data/T0002/210882/b3694rp/odoo-210882/addons/scrum/report/_burndown.py
2026-02-03 10:01:30,942 - Knowledge - INFO - Worker kw9 processing /app/data/T0002/210882/b3694rp/odoo-210882/addons/scrum/report/__init__.py
2026-02-03 10:01:30,967 - Knowledge - INFO - Fast-tracked /app/data/T0002/210882/b3694rp/odoo-210882/addons/scrum/report/__init__.py (ext=.py, size=1103)
2026-02-03 10:01:30,968 - Knowledge - INFO - Worker kw9 processing /app/data/T0002/210882/b3694rp/odoo-210882/addons/scrum/__terp__.py
2026-02-03 10:01:31,055 - Knowledge - INFO - Worker kw9 processing /app/data/T0002/210882/b3694rp/odoo-210882/addons/scrum/scrum.py
2026-02-03 10:01:31,679 - Knowledge - INFO - process ingested knowledge for /app/data/T0002/210882/b3694rp/odoo-210882/addons/profile_crm/__terp__.py
2026-02-03 10:01:31,742 - Knowledge - INFO - Fast-tracked /app/data/T0002/210882/b3694rp/odoo-210882/addons/scrum/report/_burndown.py (small file (2716 bytes))
2026-02-03 10:01:31,745 - Knowledge - INFO - process ingested knowledge for /app/data/T0002/210882/b3694rp/odoo-210882/addons/mrp_operations/__terp__.py
2026-02-03 10:01:31,760 - Knowledge - INFO - process ingested knowledge for /app/data/T0002/210882/b3694rp/odoo-210882/addons/event/event_view.xml
2026-02-03 10:01:31,776 - Knowledge - INFO - Async storing batch of 10 embeddings
2026-02-03 10:01:31,843 - Knowledge - INFO - Fast-tracked /app/data/T0002/210882/b3694rp/odoo-210882/addons/scrum/__terp__.py (small file (2345 bytes))
2026-02-03 10:01:31,852 - Knowledge - INFO - Worker kw2 processing /app/data/T0002/210882/b3694rp/odoo-210882/addons/scrum/wizard/backlog_to_task.py
2026-02-03 10:01:32,041 - Knowledge - INFO - Worker kw2 processing /app/data/T0002/210882/b3694rp/odoo-210882/addons/scrum/wizard/__init__.py
2026-02-03 10:01:32,079 - Knowledge - INFO - Fast-tracked /app/data/T0002/210882/b3694rp/odoo-210882/addons/scrum/wizard/__init__.py (ext=.py, size=1082)
2026-02-03 10:01:32,093 - Knowledge - INFO - Worker kw2 processing /app/data/T0002/210882/b3694rp/odoo-210882/addons/scrum/scrum_wizard.xml
2026-02-03 10:01:32,151 - Knowledge - INFO - Async storage completed for 10 embeddings
2026-02-03 10:01:32,242 - Knowledge - INFO - Fast-tracked /app/data/T0002/210882/b3694rp/odoo-210882/addons/scrum/scrum_wizard.xml (ext=.xml, size=226)
2026-02-03 10:01:32,254 - Knowledge - INFO - Worker kw2 processing /app/data/T0002/210882/b3694rp/odoo-210882/addons/scrum/scrum_demo.xml
2026-02-03 10:01:32,279 - Knowledge - INFO - Fast-tracked /app/data/T0002/210882/b3694rp/odoo-210882/addons/scrum/scrum_demo.xml (ext=.xml, size=11927)
2026-02-03 10:01:32,346 - Knowledge - INFO - Worker kw2 processing /app/data/T0002/210882/b3694rp/odoo-210882/addons/scrum/scrum_view.xml
2026-02-03 10:01:32,355 - Knowledge - INFO - Fast-tracked /app/data/T0002/210882/b3694rp/odoo-210882/addons/scrum/scrum_view.xml (ext=.xml, size=22425)
2026-02-03 10:01:32,362 - Knowledge - INFO - Worker kw2 processing /app/data/T0002/210882/b3694rp/odoo-210882/addons/scrum/__init__.py
2026-02-03 10:01:32,438 - Knowledge - INFO - Fast-tracked /app/data/T0002/210882/b3694rp/odoo-210882/addons/scrum/__init__.py (ext=.py, size=1100)
2026-02-03 10:01:32,439 - Knowledge - INFO - Worker kw2 processing /app/data/T0002/210882/b3694rp/odoo-210882/addons/scrum/process/scrum_process.xml
2026-02-03 10:01:32,449 - Knowledge - INFO - Fast-tracked /app/data/T0002/210882/b3694rp/odoo-210882/addons/scrum/process/scrum_process.xml (ext=.xml, size=1589)
2026-02-03 10:01:32,470 - Knowledge - INFO - Worker kw2 processing /app/data/T0002/210882/b3694rp/odoo-210882/addons/hr/hr_department_demo.xml
2026-02-03 10:01:32,640 - Knowledge - INFO - Fast-tracked /app/data/T0002/210882/b3694rp/odoo-210882/addons/hr/hr_department_demo.xml (ext=.xml, size=2596)
2026-02-03 10:01:32,669 - Knowledge - INFO - Fast-tracked /app/data/T0002/210882/b3694rp/odoo-210882/addons/scrum/wizard/backlog_to_task.py (small file (2738 bytes))
2026-02-03 10:01:32,747 - Knowledge - INFO - Async storage completed for 10 embeddings
2026-02-03 10:01:36,160 - Knowledge - INFO - process ingested knowledge for /app/data/T0002/210882/b3694rp/odoo-210882/addons/profile_crm/__init__.py
2026-02-03 10:01:36,841 - Knowledge - INFO - [LLM_CALL] Completed: wizard_default_journal.py:chunk1, Duration: 13265ms, PromptTokens: 3110, CompletionTokens: 346, Cost: $0.00045
2026-02-03 10:01:36,847 - Knowledge - INFO - done ingest for /app/data/T0002/210882/b3694rp/odoo-210882/addons/point_of_sale/wizard/wizard_default_journal.py
2026-02-03 10:01:37,155 - Knowledge - INFO - process ingested knowledge for /app/data/T0002/210882/b3694rp/odoo-210882/addons/mrp_operations/mrp_operations.py
2026-02-03 10:01:37,270 - Knowledge - INFO - process ingested knowledge for /app/data/T0002/210882/b3694rp/odoo-210882/addons/event/__init__.py
2026-02-03 10:01:38,188 - Knowledge - INFO - [kw4] Queue=881, InProgress=0, PendingWorkers=20/20, Completed=341/1263 (27.0%)
2026-02-03 10:01:38,239 - Knowledge - INFO - Batch sizing: calculated=8, max_allowed=10, queue=881, active_workers=20/20
2026-02-03 10:01:38,460 - Knowledge - INFO - Processing batch of 8 files
2026-02-03 10:01:38,475 - Knowledge - INFO - process ingested knowledge for /app/data/T0002/210882/b3694rp/odoo-210882/addons/crm/report/__init__.py
2026-02-03 10:01:39,164 - Knowledge - INFO - Processing batch of 8 files
2026-02-03 10:01:39,276 - Knowledge - INFO - process ingested knowledge for /app/data/T0002/210882/b3694rp/odoo-210882/addons/account_balance/report/rml_parse.py
2026-02-03 10:01:39,848 - Knowledge - INFO - Async storing batch of 10 embeddings
2026-02-03 10:01:39,850 - Knowledge - INFO - process ingested knowledge for /app/data/T0002/210882/b3694rp/odoo-210882/addons/crm/scripts/openerp-mailgate/openerp-mailgate.py
2026-02-03 10:01:39,887 - Knowledge - INFO - [kw1] Queue=873, InProgress=0, PendingWorkers=20/20, Completed=343/1263 (27.2%)
2026-02-03 10:01:39,887 - Knowledge - INFO - Batch sizing: calculated=8, max_allowed=10, queue=873, active_workers=20/20
2026-02-03 10:01:39,958 - Knowledge - INFO - process ingested knowledge for /app/data/T0002/210882/b3694rp/odoo-210882/addons/mrp_operations/mrp_operations_report.xml
2026-02-03 10:01:40,439 - Knowledge - INFO - [LLM_CALL] Completed: wizard_get_sale.py:chunk1, Duration: 16286ms, PromptTokens: 2312, CompletionTokens: 317, Cost: $0.00036
2026-02-03 10:01:40,447 - Knowledge - INFO - Worker kw10 processing /app/data/T0002/210882/b3694rp/odoo-210882/addons/hr/security/hr_security.xml
2026-02-03 10:01:40,449 - Knowledge - INFO - done ingest for /app/data/T0002/210882/b3694rp/odoo-210882/addons/point_of_sale/wizard/wizard_get_sale.py
2026-02-03 10:01:40,542 - Knowledge - INFO - Fast-tracked /app/data/T0002/210882/b3694rp/odoo-210882/addons/hr/security/hr_security.xml (ext=.xml, size=340)
2026-02-03 10:01:40,557 - Knowledge - INFO - Worker kw10 processing /app/data/T0002/210882/b3694rp/odoo-210882/addons/hr/hr_department.py
2026-02-03 10:01:40,637 - Knowledge - INFO - Worker kw10 processing /app/data/T0002/210882/b3694rp/odoo-210882/addons/hr/hr_department_view.xml
2026-02-03 10:01:40,771 - Knowledge - INFO - Fast-tracked /app/data/T0002/210882/b3694rp/odoo-210882/addons/hr/hr_department_view.xml (ext=.xml, size=3019)
2026-02-03 10:01:40,844 - Knowledge - INFO - Worker kw10 processing /app/data/T0002/210882/b3694rp/odoo-210882/addons/hr/__terp__.py
2026-02-03 10:01:40,862 - Knowledge - INFO - Fast-tracked /app/data/T0002/210882/b3694rp/odoo-210882/addons/hr/__terp__.py (ext=.py, size=1950)
2026-02-03 10:01:40,863 - Knowledge - INFO - Worker kw10 processing /app/data/T0002/210882/b3694rp/odoo-210882/addons/hr/hr.py
2026-02-03 10:01:40,944 - Knowledge - INFO - Worker kw10 processing /app/data/T0002/210882/b3694rp/odoo-210882/addons/hr/hr_demo.xml
2026-02-03 10:01:40,965 - Knowledge - INFO - Fast-tracked /app/data/T0002/210882/b3694rp/odoo-210882/addons/hr/hr_demo.xml (ext=.xml, size=3691)
2026-02-03 10:01:40,965 - Knowledge - INFO - Worker kw10 processing /app/data/T0002/210882/b3694rp/odoo-210882/addons/hr/hr_view.xml
2026-02-03 10:01:40,974 - Knowledge - INFO - Fast-tracked /app/data/T0002/210882/b3694rp/odoo-210882/addons/hr/hr_view.xml (ext=.xml, size=12458)
2026-02-03 10:01:40,975 - Knowledge - INFO - Worker kw10 processing /app/data/T0002/210882/b3694rp/odoo-210882/addons/hr/__init__.py
2026-02-03 10:01:41,156 - Knowledge - INFO - Fast-tracked /app/data/T0002/210882/b3694rp/odoo-210882/addons/hr/__init__.py (ext=.py, size=1119)
2026-02-03 10:01:41,544 - Knowledge - INFO - Async storing batch of 10 embeddings
2026-02-03 10:01:41,559 - Knowledge - INFO - Worker kw4 processing /app/data/T0002/210882/b3694rp/odoo-210882/addons/hr/process/hr_process.xml
2026-02-03 10:01:41,667 - Knowledge - INFO - Fast-tracked /app/data/T0002/210882/b3694rp/odoo-210882/addons/hr/process/hr_process.xml (ext=.xml, size=3185)
2026-02-03 10:01:41,667 - Knowledge - INFO - Worker kw4 processing /app/data/T0002/210882/b3694rp/odoo-210882/addons/google_map/__terp__.py
2026-02-03 10:01:41,689 - Knowledge - INFO - Fast-tracked /app/data/T0002/210882/b3694rp/odoo-210882/addons/google_map/__terp__.py (ext=.py, size=1568)
2026-02-03 10:01:41,736 - Knowledge - INFO - Worker kw4 processing /app/data/T0002/210882/b3694rp/odoo-210882/addons/google_map/wizard/google_map_launch.py
2026-02-03 10:01:41,857 - Knowledge - INFO - Worker kw4 processing /app/data/T0002/210882/b3694rp/odoo-210882/addons/google_map/wizard/__init__.py
2026-02-03 10:01:41,865 - Knowledge - INFO - [LLM_CALL] Completed: report_project.py:chunk1, Duration: 13619ms, PromptTokens: 2784, CompletionTokens: 252, Cost: $0.00038
2026-02-03 10:01:41,866 - Knowledge - INFO - done ingest for /app/data/T0002/210882/b3694rp/odoo-210882/addons/report_project/report_project.py
2026-02-03 10:01:41,939 - Knowledge - INFO - Fast-tracked /app/data/T0002/210882/b3694rp/odoo-210882/addons/google_map/wizard/__init__.py (ext=.py, size=1083)
2026-02-03 10:01:41,949 - Knowledge - INFO - Worker kw4 processing /app/data/T0002/210882/b3694rp/odoo-210882/addons/google_map/google_map.py
2026-02-03 10:01:42,045 - Knowledge - INFO - Fast-tracked /app/data/T0002/210882/b3694rp/odoo-210882/addons/google_map/google_map.py (ext=.py, size=1391)
2026-02-03 10:01:42,063 - Knowledge - INFO - Worker kw4 processing /app/data/T0002/210882/b3694rp/odoo-210882/addons/google_map/google_map_wizard.xml
2026-02-03 10:01:42,372 - Knowledge - INFO - Fast-tracked /app/data/T0002/210882/b3694rp/odoo-210882/addons/google_map/google_map_wizard.xml (ext=.xml, size=222)
2026-02-03 10:01:42,447 - Knowledge - INFO - Worker kw4 processing /app/data/T0002/210882/b3694rp/odoo-210882/addons/google_map/google_map_view.xml
2026-02-03 10:01:42,562 - Knowledge - INFO - Async storage completed for 10 embeddings
2026-02-03 10:01:42,562 - Knowledge - INFO - Fast-tracked /app/data/T0002/210882/b3694rp/odoo-210882/addons/google_map/google_map_view.xml (ext=.xml, size=1891)
2026-02-03 10:01:42,563 - Knowledge - INFO - Worker kw4 processing /app/data/T0002/210882/b3694rp/odoo-210882/addons/google_map/__init__.py
2026-02-03 10:01:42,569 - Knowledge - INFO - Fast-tracked /app/data/T0002/210882/b3694rp/odoo-210882/addons/google_map/__init__.py (ext=.py, size=1090)
2026-02-03 10:01:42,847 - Knowledge - INFO - Fast-tracked /app/data/T0002/210882/b3694rp/odoo-210882/addons/google_map/wizard/google_map_launch.py (small file (2138 bytes))
2026-02-03 10:01:42,848 - Knowledge - INFO - Async storage completed for 10 embeddings
2026-02-03 10:01:43,037 - Knowledge - INFO - process ingested knowledge for /app/data/T0002/210882/b3694rp/odoo-210882/addons/crm/crm_data.xml
2026-02-03 10:01:43,878 - Knowledge - INFO - process ingested knowledge for /app/data/T0002/210882/b3694rp/odoo-210882/addons/account_balance/report/account_balance.py
2026-02-03 10:01:43,964 - Knowledge - INFO - process ingested knowledge for /app/data/T0002/210882/b3694rp/odoo-210882/addons/mrp_operations/mrp_operations_workflow.xml
2026-02-03 10:01:44,079 - Knowledge - INFO - Async storing batch of 10 embeddings
2026-02-03 10:01:44,538 - Knowledge - INFO - Processing batch of 8 files
2026-02-03 10:01:44,538 - Knowledge - INFO - process ingested knowledge for /app/data/T0002/210882/b3694rp/odoo-210882/addons/account_balance/__init__.py
2026-02-03 10:01:45,057 - Knowledge - INFO - Worker kw1 processing /app/data/T0002/210882/b3694rp/odoo-210882/addons/account_payment/account_invoice.py
2026-02-03 10:01:45,162 - Knowledge - INFO - Worker kw1 processing /app/data/T0002/210882/b3694rp/odoo-210882/addons/account_payment/payment_report.xml
2026-02-03 10:01:45,274 - Knowledge - INFO - Fast-tracked /app/data/T0002/210882/b3694rp/odoo-210882/addons/account_payment/payment_report.xml (ext=.xml, size=238)
2026-02-03 10:01:45,280 - Knowledge - INFO - Worker kw1 processing /app/data/T0002/210882/b3694rp/odoo-210882/addons/account_payment/security/account_payment_security.xml
2026-02-03 10:01:45,355 - Knowledge - INFO - Fast-tracked /app/data/T0002/210882/b3694rp/odoo-210882/addons/account_payment/security/account_payment_security.xml (ext=.xml, size=217)
2026-02-03 10:01:45,356 - Knowledge - INFO - Worker kw1 processing /app/data/T0002/210882/b3694rp/odoo-210882/addons/account_payment/report/payment_order.py
2026-02-03 10:01:45,369 - Knowledge - INFO - Worker kw1 processing /app/data/T0002/210882/b3694rp/odoo-210882/addons/account_payment/report/__init__.py
2026-02-03 10:01:45,380 - Knowledge - INFO - Fast-tracked /app/data/T0002/210882/b3694rp/odoo-210882/addons/account_payment/report/__init__.py (ext=.py, size=1077)
2026-02-03 10:01:45,443 - Knowledge - INFO - Worker kw1 processing /app/data/T0002/210882/b3694rp/odoo-210882/addons/account_payment/account_invoice_view.xml
2026-02-03 10:01:45,582 - Knowledge - INFO - Fast-tracked /app/data/T0002/210882/b3694rp/odoo-210882/addons/account_payment/account_invoice_view.xml (ext=.xml, size=645)
2026-02-03 10:01:45,582 - Knowledge - INFO - Worker kw1 processing /app/data/T0002/210882/b3694rp/odoo-210882/addons/account_payment/__terp__.py
2026-02-03 10:01:45,677 - Knowledge - INFO - Fast-tracked /app/data/T0002/210882/b3694rp/odoo-210882/addons/account_payment/__terp__.py (ext=.py, size=1884)
2026-02-03 10:01:45,677 - Knowledge - INFO - Worker kw1 processing /app/data/T0002/210882/b3694rp/odoo-210882/addons/account_payment/wizard/wizard_payment_order.py
2026-02-03 10:01:46,245 - Knowledge - INFO - Fast-tracked /app/data/T0002/210882/b3694rp/odoo-210882/addons/account_payment/account_invoice.py (small file (2140 bytes))
2026-02-03 10:01:46,351 - Knowledge - INFO - process ingested knowledge for /app/data/T0002/210882/b3694rp/odoo-210882/addons/crm/crm_segmentation.py
2026-02-03 10:01:46,360 - Knowledge - INFO - Fast-tracked /app/data/T0002/210882/b3694rp/odoo-210882/addons/account_payment/report/payment_order.py (small file (2988 bytes))
2026-02-03 10:01:47,144 - Knowledge - INFO - Async storage completed for 10 embeddings
2026-02-03 10:01:47,749 - Knowledge - INFO - process ingested knowledge for /app/data/T0002/210882/b3694rp/odoo-210882/addons/account_balance/report/account_balance_landscape.py
2026-02-03 10:01:47,948 - Knowledge - INFO - [LLM_CALL] Completed: wizard_pos_payment.py:chunk1, Duration: 24162ms, PromptTokens: 4306, CompletionTokens: 551, Cost: $0.00065
2026-02-03 10:01:48,039 - Knowledge - INFO - done ingest for /app/data/T0002/210882/b3694rp/odoo-210882/addons/point_of_sale/wizard/wizard_pos_payment.py
2026-02-03 10:01:49,542 - Knowledge - INFO - process ingested knowledge for /app/data/T0002/210882/b3694rp/odoo-210882/addons/mrp_operations/mrp_operations_view.xml
2026-02-03 10:01:49,542 - Knowledge - INFO - process ingested knowledge for /app/data/T0002/210882/b3694rp/odoo-210882/addons/mrp_operations/__init__.py
2026-02-03 10:01:49,562 - Knowledge - INFO - process ingested knowledge for /app/data/T0002/210882/b3694rp/odoo-210882/addons/account_balance/account_report.xml
2026-02-03 10:01:49,573 - Knowledge - INFO - process ingested knowledge for /app/data/T0002/210882/b3694rp/odoo-210882/addons/crm/security/crm_security.xml
2026-02-03 10:01:50,980 - Knowledge - INFO - process ingested knowledge for /app/data/T0002/210882/b3694rp/odoo-210882/addons/account_balance/report/__init__.py
2026-02-03 10:01:52,637 - Knowledge - INFO - [kw15] Queue=857, InProgress=0, PendingWorkers=20/20, Completed=350/1263 (27.7%)
2026-02-03 10:01:52,661 - Knowledge - INFO - Batch sizing: calculated=8, max_allowed=10, queue=857, active_workers=20/20
2026-02-03 10:01:53,642 - Knowledge - INFO - process ingested knowledge for /app/data/T0002/210882/b3694rp/odoo-210882/addons/crm/__terp__.py
2026-02-03 10:01:53,683 - Knowledge - INFO - process ingested knowledge for /app/data/T0002/210882/b3694rp/odoo-210882/addons/point_of_sale/security/point_of_sale_security.xml
2026-02-03 10:01:54,844 - Knowledge - INFO - process ingested knowledge for /app/data/T0002/210882/b3694rp/odoo-210882/addons/account_balance/__terp__.py
2026-02-03 10:01:55,679 - Knowledge - INFO - [WEBSOCKET] Sent: Type=progress_update, Size: 293, Duration: 0ms
2026-02-03 10:01:55,743 - Knowledge - INFO - [WEBSOCKET] Sent: Type=unknown, Size: ?, Duration: 64ms
2026-02-03 10:01:55,755 - Knowledge - INFO - Progress: 28.1% | Files: 355/1263 | Rate: 1.26 files/sec | Queue: 857
2026-02-03 10:01:56,475 - Knowledge - INFO - process ingested knowledge for /app/data/T0002/210882/b3694rp/odoo-210882/addons/crm/crm_report.xml
2026-02-03 10:01:56,482 - Knowledge - INFO - process ingested knowledge for /app/data/T0002/210882/b3694rp/odoo-210882/addons/crm/wizard/crm_wizard.py
2026-02-03 10:01:57,853 - Knowledge - INFO - process ingested knowledge for /app/data/T0002/210882/b3694rp/odoo-210882/addons/account_balance/wizard/wizard_account_balance_report.py
2026-02-03 10:01:59,891 - Knowledge - INFO - Async storing batch of 10 embeddings
2026-02-03 10:01:59,965 - Knowledge - INFO - Worker kw15 processing /app/data/T0002/210882/b3694rp/odoo-210882/addons/account_payment/wizard/wizard_pay.py
2026-02-03 10:02:00,256 - Knowledge - INFO - Worker kw15 processing /app/data/T0002/210882/b3694rp/odoo-210882/addons/account_payment/wizard/wizard_populate_statement.py
2026-02-03 10:02:00,367 - Knowledge - INFO - Worker kw15 processing /app/data/T0002/210882/b3694rp/odoo-210882/addons/account_payment/wizard/__init__.py
2026-02-03 10:02:00,475 - Knowledge - INFO - Fast-tracked /app/data/T0002/210882/b3694rp/odoo-210882/addons/account_payment/wizard/__init__.py (ext=.py, size=1138)
2026-02-03 10:02:00,541 - Knowledge - INFO - Worker kw15 processing /app/data/T0002/210882/b3694rp/odoo-210882/addons/account_payment/account_move_line.py
2026-02-03 10:02:00,653 - Knowledge - INFO - Worker kw15 processing /app/data/T0002/210882/b3694rp/odoo-210882/addons/account_payment/payment_sequence.xml
2026-02-03 10:02:00,865 - Knowledge - INFO - [kw19] Queue=849, InProgress=0, PendingWorkers=20/20, Completed=356/1263 (28.2%)
2026-02-03 10:02:00,959 - Knowledge - INFO - Batch sizing: calculated=8, max_allowed=10, queue=849, active_workers=20/20
2026-02-03 10:02:00,965 - Knowledge - INFO - Fast-tracked /app/data/T0002/210882/b3694rp/odoo-210882/addons/account_payment/payment_sequence.xml (ext=.xml, size=1121)
2026-02-03 10:02:01,064 - Knowledge - INFO - process ingested knowledge for /app/data/T0002/210882/b3694rp/odoo-210882/addons/point_of_sale/sale_wizard.xml
2026-02-03 10:02:01,170 - Knowledge - INFO - process ingested knowledge for /app/data/T0002/210882/b3694rp/odoo-210882/addons/crm/report/report_businessopp.py
2026-02-03 10:02:01,245 - Knowledge - INFO - Worker kw15 processing /app/data/T0002/210882/b3694rp/odoo-210882/addons/account_payment/payment.py
2026-02-03 10:02:01,266 - Knowledge - INFO - process ingested knowledge for /app/data/T0002/210882/b3694rp/odoo-210882/addons/crm/wizard/__init__.py
2026-02-03 10:02:01,667 - Knowledge - INFO - Worker kw15 processing /app/data/T0002/210882/b3694rp/odoo-210882/addons/account_payment/payment_wizard.xml
2026-02-03 10:02:01,941 - Knowledge - INFO - Fast-tracked /app/data/T0002/210882/b3694rp/odoo-210882/addons/account_payment/payment_wizard.xml (ext=.xml, size=517)
2026-02-03 10:02:01,955 - Knowledge - INFO - Worker kw15 processing /app/data/T0002/210882/b3694rp/odoo-210882/addons/account_payment/payment_workflow.xml
2026-02-03 10:02:02,061 - Knowledge - INFO - Fast-tracked /app/data/T0002/210882/b3694rp/odoo-210882/addons/account_payment/payment_workflow.xml (ext=.xml, size=2567)
2026-02-03 10:02:02,341 - Knowledge - INFO - Fast-tracked /app/data/T0002/210882/b3694rp/odoo-210882/addons/account_payment/wizard/wizard_pay.py (small file (2423 bytes))
2026-02-03 10:02:02,484 - Knowledge - INFO - Async storing batch of 10 embeddings
2026-02-03 10:02:02,636 - Knowledge - INFO - Worker kw19 processing /app/data/T0002/210882/b3694rp/odoo-210882/addons/account_payment/__init__.py
2026-02-03 10:02:02,667 - Knowledge - INFO - Fast-tracked /app/data/T0002/210882/b3694rp/odoo-210882/addons/account_payment/__init__.py (ext=.py, size=1284)
2026-02-03 10:02:02,738 - Knowledge - INFO - Worker kw19 processing /app/data/T0002/210882/b3694rp/odoo-210882/addons/account_payment/payment_view.xml
2026-02-03 10:02:02,849 - Knowledge - INFO - Fast-tracked /app/data/T0002/210882/b3694rp/odoo-210882/addons/account_payment/payment_view.xml (ext=.xml, size=16372)
2026-02-03 10:02:02,879 - Knowledge - INFO - Worker kw19 processing /app/data/T0002/210882/b3694rp/odoo-210882/addons/report_mrp/__terp__.py
2026-02-03 10:02:03,049 - Knowledge - INFO - Fast-tracked /app/data/T0002/210882/b3694rp/odoo-210882/addons/report_mrp/__terp__.py (ext=.py, size=1563)
2026-02-03 10:02:03,155 - Knowledge - INFO - Worker kw19 processing /app/data/T0002/210882/b3694rp/odoo-210882/addons/report_mrp/report_mrp.py
2026-02-03 10:02:03,256 - Knowledge - INFO - Worker kw19 processing /app/data/T0002/210882/b3694rp/odoo-210882/addons/report_mrp/report_mrp_view.xml
2026-02-03 10:02:03,267 - Knowledge - INFO - [LLM_CALL] Completed: wizard_payment_order.py:chunk1, Duration: 16595ms, PromptTokens: 3278, CompletionTokens: 355, Cost: $0.00047
2026-02-03 10:02:03,473 - Knowledge - INFO - Fast-tracked /app/data/T0002/210882/b3694rp/odoo-210882/addons/report_mrp/report_mrp_view.xml (ext=.xml, size=4564)
2026-02-03 10:02:03,536 - Knowledge - INFO - done ingest for /app/data/T0002/210882/b3694rp/odoo-210882/addons/account_payment/wizard/wizard_payment_order.py
2026-02-03 10:02:03,567 - Knowledge - INFO - Worker kw19 processing /app/data/T0002/210882/b3694rp/odoo-210882/addons/report_mrp/__init__.py
2026-02-03 10:02:03,654 - Knowledge - INFO - Fast-tracked /app/data/T0002/210882/b3694rp/odoo-210882/addons/report_mrp/__init__.py (ext=.py, size=1077)
2026-02-03 10:02:03,654 - Knowledge - INFO - Worker kw19 processing /app/data/T0002/210882/b3694rp/odoo-210882/addons/analytic_journal_billing_rate/__terp__.py
2026-02-03 10:02:03,676 - Knowledge - INFO - Worker kw19 processing /app/data/T0002/210882/b3694rp/odoo-210882/addons/analytic_journal_billing_rate/analytic_journal_billing_rate.py
2026-02-03 10:02:03,849 - Knowledge - INFO - Async storage completed for 10 embeddings
2026-02-03 10:02:04,343 - Knowledge - INFO - Fast-tracked /app/data/T0002/210882/b3694rp/odoo-210882/addons/analytic_journal_billing_rate/__terp__.py (small file (2049 bytes))
2026-02-03 10:02:04,751 - Knowledge - INFO - Async storage completed for 10 embeddings
2026-02-03 10:02:05,476 - Knowledge - INFO - process ingested knowledge for /app/data/T0002/210882/b3694rp/odoo-210882/addons/account_balance/wizard/__init__.py
2026-02-03 10:02:05,537 - Knowledge - INFO - process ingested knowledge for /app/data/T0002/210882/b3694rp/odoo-210882/addons/point_of_sale/pos_report.xml
2026-02-03 10:02:07,279 - Knowledge - INFO - process ingested knowledge for /app/data/T0002/210882/b3694rp/odoo-210882/addons/crm/crm_wizard.xml
2026-02-03 10:02:09,368 - Knowledge - INFO - process ingested knowledge for /app/data/T0002/210882/b3694rp/odoo-210882/addons/point_of_sale/report/pos_receipt.py
2026-02-03 10:02:10,445 - Knowledge - INFO - [LLM_CALL] Completed: hr.py:chunk1, Duration: 28272ms, PromptTokens: 4612, CompletionTokens: 461, Cost: $0.00065
2026-02-03 10:02:10,445 - Knowledge - INFO - done ingest for /app/data/T0002/210882/b3694rp/odoo-210882/addons/hr/hr.py
2026-02-03 10:02:11,351 - Knowledge - INFO - [kw17] Queue=841, InProgress=0, PendingWorkers=20/20, Completed=366/1263 (29.0%)
2026-02-03 10:02:11,355 - Knowledge - INFO - Batch sizing: calculated=8, max_allowed=10, queue=841, active_workers=20/20
2026-02-03 10:02:12,367 - Knowledge - INFO - [kw18] Queue=841, InProgress=0, PendingWorkers=20/20, Completed=367/1263 (29.1%)
2026-02-03 10:02:12,367 - Knowledge - INFO - Batch sizing: calculated=8, max_allowed=10, queue=841, active_workers=20/20
2026-02-03 10:02:12,453 - Knowledge - INFO - process ingested knowledge for /app/data/T0002/210882/b3694rp/odoo-210882/addons/account_balance/account_move_line.py
2026-02-03 10:02:12,647 - Knowledge - INFO - [kw16] Queue=841, InProgress=0, PendingWorkers=20/20, Completed=368/1263 (29.1%)
2026-02-03 10:02:12,661 - Knowledge - INFO - process ingested knowledge for /app/data/T0002/210882/b3694rp/odoo-210882/addons/point_of_sale/report/pos_details.py
2026-02-03 10:02:12,662 - Knowledge - INFO - Batch sizing: calculated=8, max_allowed=10, queue=841, active_workers=20/20
2026-02-03 10:02:12,956 - Knowledge - INFO - Async storing batch of 8 embeddings
2026-02-03 10:02:12,957 - Knowledge - INFO - Worker kw17 processing /app/data/T0002/210882/b3694rp/odoo-210882/addons/analytic_journal_billing_rate/analytic_journal_billing_rate_view.xml
2026-02-03 10:02:13,136 - Knowledge - INFO - Fast-tracked /app/data/T0002/210882/b3694rp/odoo-210882/addons/analytic_journal_billing_rate/analytic_journal_billing_rate_view.xml (ext=.xml, size=4251)
2026-02-03 10:02:13,142 - Knowledge - INFO - Worker kw17 processing /app/data/T0002/210882/b3694rp/odoo-210882/addons/analytic_journal_billing_rate/__init__.py
2026-02-03 10:02:13,242 - Knowledge - INFO - Fast-tracked /app/data/T0002/210882/b3694rp/odoo-210882/addons/analytic_journal_billing_rate/__init__.py (ext=.py, size=1094)
2026-02-03 10:02:13,247 - Knowledge - INFO - Worker kw17 processing /app/data/T0002/210882/b3694rp/odoo-210882/addons/report_document/__terp__.py
2026-02-03 10:02:13,474 - Knowledge - INFO - Fast-tracked /app/data/T0002/210882/b3694rp/odoo-210882/addons/report_document/__terp__.py (ext=.py, size=1559)
2026-02-03 10:02:13,565 - Knowledge - INFO - Worker kw17 processing /app/data/T0002/210882/b3694rp/odoo-210882/addons/report_document/report_document.py
2026-02-03 10:02:13,576 - Knowledge - INFO - Processing batch of 8 files
2026-02-03 10:02:13,577 - Knowledge - INFO - process ingested knowledge for /app/data/T0002/210882/b3694rp/odoo-210882/addons/point_of_sale/report/pos_lines.py
2026-02-03 10:02:13,670 - Knowledge - INFO - Worker kw17 processing /app/data/T0002/210882/b3694rp/odoo-210882/addons/report_document/report_document_view.xml
2026-02-03 10:02:13,758 - Knowledge - INFO - Fast-tracked /app/data/T0002/210882/b3694rp/odoo-210882/addons/report_document/report_document_view.xml (ext=.xml, size=13244)
2026-02-03 10:02:13,844 - Knowledge - INFO - Worker kw17 processing /app/data/T0002/210882/b3694rp/odoo-210882/addons/report_document/__init__.py
2026-02-03 10:02:13,872 - Knowledge - INFO - Fast-tracked /app/data/T0002/210882/b3694rp/odoo-210882/addons/report_document/__init__.py (ext=.py, size=1080)
2026-02-03 10:02:13,873 - Knowledge - INFO - Worker kw17 processing /app/data/T0002/210882/b3694rp/odoo-210882/addons/board_auction/__terp__.py
2026-02-03 10:02:13,944 - Knowledge - INFO - Fast-tracked /app/data/T0002/210882/b3694rp/odoo-210882/addons/board_auction/__terp__.py (ext=.py, size=1511)
2026-02-03 10:02:13,961 - Knowledge - INFO - Worker kw17 processing /app/data/T0002/210882/b3694rp/odoo-210882/addons/board_auction/board_auction_manager_view.xml
2026-02-03 10:02:14,064 - Knowledge - INFO - Fast-tracked /app/data/T0002/210882/b3694rp/odoo-210882/addons/board_auction/board_auction_manager_view.xml (ext=.xml, size=2349)
2026-02-03 10:02:14,660 - Knowledge - INFO - Async storing batch of 8 embeddings
2026-02-03 10:02:14,669 - Knowledge - INFO - Async storage completed for 8 embeddings
2026-02-03 10:02:14,754 - Knowledge - INFO - Worker kw18 processing /app/data/T0002/210882/b3694rp/odoo-210882/addons/board_auction/board_auction_demo.xml
2026-02-03 10:02:14,762 - Knowledge - INFO - Processing batch of 8 files
2026-02-03 10:02:15,269 - Knowledge - INFO - Fast-tracked /app/data/T0002/210882/b3694rp/odoo-210882/addons/board_auction/board_auction_demo.xml (ext=.xml, size=428)
2026-02-03 10:02:15,366 - Knowledge - INFO - Processing batch of 8 files
2026-02-03 10:02:15,368 - Knowledge - INFO - process ingested knowledge for /app/data/T0002/210882/b3694rp/odoo-210882/addons/scrum/wizard/backlog_to_task.py
2026-02-03 10:02:15,459 - Knowledge - INFO - Worker kw18 processing /app/data/T0002/210882/b3694rp/odoo-210882/addons/board_auction/board_auction_view.xml
2026-02-03 10:02:15,766 - Knowledge - INFO - process ingested knowledge for /app/data/T0002/210882/b3694rp/odoo-210882/addons/hr/process/hr_process.xml
2026-02-03 10:02:15,846 - Knowledge - INFO - [LLM_CALL] Completed: hr_department.py:chunk1, Duration: 34296ms, PromptTokens: 3198, CompletionTokens: 496, Cost: $0.00052
2026-02-03 10:02:15,884 - Knowledge - INFO - Fast-tracked /app/data/T0002/210882/b3694rp/odoo-210882/addons/board_auction/board_auction_view.xml (ext=.xml, size=1953)
2026-02-03 10:02:15,940 - Knowledge - INFO - process ingested knowledge for /app/data/T0002/210882/b3694rp/odoo-210882/addons/crm/crm.py
2026-02-03 10:02:15,946 - Knowledge - INFO - done ingest for /app/data/T0002/210882/b3694rp/odoo-210882/addons/hr/hr_department.py
2026-02-03 10:02:15,947 - Knowledge - INFO - process ingested knowledge for /app/data/T0002/210882/b3694rp/odoo-210882/addons/point_of_sale/report/pos_invoice.py
2026-02-03 10:02:15,972 - Knowledge - INFO - process ingested knowledge for /app/data/T0002/210882/b3694rp/odoo-210882/addons/point_of_sale/report/pos_details_summary.py
2026-02-03 10:02:16,044 - Knowledge - INFO - Worker kw18 processing /app/data/T0002/210882/b3694rp/odoo-210882/addons/board_auction/__init__.py
2026-02-03 10:02:16,541 - Knowledge - INFO - Fast-tracked /app/data/T0002/210882/b3694rp/odoo-210882/addons/board_auction/__init__.py (ext=.py, size=66)
2026-02-03 10:02:16,549 - Knowledge - INFO - Worker kw18 processing /app/data/T0002/210882/b3694rp/odoo-210882/addons/warning/__terp__.py
2026-02-03 10:02:16,659 - Knowledge - INFO - Fast-tracked /app/data/T0002/210882/b3694rp/odoo-210882/addons/warning/__terp__.py (ext=.py, size=1428)
2026-02-03 10:02:16,660 - Knowledge - INFO - Worker kw18 processing /app/data/T0002/210882/b3694rp/odoo-210882/addons/warning/warning.py
2026-02-03 10:02:16,737 - Knowledge - INFO - Worker kw18 processing /app/data/T0002/210882/b3694rp/odoo-210882/addons/warning/__init__.py
2026-02-03 10:02:16,755 - Knowledge - INFO - Fast-tracked /app/data/T0002/210882/b3694rp/odoo-210882/addons/warning/__init__.py (ext=.py, size=1074)
2026-02-03 10:02:16,761 - Knowledge - INFO - Worker kw18 processing /app/data/T0002/210882/b3694rp/odoo-210882/addons/warning/warning_view.xml
2026-02-03 10:02:16,778 - Knowledge - INFO - Fast-tracked /app/data/T0002/210882/b3694rp/odoo-210882/addons/warning/warning_view.xml (ext=.xml, size=3263)
2026-02-03 10:02:16,882 - Knowledge - INFO - Worker kw18 processing /app/data/T0002/210882/b3694rp/odoo-210882/addons/base_contact/__terp__.py
2026-02-03 10:02:17,456 - Knowledge - INFO - Fast-tracked /app/data/T0002/210882/b3694rp/odoo-210882/addons/base_contact/__terp__.py (small file (2207 bytes))
2026-02-03 10:02:17,471 - Knowledge - INFO - Async storage completed for 8 embeddings
2026-02-03 10:02:20,176 - Knowledge - INFO - process ingested knowledge for /app/data/T0002/210882/b3694rp/odoo-210882/addons/google_map/__terp__.py
2026-02-03 10:02:20,195 - Knowledge - INFO - process ingested knowledge for /app/data/T0002/210882/b3694rp/odoo-210882/addons/scrum/wizard/__init__.py
2026-02-03 10:02:21,763 - Knowledge - INFO - [kw8] Queue=825, InProgress=0, PendingWorkers=20/20, Completed=379/1263 (30.0%)
2026-02-03 10:02:21,766 - Knowledge - INFO - Batch sizing: calculated=8, max_allowed=10, queue=825, active_workers=20/20
2026-02-03 10:02:21,869 - Knowledge - INFO - Async storing batch of 10 embeddings
2026-02-03 10:02:21,876 - Knowledge - INFO - Processing batch of 8 files
2026-02-03 10:02:21,937 - Knowledge - INFO - process ingested knowledge for /app/data/T0002/210882/b3694rp/odoo-210882/addons/point_of_sale/wizard/wizard_default_journal.py
2026-02-03 10:02:21,938 - Knowledge - INFO - process ingested knowledge for /app/data/T0002/210882/b3694rp/odoo-210882/addons/point_of_sale/report/__init__.py
2026-02-03 10:02:21,963 - Knowledge - INFO - process ingested knowledge for /app/data/T0002/210882/b3694rp/odoo-210882/addons/google_map/wizard/google_map_launch.py
2026-02-03 10:02:22,148 - Knowledge - INFO - Worker kw16 processing /app/data/T0002/210882/b3694rp/odoo-210882/addons/base_contact/base_contact_demo.xml
2026-02-03 10:02:22,474 - Knowledge - INFO - Fast-tracked /app/data/T0002/210882/b3694rp/odoo-210882/addons/base_contact/base_contact_demo.xml (ext=.xml, size=20046)
2026-02-03 10:02:22,555 - Knowledge - INFO - Worker kw16 processing /app/data/T0002/210882/b3694rp/odoo-210882/addons/base_contact/base_contact.py
2026-02-03 10:02:22,846 - Knowledge - INFO - Worker kw16 processing /app/data/T0002/210882/b3694rp/odoo-210882/addons/base_contact/__init__.py
2026-02-03 10:02:22,971 - Knowledge - INFO - Fast-tracked /app/data/T0002/210882/b3694rp/odoo-210882/addons/base_contact/__init__.py (ext=.py, size=1078)
2026-02-03 10:02:23,069 - Knowledge - INFO - Worker kw16 processing /app/data/T0002/210882/b3694rp/odoo-210882/addons/base_contact/base_contact_view.xml
2026-02-03 10:02:23,172 - Knowledge - INFO - Fast-tracked /app/data/T0002/210882/b3694rp/odoo-210882/addons/base_contact/base_contact_view.xml (ext=.xml, size=16613)
2026-02-03 10:02:23,268 - Knowledge - INFO - Worker kw16 processing /app/data/T0002/210882/b3694rp/odoo-210882/addons/base_contact/process/base_contact_process.xml
2026-02-03 10:02:23,378 - Knowledge - INFO - Fast-tracked /app/data/T0002/210882/b3694rp/odoo-210882/addons/base_contact/process/base_contact_process.xml (ext=.xml, size=4318)
2026-02-03 10:02:23,379 - Knowledge - INFO - Worker kw16 processing /app/data/T0002/210882/b3694rp/odoo-210882/addons/report_purchase/__terp__.py
2026-02-03 10:02:23,556 - Knowledge - INFO - Fast-tracked /app/data/T0002/210882/b3694rp/odoo-210882/addons/report_purchase/__terp__.py (ext=.py, size=1614)
2026-02-03 10:02:23,566 - Knowledge - INFO - Worker kw16 processing /app/data/T0002/210882/b3694rp/odoo-210882/addons/report_purchase/report_purchase.py
2026-02-03 10:02:23,659 - Knowledge - INFO - Worker kw16 processing /app/data/T0002/210882/b3694rp/odoo-210882/addons/report_purchase/__init__.py
2026-02-03 10:02:23,882 - Knowledge - INFO - Fast-tracked /app/data/T0002/210882/b3694rp/odoo-210882/addons/report_purchase/__init__.py (ext=.py, size=1082)
2026-02-03 10:02:24,360 - Knowledge - INFO - [LLM_CALL] Completed: sprint_burndown.py:chunk1, Duration: 52993ms, PromptTokens: 2446, CompletionTokens: 522, Cost: $0.00045
2026-02-03 10:02:24,376 - Knowledge - INFO - done ingest for /app/data/T0002/210882/b3694rp/odoo-210882/addons/scrum/report/sprint_burndown.py
2026-02-03 10:02:26,637 - Knowledge - INFO - Async storage completed for 10 embeddings
2026-02-03 10:02:28,338 - Knowledge - INFO - process ingested knowledge for /app/data/T0002/210882/b3694rp/odoo-210882/addons/point_of_sale/wizard/wizard_pos_payment.py
2026-02-03 10:02:28,358 - Knowledge - INFO - process ingested knowledge for /app/data/T0002/210882/b3694rp/odoo-210882/addons/scrum/scrum_wizard.xml
2026-02-03 10:02:28,437 - Knowledge - INFO - process ingested knowledge for /app/data/T0002/210882/b3694rp/odoo-210882/addons/google_map/wizard/__init__.py
2026-02-03 10:02:31,461 - Knowledge - INFO - [LLM_CALL] Completed: report_mrp.py:chunk1, Duration: 27477ms, PromptTokens: 2422, CompletionTokens: 310, Cost: $0.00037
2026-02-03 10:02:31,467 - Knowledge - INFO - done ingest for /app/data/T0002/210882/b3694rp/odoo-210882/addons/report_mrp/report_mrp.py
2026-02-03 10:02:34,282 - Knowledge - INFO - [LLM_CALL] Completed: report_document.py:chunk1, Duration: 19911ms, PromptTokens: 3958, CompletionTokens: 352, Cost: $0.00054
2026-02-03 10:02:34,338 - Knowledge - INFO - done ingest for /app/data/T0002/210882/b3694rp/odoo-210882/addons/report_document/report_document.py
2026-02-03 10:02:35,558 - Knowledge - INFO - process ingested knowledge for /app/data/T0002/210882/b3694rp/odoo-210882/addons/point_of_sale/pos_data.xml
2026-02-03 10:02:35,580 - Knowledge - INFO - process ingested knowledge for /app/data/T0002/210882/b3694rp/odoo-210882/addons/point_of_sale/wizard/wizard_refund_order.py
2026-02-03 10:02:35,840 - Knowledge - INFO - process ingested knowledge for /app/data/T0002/210882/b3694rp/odoo-210882/addons/google_map/google_map.py
2026-02-03 10:02:35,852 - Knowledge - INFO - Async storing batch of 8 embeddings
2026-02-03 10:02:36,249 - Knowledge - INFO - Worker kw8 processing /app/data/T0002/210882/b3694rp/odoo-210882/addons/report_purchase/report_purchase_view.xml
2026-02-03 10:02:36,342 - Knowledge - INFO - Fast-tracked /app/data/T0002/210882/b3694rp/odoo-210882/addons/report_purchase/report_purchase_view.xml (ext=.xml, size=7151)
2026-02-03 10:02:36,361 - Knowledge - INFO - Worker kw8 processing /app/data/T0002/210882/b3694rp/odoo-210882/addons/sale_crm/__terp__.py
2026-02-03 10:02:36,665 - Knowledge - INFO - Worker kw8 processing /app/data/T0002/210882/b3694rp/odoo-210882/addons/sale_crm/wizard/makesale.py
2026-02-03 10:02:36,942 - Knowledge - INFO - Worker kw8 processing /app/data/T0002/210882/b3694rp/odoo-210882/addons/sale_crm/wizard/makecase.py
2026-02-03 10:02:37,049 - Knowledge - INFO - Worker kw8 processing /app/data/T0002/210882/b3694rp/odoo-210882/addons/sale_crm/wizard/__init__.py
2026-02-03 10:02:37,452 - Knowledge - INFO - Fast-tracked /app/data/T0002/210882/b3694rp/odoo-210882/addons/sale_crm/wizard/__init__.py (ext=.py, size=1090)
2026-02-03 10:02:37,452 - Knowledge - INFO - Worker kw8 processing /app/data/T0002/210882/b3694rp/odoo-210882/addons/sale_crm/sale_crm_wizard.xml
2026-02-03 10:02:37,575 - Knowledge - INFO - Fast-tracked /app/data/T0002/210882/b3694rp/odoo-210882/addons/sale_crm/sale_crm_wizard.xml (ext=.xml, size=495)
2026-02-03 10:02:37,649 - Knowledge - INFO - Worker kw8 processing /app/data/T0002/210882/b3694rp/odoo-210882/addons/sale_crm/__init__.py
2026-02-03 10:02:37,781 - Knowledge - INFO - Fast-tracked /app/data/T0002/210882/b3694rp/odoo-210882/addons/sale_crm/__init__.py (ext=.py, size=1072)
2026-02-03 10:02:37,842 - Knowledge - INFO - Worker kw8 processing /app/data/T0002/210882/b3694rp/odoo-210882/addons/sale_crm/process/sale_crm_process.xml
2026-02-03 10:02:37,936 - Knowledge - INFO - Fast-tracked /app/data/T0002/210882/b3694rp/odoo-210882/addons/sale_crm/process/sale_crm_process.xml (ext=.xml, size=5132)
2026-02-03 10:02:38,062 - Knowledge - INFO - Fast-tracked /app/data/T0002/210882/b3694rp/odoo-210882/addons/sale_crm/__terp__.py (small file (2030 bytes))
2026-02-03 10:02:38,257 - Knowledge - INFO - Processing batch of 8 files
2026-02-03 10:02:38,353 - Knowledge - INFO - process ingested knowledge for /app/data/T0002/210882/b3694rp/odoo-210882/addons/account_payment/account_invoice.py
2026-02-03 10:02:38,761 - Knowledge - INFO - [LLM_CALL] Completed: pos.py:chunk1, Duration: 70803ms, PromptTokens: 20278, CompletionTokens: 1893, Cost: $0.00278
2026-02-03 10:02:38,762 - Knowledge - INFO - done ingest for /app/data/T0002/210882/b3694rp/odoo-210882/addons/point_of_sale/pos.py
2026-02-03 10:02:38,863 - Knowledge - INFO - [LLM_CALL] Completed: scrum.py:chunk1, Duration: 66797ms, PromptTokens: 5630, CompletionTokens: 731, Cost: $0.00086
2026-02-03 10:02:38,946 - Knowledge - INFO - done ingest for /app/data/T0002/210882/b3694rp/odoo-210882/addons/scrum/scrum.py
2026-02-03 10:02:39,447 - Knowledge - INFO - Async storage completed for 8 embeddings
2026-02-03 10:02:40,941 - Knowledge - INFO - process ingested knowledge for /app/data/T0002/210882/b3694rp/odoo-210882/addons/point_of_sale/__terp__.py
2026-02-03 10:02:40,948 - Knowledge - INFO - process ingested knowledge for /app/data/T0002/210882/b3694rp/odoo-210882/addons/scrum/scrum_demo.xml
2026-02-03 10:02:41,075 - Knowledge - INFO - process ingested knowledge for /app/data/T0002/210882/b3694rp/odoo-210882/addons/google_map/google_map_wizard.xml
2026-02-03 10:02:42,248 - Knowledge - INFO - process ingested knowledge for /app/data/T0002/210882/b3694rp/odoo-210882/addons/account_payment/payment_report.xml
2026-02-03 10:02:43,737 - Knowledge - INFO - [LLM_CALL] Completed: wizard_populate_statement.py:chunk1, Duration: 41162ms, PromptTokens: 3270, CompletionTokens: 352, Cost: $0.00047
2026-02-03 10:02:43,748 - Knowledge - INFO - done ingest for /app/data/T0002/210882/b3694rp/odoo-210882/addons/account_payment/wizard/wizard_populate_statement.py
2026-02-03 10:02:44,275 - Knowledge - INFO - [LLM_CALL] Completed: report_purchase.py:chunk1, Duration: 18036ms, PromptTokens: 2982, CompletionTokens: 249, Cost: $0.00040
2026-02-03 10:02:44,362 - Knowledge - INFO - done ingest for /app/data/T0002/210882/b3694rp/odoo-210882/addons/report_purchase/report_purchase.py
2026-02-03 10:02:44,758 - Knowledge - INFO - [LLM_CALL] Completed: analytic_journal_billing_rate.py:chunk1, Duration: 40206ms, PromptTokens: 3222, CompletionTokens: 511, Cost: $0.00053
2026-02-03 10:02:44,758 - Knowledge - INFO - done ingest for /app/data/T0002/210882/b3694rp/odoo-210882/addons/analytic_journal_billing_rate/analytic_journal_billing_rate.py
2026-02-03 10:02:45,243 - Knowledge - INFO - process ingested knowledge for /app/data/T0002/210882/b3694rp/odoo-210882/addons/point_of_sale/wizard/wizard_confirm.py
2026-02-03 10:02:45,285 - Knowledge - INFO - process ingested knowledge for /app/data/T0002/210882/b3694rp/odoo-210882/addons/point_of_sale/wizard/wizard_add_product.py
2026-02-03 10:02:45,362 - Knowledge - INFO - process ingested knowledge for /app/data/T0002/210882/b3694rp/odoo-210882/addons/scrum/scrum_view.xml
2026-02-03 10:02:45,448 - Knowledge - INFO - process ingested knowledge for /app/data/T0002/210882/b3694rp/odoo-210882/addons/google_map/google_map_view.xml
2026-02-03 10:02:45,652 - Knowledge - INFO - [LLM_CALL] Completed: task_burndown.py:chunk1, Duration: 74476ms, PromptTokens: 3390, CompletionTokens: 529, Cost: $0.00055
2026-02-03 10:02:45,652 - Knowledge - INFO - done ingest for /app/data/T0002/210882/b3694rp/odoo-210882/addons/scrum/report/task_burndown.py
2026-02-03 10:02:46,044 - Knowledge - INFO - Processing batch of 8 files
2026-02-03 10:02:46,044 - Knowledge - INFO - process ingested knowledge for /app/data/T0002/210882/b3694rp/odoo-210882/addons/hr/security/hr_security.xml
2026-02-03 10:02:47,637 - Knowledge - INFO - process ingested knowledge for /app/data/T0002/210882/b3694rp/odoo-210882/addons/point_of_sale/wizard/wizard_get_sale.py
2026-02-03 10:02:50,052 - Knowledge - INFO - process ingested knowledge for /app/data/T0002/210882/b3694rp/odoo-210882/addons/scrum/__init__.py
2026-02-03 10:02:50,174 - Knowledge - INFO - process ingested knowledge for /app/data/T0002/210882/b3694rp/odoo-210882/addons/account_payment/security/account_payment_security.xml
2026-02-03 10:02:50,259 - Knowledge - INFO - [WEBSOCKET] Sent: Type=progress_update, Size: 296, Duration: 0ms
2026-02-03 10:02:50,338 - Knowledge - INFO - [WEBSOCKET] Sent: Type=unknown, Size: ?, Duration: 79ms
2026-02-03 10:02:50,339 - Knowledge - INFO - Progress: 31.4% | Files: 396/1263 | Rate: 1.19 files/sec | Queue: 809
2026-02-03 10:02:50,363 - Knowledge - INFO - process ingested knowledge for /app/data/T0002/210882/b3694rp/odoo-210882/addons/hr/hr_department.py
2026-02-03 10:02:50,653 - Knowledge - INFO - [LLM_CALL] Completed: account_move_line.py:chunk1, Duration: 47584ms, PromptTokens: 2966, CompletionTokens: 371, Cost: $0.00044
2026-02-03 10:02:50,654 - Knowledge - INFO - process ingested knowledge for /app/data/T0002/210882/b3694rp/odoo-210882/addons/point_of_sale/wizard/wizard_discount.py
2026-02-03 10:02:50,749 - Knowledge - INFO - done ingest for /app/data/T0002/210882/b3694rp/odoo-210882/addons/account_payment/account_move_line.py
2026-02-03 10:02:52,062 - Knowledge - INFO - process ingested knowledge for /app/data/T0002/210882/b3694rp/odoo-210882/addons/google_map/__init__.py
2026-02-03 10:02:52,741 - Knowledge - INFO - [LLM_CALL] Completed: warning.py:chunk1, Duration: 35669ms, PromptTokens: 6070, CompletionTokens: 629, Cost: $0.00086
2026-02-03 10:02:52,766 - Knowledge - INFO - done ingest for /app/data/T0002/210882/b3694rp/odoo-210882/addons/warning/warning.py
2026-02-03 10:02:53,377 - Knowledge - INFO - process ingested knowledge for /app/data/T0002/210882/b3694rp/odoo-210882/addons/account_payment/report/payment_order.py
2026-02-03 10:02:54,258 - Knowledge - INFO - [kw14] Queue=809, InProgress=0, PendingWorkers=20/20, Completed=399/1263 (31.6%)
2026-02-03 10:02:54,271 - Knowledge - INFO - Batch sizing: calculated=8, max_allowed=10, queue=809, active_workers=20/20
2026-02-03 10:02:55,367 - Knowledge - INFO - process ingested knowledge for /app/data/T0002/210882/b3694rp/odoo-210882/addons/point_of_sale/wizard/wizard_scan_product.py
2026-02-03 10:02:55,548 - Knowledge - INFO - process ingested knowledge for /app/data/T0002/210882/b3694rp/odoo-210882/addons/scrum/process/scrum_process.xml
2026-02-03 10:02:57,141 - Knowledge - INFO - Async storing batch of 8 embeddings
2026-02-03 10:02:57,143 - Knowledge - INFO - process ingested knowledge for /app/data/T0002/210882/b3694rp/odoo-210882/addons/hr/hr_department_view.xml
2026-02-03 10:02:57,163 - Knowledge - INFO - Worker kw14 processing /app/data/T0002/210882/b3694rp/odoo-210882/addons/sale_crm/sale_crm_view.xml
2026-02-03 10:02:57,456 - Knowledge - INFO - Fast-tracked /app/data/T0002/210882/b3694rp/odoo-210882/addons/sale_crm/sale_crm_view.xml (ext=.xml, size=616)
2026-02-03 10:02:57,456 - Knowledge - INFO - Worker kw14 processing /app/data/T0002/210882/b3694rp/odoo-210882/addons/hr_holidays/hr_holidays_report.xml
2026-02-03 10:02:57,550 - Knowledge - INFO - Fast-tracked /app/data/T0002/210882/b3694rp/odoo-210882/addons/hr_holidays/hr_holidays_report.xml (ext=.xml, size=272)
2026-02-03 10:02:57,649 - Knowledge - INFO - Worker kw14 processing /app/data/T0002/210882/b3694rp/odoo-210882/addons/hr_holidays/hr_bel_holidays_2008.xml
2026-02-03 10:02:57,844 - Knowledge - INFO - Fast-tracked /app/data/T0002/210882/b3694rp/odoo-210882/addons/hr_holidays/hr_bel_holidays_2008.xml (ext=.xml, size=2414)
2026-02-03 10:02:57,850 - Knowledge - INFO - Worker kw14 processing /app/data/T0002/210882/b3694rp/odoo-210882/addons/hr_holidays/report/holidays_summary_report.py
2026-02-03 10:02:57,944 - Knowledge - INFO - Worker kw14 processing /app/data/T0002/210882/b3694rp/odoo-210882/addons/hr_holidays/report/__init__.py
2026-02-03 10:02:58,141 - Knowledge - INFO - Fast-tracked /app/data/T0002/210882/b3694rp/odoo-210882/addons/hr_holidays/report/__init__.py (ext=.py, size=124)
2026-02-03 10:02:58,141 - Knowledge - INFO - Worker kw14 processing /app/data/T0002/210882/b3694rp/odoo-210882/addons/hr_holidays/__terp__.py
2026-02-03 10:02:58,261 - Knowledge - INFO - process ingested knowledge for /app/data/T0002/210882/b3694rp/odoo-210882/addons/hr/hr_department_demo.xml
2026-02-03 10:02:58,272 - Knowledge - INFO - Worker kw14 processing /app/data/T0002/210882/b3694rp/odoo-210882/addons/hr_holidays/wizard/holidays_summary.py
2026-02-03 10:02:58,356 - Knowledge - INFO - process ingested knowledge for /app/data/T0002/210882/b3694rp/odoo-210882/addons/account_payment/report/__init__.py
2026-02-03 10:02:58,370 - Knowledge - INFO - process ingested knowledge for /app/data/T0002/210882/b3694rp/odoo-210882/addons/point_of_sale/wizard/__init__.py
2026-02-03 10:02:58,448 - Knowledge - INFO - Worker kw14 processing /app/data/T0002/210882/b3694rp/odoo-210882/addons/hr_holidays/wizard/holidays_summary_employees.py
2026-02-03 10:02:59,172 - Knowledge - INFO - Fast-tracked /app/data/T0002/210882/b3694rp/odoo-210882/addons/hr_holidays/__terp__.py (small file (2548 bytes))
2026-02-03 10:02:59,236 - Knowledge - INFO - process ingested knowledge for /app/data/T0002/210882/b3694rp/odoo-210882/addons/hr/__terp__.py
2026-02-03 10:02:59,346 - Knowledge - INFO - [kw3] Queue=801, InProgress=0, PendingWorkers=20/20, Completed=411/1263 (32.5%)
2026-02-03 10:02:59,346 - Knowledge - INFO - Batch sizing: calculated=8, max_allowed=10, queue=801, active_workers=20/20
2026-02-03 10:02:59,636 - Knowledge - INFO - process ingested knowledge for /app/data/T0002/210882/b3694rp/odoo-210882/addons/point_of_sale/pos_wizard.xml
2026-02-03 10:02:59,652 - Knowledge - INFO - Fast-tracked /app/data/T0002/210882/b3694rp/odoo-210882/addons/hr_holidays/wizard/holidays_summary_employees.py (small file (2022 bytes))
2026-02-03 10:02:59,758 - Knowledge - INFO - [LLM_CALL] Completed: makecase.py:chunk1, Duration: 20521ms, PromptTokens: 2368, CompletionTokens: 307, Cost: $0.00036
2026-02-03 10:02:59,851 - Knowledge - INFO - Async storage completed for 8 embeddings
2026-02-03 10:02:59,957 - Knowledge - INFO - done ingest for /app/data/T0002/210882/b3694rp/odoo-210882/addons/sale_crm/wizard/makecase.py
2026-02-03 10:03:00,847 - Knowledge - INFO - process ingested knowledge for /app/data/T0002/210882/b3694rp/odoo-210882/addons/hr/hr.py
2026-02-03 10:03:02,040 - Knowledge - INFO - [LLM_CALL] Completed: base_contact.py:chunk1, Duration: 37781ms, PromptTokens: 4356, CompletionTokens: 560, Cost: $0.00066
2026-02-03 10:03:02,049 - Knowledge - INFO - done ingest for /app/data/T0002/210882/b3694rp/odoo-210882/addons/base_contact/base_contact.py
2026-02-03 10:03:02,148 - Knowledge - INFO - [kw6] Queue=801, InProgress=0, PendingWorkers=20/20, Completed=413/1263 (32.7%)
2026-02-03 10:03:02,237 - Knowledge - INFO - Batch sizing: calculated=8, max_allowed=10, queue=801, active_workers=20/20
2026-02-03 10:03:03,453 - Knowledge - INFO - [LLM_CALL] Completed: makesale.py:chunk1, Duration: 25013ms, PromptTokens: 3906, CompletionTokens: 365, Cost: $0.00054
2026-02-03 10:03:03,453 - Knowledge - INFO - done ingest for /app/data/T0002/210882/b3694rp/odoo-210882/addons/sale_crm/wizard/makesale.py
2026-02-03 10:03:03,962 - Knowledge - INFO - process ingested knowledge for /app/data/T0002/210882/b3694rp/odoo-210882/addons/account_payment/account_invoice_view.xml
2026-02-03 10:03:04,658 - Knowledge - INFO - process ingested knowledge for /app/data/T0002/210882/b3694rp/odoo-210882/addons/point_of_sale/pos_sequence.xml
2026-02-03 10:03:06,151 - Knowledge - INFO - Async storing batch of 8 embeddings
2026-02-03 10:03:06,443 - Knowledge - INFO - Worker kw6 processing /app/data/T0002/210882/b3694rp/odoo-210882/addons/hr_holidays/wizard/__init__.py
2026-02-03 10:03:06,473 - Knowledge - INFO - Fast-tracked /app/data/T0002/210882/b3694rp/odoo-210882/addons/hr_holidays/wizard/__init__.py (ext=.py, size=151)
2026-02-03 10:03:06,478 - Knowledge - INFO - Worker kw6 processing /app/data/T0002/210882/b3694rp/odoo-210882/addons/hr_holidays/hr.py
2026-02-03 10:03:06,568 - Knowledge - INFO - Worker kw6 processing /app/data/T0002/210882/b3694rp/odoo-210882/addons/hr_holidays/hr_holidays_wizard.xml
2026-02-03 10:03:06,650 - Knowledge - INFO - Fast-tracked /app/data/T0002/210882/b3694rp/odoo-210882/addons/hr_holidays/hr_holidays_wizard.xml (ext=.xml, size=686)
2026-02-03 10:03:06,651 - Knowledge - INFO - Worker kw6 processing /app/data/T0002/210882/b3694rp/odoo-210882/addons/hr_holidays/hr_workflow.xml
2026-02-03 10:03:06,754 - Knowledge - INFO - Fast-tracked /app/data/T0002/210882/b3694rp/odoo-210882/addons/hr_holidays/hr_workflow.xml (ext=.xml, size=2880)
2026-02-03 10:03:06,754 - Knowledge - INFO - Worker kw6 processing /app/data/T0002/210882/b3694rp/odoo-210882/addons/hr_holidays/hr_view.xml
2026-02-03 10:03:06,950 - Knowledge - INFO - Fast-tracked /app/data/T0002/210882/b3694rp/odoo-210882/addons/hr_holidays/hr_view.xml (ext=.xml, size=13593)
2026-02-03 10:03:06,969 - Knowledge - INFO - Worker kw6 processing /app/data/T0002/210882/b3694rp/odoo-210882/addons/hr_holidays/__init__.py
2026-02-03 10:03:07,037 - Knowledge - INFO - Fast-tracked /app/data/T0002/210882/b3694rp/odoo-210882/addons/hr_holidays/__init__.py (ext=.py, size=131)
2026-02-03 10:03:07,047 - Knowledge - INFO - Worker kw6 processing /app/data/T0002/210882/b3694rp/odoo-210882/addons/hr_holidays/process/hr_holidays_process.xml
2026-02-03 10:03:07,080 - Knowledge - INFO - Fast-tracked /app/data/T0002/210882/b3694rp/odoo-210882/addons/hr_holidays/process/hr_holidays_process.xml (ext=.xml, size=9646)
2026-02-03 10:03:07,136 - Knowledge - INFO - Worker kw6 processing /app/data/T0002/210882/b3694rp/odoo-210882/addons/sale_analytic_plans/__terp__.py
2026-02-03 10:03:07,158 - Knowledge - INFO - Fast-tracked /app/data/T0002/210882/b3694rp/odoo-210882/addons/sale_analytic_plans/__terp__.py (ext=.py, size=1581)
2026-02-03 10:03:07,474 - Knowledge - INFO - Async storage completed for 8 embeddings
2026-02-03 10:03:07,857 - Knowledge - INFO - Async storing batch of 8 embeddings
2026-02-03 10:03:07,966 - Knowledge - INFO - process ingested knowledge for /app/data/T0002/210882/b3694rp/odoo-210882/addons/account_payment/__terp__.py
2026-02-03 10:03:08,037 - Knowledge - INFO - Worker kw3 processing /app/data/T0002/210882/b3694rp/odoo-210882/addons/sale_analytic_plans/sale_analytic_plans.py
2026-02-03 10:03:08,055 - Knowledge - INFO - process ingested knowledge for /app/data/T0002/210882/b3694rp/odoo-210882/addons/hr/hr_demo.xml
2026-02-03 10:03:08,078 - Knowledge - INFO - Fast-tracked /app/data/T0002/210882/b3694rp/odoo-210882/addons/sale_analytic_plans/sale_analytic_plans.py (ext=.py, size=1782)
2026-02-03 10:03:08,179 - Knowledge - INFO - Worker kw3 processing /app/data/T0002/210882/b3694rp/odoo-210882/addons/sale_analytic_plans/__init__.py
2026-02-03 10:03:08,338 - Knowledge - INFO - Fast-tracked /app/data/T0002/210882/b3694rp/odoo-210882/addons/sale_analytic_plans/__init__.py (ext=.py, size=1219)
2026-02-03 10:03:08,447 - Knowledge - INFO - Worker kw3 processing /app/data/T0002/210882/b3694rp/odoo-210882/addons/sale_analytic_plans/sale_analytic_plans_view.xml
2026-02-03 10:03:08,476 - Knowledge - INFO - Fast-tracked /app/data/T0002/210882/b3694rp/odoo-210882/addons/sale_analytic_plans/sale_analytic_plans_view.xml (ext=.xml, size=1324)
2026-02-03 10:03:08,540 - Knowledge - INFO - Processing batch of 8 files
2026-02-03 10:03:08,540 - Knowledge - INFO - Worker kw3 processing /app/data/T0002/210882/b3694rp/odoo-210882/addons/l10n_ch_chart_c2c_pcg/wizard.xml
2026-02-03 10:03:08,543 - Knowledge - INFO - process ingested knowledge for /app/data/T0002/210882/b3694rp/odoo-210882/addons/account_payment/__init__.py
2026-02-03 10:03:08,558 - Knowledge - INFO - [LLM_CALL] Completed: payment.py:chunk1, Duration: 64995ms, PromptTokens: 9516, CompletionTokens: 1005, Cost: $0.00135
2026-02-03 10:03:08,559 - Knowledge - INFO - Fast-tracked /app/data/T0002/210882/b3694rp/odoo-210882/addons/l10n_ch_chart_c2c_pcg/wizard.xml (ext=.xml, size=959)
2026-02-03 10:03:08,562 - Knowledge - INFO - done ingest for /app/data/T0002/210882/b3694rp/odoo-210882/addons/account_payment/payment.py
2026-02-03 10:03:08,562 - Knowledge - INFO - Worker kw3 processing /app/data/T0002/210882/b3694rp/odoo-210882/addons/l10n_ch_chart_c2c_pcg/account.xml
2026-02-03 10:03:08,578 - Knowledge - INFO - Fast-tracked /app/data/T0002/210882/b3694rp/odoo-210882/addons/l10n_ch_chart_c2c_pcg/account.xml (ext=.xml, size=579357)
2026-02-03 10:03:08,636 - Knowledge - INFO - Worker kw3 processing /app/data/T0002/210882/b3694rp/odoo-210882/addons/l10n_ch_chart_c2c_pcg/vat.xml
2026-02-03 10:03:08,643 - Knowledge - INFO - Fast-tracked /app/data/T0002/210882/b3694rp/odoo-210882/addons/l10n_ch_chart_c2c_pcg/vat.xml (ext=.xml, size=22454)
2026-02-03 10:03:08,650 - Knowledge - INFO - Worker kw3 processing /app/data/T0002/210882/b3694rp/odoo-210882/addons/l10n_ch_chart_c2c_pcg/__terp__.py
2026-02-03 10:03:08,749 - Knowledge - INFO - Fast-tracked /app/data/T0002/210882/b3694rp/odoo-210882/addons/l10n_ch_chart_c2c_pcg/__terp__.py (ext=.py, size=1994)
2026-02-03 10:03:08,764 - Knowledge - INFO - Worker kw3 processing /app/data/T0002/210882/b3694rp/odoo-210882/addons/l10n_ch_chart_c2c_pcg/wizard/config.py
2026-02-03 10:03:08,872 - Knowledge - INFO - Processing batch of 8 files
2026-02-03 10:03:08,873 - Knowledge - INFO - process ingested knowledge for /app/data/T0002/210882/b3694rp/odoo-210882/addons/point_of_sale/pos.py
2026-02-03 10:03:09,951 - Knowledge - INFO - Async storage completed for 8 embeddings
2026-02-03 10:03:12,546 - Knowledge - INFO - [LLM_CALL] Completed: holidays_summary_report.py:chunk1, Duration: 13779ms, PromptTokens: 5548, CompletionTokens: 397, Cost: $0.00071
2026-02-03 10:03:12,552 - Knowledge - INFO - done ingest for /app/data/T0002/210882/b3694rp/odoo-210882/addons/hr_holidays/report/holidays_summary_report.py
2026-02-03 10:03:13,373 - Knowledge - INFO - [LLM_CALL] Completed: holidays_summary.py:chunk1, Duration: 14111ms, PromptTokens: 2460, CompletionTokens: 253, Cost: $0.00035
2026-02-03 10:03:13,373 - Knowledge - INFO - done ingest for /app/data/T0002/210882/b3694rp/odoo-210882/addons/hr_holidays/wizard/holidays_summary.py
2026-02-03 10:03:13,665 - Knowledge - INFO - process ingested knowledge for /app/data/T0002/210882/b3694rp/odoo-210882/addons/account_payment/wizard/wizard_payment_order.py
2026-02-03 10:03:13,741 - Knowledge - INFO - process ingested knowledge for /app/data/T0002/210882/b3694rp/odoo-210882/addons/hr/hr_view.xml
2026-02-03 10:03:13,749 - Knowledge - INFO - process ingested knowledge for /app/data/T0002/210882/b3694rp/odoo-210882/addons/account_payment/payment_view.xml
2026-02-03 10:03:15,550 - Knowledge - INFO - [WEBSOCKET] Sent: Type=progress_update, Size: 296, Duration: 0ms
2026-02-03 10:03:15,637 - Knowledge - INFO - [WEBSOCKET] Sent: Type=unknown, Size: ?, Duration: 86ms
2026-02-03 10:03:15,637 - Knowledge - INFO - Progress: 33.9% | Files: 429/1263 | Rate: 1.19 files/sec | Queue: 785
2026-02-03 10:03:16,137 - Knowledge - INFO - [kw12] Queue=785, InProgress=0, PendingWorkers=20/20, Completed=431/1263 (34.1%)
2026-02-03 10:03:16,153 - Knowledge - INFO - process ingested knowledge for /app/data/T0002/210882/b3694rp/odoo-210882/addons/point_of_sale/pos_workflow.xml
2026-02-03 10:03:16,157 - Knowledge - INFO - Batch sizing: calculated=8, max_allowed=10, queue=785, active_workers=20/20
2026-02-03 10:03:16,158 - Knowledge - INFO - process ingested knowledge for /app/data/T0002/210882/b3694rp/odoo-210882/addons/report_mrp/__terp__.py
2026-02-03 10:03:17,778 - Knowledge - INFO - [kw11] Queue=785, InProgress=0, PendingWorkers=20/20, Completed=432/1263 (34.2%)
2026-02-03 10:03:17,960 - Knowledge - INFO - Batch sizing: calculated=8, max_allowed=10, queue=785, active_workers=20/20
2026-02-03 10:03:18,052 - Knowledge - INFO - process ingested knowledge for /app/data/T0002/210882/b3694rp/odoo-210882/addons/point_of_sale/stock.py
2026-02-03 10:03:18,065 - Knowledge - INFO - Async storing batch of 8 embeddings
2026-02-03 10:03:18,166 - Knowledge - INFO - Worker kw12 processing /app/data/T0002/210882/b3694rp/odoo-210882/addons/l10n_ch_chart_c2c_pcg/wizard/__init__.py
2026-02-03 10:03:18,240 - Knowledge - INFO - Fast-tracked /app/data/T0002/210882/b3694rp/odoo-210882/addons/l10n_ch_chart_c2c_pcg/wizard/__init__.py (ext=.py, size=1296)
2026-02-03 10:03:18,241 - Knowledge - INFO - Worker kw12 processing /app/data/T0002/210882/b3694rp/odoo-210882/addons/l10n_ch_chart_c2c_pcg/tax_template_view.xml
2026-02-03 10:03:18,248 - Knowledge - INFO - Fast-tracked /app/data/T0002/210882/b3694rp/odoo-210882/addons/l10n_ch_chart_c2c_pcg/tax_template_view.xml (ext=.xml, size=2279)
2026-02-03 10:03:18,253 - Knowledge - INFO - Worker kw12 processing /app/data/T0002/210882/b3694rp/odoo-210882/addons/l10n_ch_chart_c2c_pcg/__init__.py
2026-02-03 10:03:18,263 - Knowledge - INFO - Fast-tracked /app/data/T0002/210882/b3694rp/odoo-210882/addons/l10n_ch_chart_c2c_pcg/__init__.py (ext=.py, size=1228)
2026-02-03 10:03:18,271 - Knowledge - INFO - Worker kw12 processing /app/data/T0002/210882/b3694rp/odoo-210882/addons/base_module_publish/scripts/mtree_interface.php
2026-02-03 10:03:18,437 - Knowledge - INFO - Fast-tracked /app/data/T0002/210882/b3694rp/odoo-210882/addons/base_module_publish/scripts/mtree_interface.php (ext=.php, size=681)
2026-02-03 10:03:18,438 - Knowledge - INFO - Worker kw12 processing /app/data/T0002/210882/b3694rp/odoo-210882/addons/base_module_publish/scripts/mtree_upload.php
2026-02-03 10:03:18,456 - Knowledge - INFO - Fast-tracked /app/data/T0002/210882/b3694rp/odoo-210882/addons/base_module_publish/scripts/mtree_upload.php (ext=.php, size=1025)
2026-02-03 10:03:18,456 - Knowledge - INFO - Worker kw12 processing /app/data/T0002/210882/b3694rp/odoo-210882/addons/base_module_publish/__terp__.py
2026-02-03 10:03:18,476 - Knowledge - INFO - Fast-tracked /app/data/T0002/210882/b3694rp/odoo-210882/addons/base_module_publish/__terp__.py (ext=.py, size=1821)
2026-02-03 10:03:18,476 - Knowledge - INFO - Worker kw12 processing /app/data/T0002/210882/b3694rp/odoo-210882/addons/base_module_publish/wizard/wizard_module_export.py
2026-02-03 10:03:18,542 - Knowledge - INFO - Worker kw12 processing /app/data/T0002/210882/b3694rp/odoo-210882/addons/base_module_publish/wizard/base_module_publish_all.py
2026-02-03 10:03:18,760 - Knowledge - INFO - Fast-tracked /app/data/T0002/210882/b3694rp/odoo-210882/addons/base_module_publish/wizard/wizard_module_export.py (small file (2516 bytes))
2026-02-03 10:03:19,077 - Knowledge - INFO - Async storage completed for 8 embeddings
2026-02-03 10:03:19,670 - Knowledge - INFO - [kw7] Queue=777, InProgress=0, PendingWorkers=20/20, Completed=438/1263 (34.7%)
2026-02-03 10:03:19,741 - Knowledge - INFO - Batch sizing: calculated=8, max_allowed=10, queue=777, active_workers=20/20
2026-02-03 10:03:19,867 - Knowledge - INFO - Processing batch of 8 files
2026-02-03 10:03:19,868 - Knowledge - INFO - process ingested knowledge for /app/data/T0002/210882/b3694rp/odoo-210882/addons/report_project/__init__.py
2026-02-03 10:03:20,576 - Knowledge - INFO - Async storing batch of 8 embeddings
2026-02-03 10:03:20,582 - Knowledge - INFO - process ingested knowledge for /app/data/T0002/210882/b3694rp/odoo-210882/addons/hr/__init__.py
2026-02-03 10:03:20,849 - Knowledge - INFO - Worker kw11 processing /app/data/T0002/210882/b3694rp/odoo-210882/addons/base_module_publish/wizard/base_module_publish.py
2026-02-03 10:03:20,860 - Knowledge - INFO - Worker kw11 processing /app/data/T0002/210882/b3694rp/odoo-210882/addons/base_module_publish/wizard/__init__.py
2026-02-03 10:03:20,878 - Knowledge - INFO - Fast-tracked /app/data/T0002/210882/b3694rp/odoo-210882/addons/base_module_publish/wizard/__init__.py (ext=.py, size=1145)
2026-02-03 10:03:20,878 - Knowledge - INFO - Worker kw11 processing /app/data/T0002/210882/b3694rp/odoo-210882/addons/base_module_publish/wizard/module_zip.py
2026-02-03 10:03:20,951 - Knowledge - INFO - Fast-tracked /app/data/T0002/210882/b3694rp/odoo-210882/addons/base_module_publish/wizard/module_zip.py (ext=.py, size=1682)
2026-02-03 10:03:20,956 - Knowledge - INFO - Worker kw11 processing /app/data/T0002/210882/b3694rp/odoo-210882/addons/base_module_publish/base_module_publish_wizard.xml
2026-02-03 10:03:21,073 - Knowledge - INFO - Fast-tracked /app/data/T0002/210882/b3694rp/odoo-210882/addons/base_module_publish/base_module_publish_wizard.xml (ext=.xml, size=570)
2026-02-03 10:03:21,073 - Knowledge - INFO - Worker kw11 processing /app/data/T0002/210882/b3694rp/odoo-210882/addons/base_module_publish/__init__.py
2026-02-03 10:03:21,142 - Knowledge - INFO - Fast-tracked /app/data/T0002/210882/b3694rp/odoo-210882/addons/base_module_publish/__init__.py (ext=.py, size=1073)
2026-02-03 10:03:21,142 - Knowledge - INFO - Worker kw11 processing /app/data/T0002/210882/b3694rp/odoo-210882/addons/base_report_designer/__terp__.py
2026-02-03 10:03:21,168 - Knowledge - INFO - Fast-tracked /app/data/T0002/210882/b3694rp/odoo-210882/addons/base_report_designer/__terp__.py (ext=.py, size=1566)
2026-02-03 10:03:21,243 - Knowledge - INFO - Worker kw11 processing /app/data/T0002/210882/b3694rp/odoo-210882/addons/base_report_designer/base_report_data.xml
2026-02-03 10:03:21,270 - Knowledge - INFO - Fast-tracked /app/data/T0002/210882/b3694rp/odoo-210882/addons/base_report_designer/base_report_data.xml (ext=.xml, size=894)
2026-02-03 10:03:21,276 - Knowledge - INFO - Worker kw11 processing /app/data/T0002/210882/b3694rp/odoo-210882/addons/base_report_designer/wizard/base_report_designer_modify.py
2026-02-03 10:03:21,364 - Knowledge - INFO - process ingested knowledge for /app/data/T0002/210882/b3694rp/odoo-210882/addons/report_mrp/report_mrp.py
2026-02-03 10:03:21,367 - Knowledge - INFO - process ingested knowledge for /app/data/T0002/210882/b3694rp/odoo-210882/addons/point_of_sale/pos_view.xml
2026-02-03 10:03:21,960 - Knowledge - INFO - Async storage completed for 8 embeddings
2026-02-03 10:03:22,161 - Knowledge - INFO - process ingested knowledge for /app/data/T0002/210882/b3694rp/odoo-210882/addons/scrum/scrum_report.xml
2026-02-03 10:03:23,346 - Knowledge - INFO - [LLM_CALL] Completed: config.py:chunk1, Duration: 14309ms, PromptTokens: 3240, CompletionTokens: 493, Cost: $0.00052
2026-02-03 10:03:23,371 - Knowledge - INFO - done ingest for /app/data/T0002/210882/b3694rp/odoo-210882/addons/l10n_ch_chart_c2c_pcg/wizard/config.py
2026-02-03 10:03:23,536 - Knowledge - INFO - Processing batch of 8 files
2026-02-03 10:03:23,537 - Knowledge - INFO - process ingested knowledge for /app/data/T0002/210882/b3694rp/odoo-210882/addons/analytic_journal_billing_rate/analytic_journal_billing_rate_view.xml
2026-02-03 10:03:23,639 - Knowledge - INFO - process ingested knowledge for /app/data/T0002/210882/b3694rp/odoo-210882/addons/report_mrp/report_mrp_view.xml
2026-02-03 10:03:23,945 - Knowledge - INFO - Processing batch of 8 files
2026-02-03 10:03:23,982 - Knowledge - INFO - process ingested knowledge for /app/data/T0002/210882/b3694rp/odoo-210882/addons/board_auction/board_auction_demo.xml
2026-02-03 10:03:24,737 - Knowledge - INFO - Async storing batch of 8 embeddings
2026-02-03 10:03:24,748 - Knowledge - INFO - Worker kw7 processing /app/data/T0002/210882/b3694rp/odoo-210882/addons/base_report_designer/wizard/tiny_sxw2rml/tiny_sxw2rml.py
2026-02-03 10:03:24,839 - Knowledge - INFO - Worker kw7 processing /app/data/T0002/210882/b3694rp/odoo-210882/addons/base_report_designer/wizard/tiny_sxw2rml/__init__.py
2026-02-03 10:03:25,156 - Knowledge - INFO - Fast-tracked /app/data/T0002/210882/b3694rp/odoo-210882/addons/base_report_designer/wizard/tiny_sxw2rml/__init__.py (ext=.py, size=1091)
2026-02-03 10:03:25,173 - Knowledge - INFO - Worker kw7 processing /app/data/T0002/210882/b3694rp/odoo-210882/addons/base_report_designer/wizard/__init__.py
2026-02-03 10:03:25,460 - Knowledge - INFO - Fast-tracked /app/data/T0002/210882/b3694rp/odoo-210882/addons/base_report_designer/wizard/__init__.py (ext=.py, size=1093)
2026-02-03 10:03:25,465 - Knowledge - INFO - Worker kw7 processing /app/data/T0002/210882/b3694rp/odoo-210882/addons/base_report_designer/base_report_designer_wizard.xml
2026-02-03 10:03:25,490 - Knowledge - INFO - Fast-tracked /app/data/T0002/210882/b3694rp/odoo-210882/addons/base_report_designer/base_report_designer_wizard.xml (ext=.xml, size=397)
2026-02-03 10:03:25,491 - Knowledge - INFO - Worker kw7 processing /app/data/T0002/210882/b3694rp/odoo-210882/addons/base_report_designer/base_report_designer.py
2026-02-03 10:03:25,543 - Knowledge - INFO - Worker kw7 processing /app/data/T0002/210882/b3694rp/odoo-210882/addons/base_report_designer/__init__.py
2026-02-03 10:03:25,662 - Knowledge - INFO - Fast-tracked /app/data/T0002/210882/b3694rp/odoo-210882/addons/base_report_designer/__init__.py (ext=.py, size=1100)
2026-02-03 10:03:25,662 - Knowledge - INFO - Worker kw7 processing /app/data/T0002/210882/b3694rp/odoo-210882/addons/report_analytic_planning/report_analytic_planning_report.xml
2026-02-03 10:03:25,836 - Knowledge - INFO - Fast-tracked /app/data/T0002/210882/b3694rp/odoo-210882/addons/report_analytic_planning/report_analytic_planning_report.xml (ext=.xml, size=285)
2026-02-03 10:03:25,837 - Knowledge - INFO - Worker kw7 processing /app/data/T0002/210882/b3694rp/odoo-210882/addons/report_analytic_planning/report/__init__.py
2026-02-03 10:03:25,853 - Knowledge - INFO - Fast-tracked /app/data/T0002/210882/b3694rp/odoo-210882/addons/report_analytic_planning/report/__init__.py (ext=.py, size=1059)
2026-02-03 10:03:25,874 - Knowledge - INFO - process ingested knowledge for /app/data/T0002/210882/b3694rp/odoo-210882/addons/scrum/report/task_burndown.py
2026-02-03 10:03:26,662 - Knowledge - INFO - Async storage completed for 8 embeddings
2026-02-03 10:03:27,268 - Knowledge - INFO - [LLM_CALL] Completed: base_module_publish_all.py:chunk1, Duration: 8404ms, PromptTokens: 3900, CompletionTokens: 290, Cost: $0.00051
2026-02-03 10:03:27,268 - Knowledge - INFO - done ingest for /app/data/T0002/210882/b3694rp/odoo-210882/addons/base_module_publish/wizard/base_module_publish_all.py
2026-02-03 10:03:28,271 - Knowledge - INFO - process ingested knowledge for /app/data/T0002/210882/b3694rp/odoo-210882/addons/analytic_journal_billing_rate/__init__.py
2026-02-03 10:03:28,273 - Knowledge - INFO - process ingested knowledge for /app/data/T0002/210882/b3694rp/odoo-210882/addons/point_of_sale/__init__.py
2026-02-03 10:03:29,037 - Knowledge - INFO - [LLM_CALL] Completed: hr.py:chunk1, Duration: 21755ms, PromptTokens: 8582, CompletionTokens: 995, Cost: $0.00126
2026-02-03 10:03:29,041 - Knowledge - INFO - done ingest for /app/data/T0002/210882/b3694rp/odoo-210882/addons/hr_holidays/hr.py
2026-02-03 10:03:29,156 - Knowledge - INFO - process ingested knowledge for /app/data/T0002/210882/b3694rp/odoo-210882/addons/board_auction/board_auction_view.xml
2026-02-03 10:03:30,077 - Knowledge - INFO - process ingested knowledge for /app/data/T0002/210882/b3694rp/odoo-210882/addons/scrum/report/sprint_burndown.py
2026-02-03 10:03:31,754 - Knowledge - INFO - process ingested knowledge for /app/data/T0002/210882/b3694rp/odoo-210882/addons/report_mrp/__init__.py
2026-02-03 10:03:31,856 - Knowledge - INFO - process ingested knowledge for /app/data/T0002/210882/b3694rp/odoo-210882/addons/report_project/__terp__.py
2026-02-03 10:03:31,962 - Knowledge - INFO - process ingested knowledge for /app/data/T0002/210882/b3694rp/odoo-210882/addons/board_auction/__init__.py
2026-02-03 10:03:33,058 - Knowledge - INFO - process ingested knowledge for /app/data/T0002/210882/b3694rp/odoo-210882/addons/scrum/report/_burndown.py
2026-02-03 10:03:33,770 - Knowledge - INFO - process ingested knowledge for /app/data/T0002/210882/b3694rp/odoo-210882/addons/report_document/__terp__.py
2026-02-03 10:03:35,246 - Knowledge - INFO - process ingested knowledge for /app/data/T0002/210882/b3694rp/odoo-210882/addons/report_project/report_project.py
2026-02-03 10:03:35,939 - Knowledge - INFO - process ingested knowledge for /app/data/T0002/210882/b3694rp/odoo-210882/addons/warning/__terp__.py
2026-02-03 10:03:36,054 - Knowledge - INFO - process ingested knowledge for /app/data/T0002/210882/b3694rp/odoo-210882/addons/scrum/report/__init__.py
2026-02-03 10:03:36,066 - Knowledge - INFO - [WEBSOCKET] Sent: Type=progress_update, Size: 295, Duration: 0ms
2026-02-03 10:03:36,074 - Knowledge - INFO - process ingested knowledge for /app/data/T0002/210882/b3694rp/odoo-210882/addons/analytic_journal_billing_rate/__terp__.py
2026-02-03 10:03:36,146 - Knowledge - INFO - process ingested knowledge for /app/data/T0002/210882/b3694rp/odoo-210882/addons/report_document/report_document.py
2026-02-03 10:03:36,161 - Knowledge - INFO - process ingested knowledge for /app/data/T0002/210882/b3694rp/odoo-210882/addons/report_project/report_project_view.xml
2026-02-03 10:03:36,170 - Knowledge - INFO - Processing batch of 8 files
2026-02-03 10:03:36,170 - Knowledge - INFO - [WEBSOCKET] Sent: Type=unknown, Size: ?, Duration: 105ms
2026-02-03 10:03:36,438 - Knowledge - INFO - process ingested knowledge for /app/data/T0002/210882/b3694rp/odoo-210882/addons/report_purchase/report_purchase_view.xml
2026-02-03 10:03:36,461 - Knowledge - INFO - Progress: 36.8% | Files: 466/1263 | Rate: 1.22 files/sec | Queue: 761
2026-02-03 10:03:36,551 - Knowledge - INFO - Processing batch of 8 files
2026-02-03 10:03:36,561 - Knowledge - INFO - Processing batch of 8 files
2026-02-03 10:03:36,643 - Knowledge - INFO - process ingested knowledge for /app/data/T0002/210882/b3694rp/odoo-210882/addons/base_contact/base_contact_demo.xml
2026-02-03 10:03:36,849 - Knowledge - INFO - process ingested knowledge for /app/data/T0002/210882/b3694rp/odoo-210882/addons/sale_crm/sale_crm_view.xml
2026-02-03 10:03:36,962 - Knowledge - INFO - process ingested knowledge for /app/data/T0002/210882/b3694rp/odoo-210882/addons/warning/warning.py
2026-02-03 10:03:36,970 - Knowledge - INFO - [LLM_CALL] Completed: base_report_designer_modify.py:chunk1, Duration: 15206ms, PromptTokens: 4226, CompletionTokens: 430, Cost: $0.00059
2026-02-03 10:03:37,038 - Knowledge - INFO - done ingest for /app/data/T0002/210882/b3694rp/odoo-210882/addons/base_report_designer/wizard/base_report_designer_modify.py
2026-02-03 10:03:37,743 - Knowledge - INFO - [LLM_CALL] Completed: base_module_publish.py:chunk1, Duration: 16298ms, PromptTokens: 7154, CompletionTokens: 355, Cost: $0.00086
2026-02-03 10:03:37,763 - Knowledge - INFO - done ingest for /app/data/T0002/210882/b3694rp/odoo-210882/addons/base_module_publish/wizard/base_module_publish.py
2026-02-03 10:03:37,774 - Knowledge - INFO - process ingested knowledge for /app/data/T0002/210882/b3694rp/odoo-210882/addons/scrum/__terp__.py
2026-02-03 10:03:38,769 - Knowledge - INFO - process ingested knowledge for /app/data/T0002/210882/b3694rp/odoo-210882/addons/analytic_journal_billing_rate/analytic_journal_billing_rate.py
2026-02-03 10:03:38,771 - Knowledge - INFO - process ingested knowledge for /app/data/T0002/210882/b3694rp/odoo-210882/addons/report_document/report_document_view.xml
2026-02-03 10:03:38,836 - Knowledge - INFO - process ingested knowledge for /app/data/T0002/210882/b3694rp/odoo-210882/addons/sale_crm/__terp__.py
2026-02-03 10:03:38,847 - Knowledge - INFO - process ingested knowledge for /app/data/T0002/210882/b3694rp/odoo-210882/addons/base_contact/base_contact.py
2026-02-03 10:03:39,470 - Knowledge - INFO - [LLM_CALL] Completed: base_report_designer.py:chunk1, Duration: 13134ms, PromptTokens: 2418, CompletionTokens: 426, Cost: $0.00041
2026-02-03 10:03:39,471 - Knowledge - INFO - done ingest for /app/data/T0002/210882/b3694rp/odoo-210882/addons/base_report_designer/base_report_designer.py
2026-02-03 10:03:40,071 - Knowledge - INFO - process ingested knowledge for /app/data/T0002/210882/b3694rp/odoo-210882/addons/scrum/scrum.py
2026-02-03 10:03:41,170 - Knowledge - INFO - process ingested knowledge for /app/data/T0002/210882/b3694rp/odoo-210882/addons/hr_holidays/hr_holidays_report.xml
2026-02-03 10:03:41,237 - Knowledge - INFO - process ingested knowledge for /app/data/T0002/210882/b3694rp/odoo-210882/addons/warning/__init__.py
2026-02-03 10:03:41,261 - Knowledge - INFO - process ingested knowledge for /app/data/T0002/210882/b3694rp/odoo-210882/addons/base_contact/__init__.py
2026-02-03 10:03:41,358 - Knowledge - INFO - [kw5] Queue=761, InProgress=0, PendingWorkers=20/20, Completed=475/1263 (37.6%)
2026-02-03 10:03:41,359 - Knowledge - INFO - Processing batch of 8 files
2026-02-03 10:03:41,367 - Knowledge - INFO - [kw4] Queue=761, InProgress=0, PendingWorkers=20/20, Completed=476/1263 (37.7%)
2026-02-03 10:03:41,442 - Knowledge - INFO - Batch sizing: calculated=8, max_allowed=10, queue=761, active_workers=20/20
2026-02-03 10:03:41,442 - Knowledge - INFO - process ingested knowledge for /app/data/T0002/210882/b3694rp/odoo-210882/addons/account_payment/wizard/wizard_pay.py
2026-02-03 10:03:41,536 - Knowledge - INFO - Batch sizing: calculated=8, max_allowed=10, queue=761, active_workers=20/20
2026-02-03 10:03:41,692 - Knowledge - INFO - [LLM_CALL] Completed: tiny_sxw2rml.py:chunk1, Duration: 15631ms, PromptTokens: 7620, CompletionTokens: 645, Cost: $0.00102
2026-02-03 10:03:41,741 - Knowledge - INFO - done ingest for /app/data/T0002/210882/b3694rp/odoo-210882/addons/base_report_designer/wizard/tiny_sxw2rml/tiny_sxw2rml.py
2026-02-03 10:03:41,851 - Knowledge - INFO - process ingested knowledge for /app/data/T0002/210882/b3694rp/odoo-210882/addons/hr_holidays/hr_bel_holidays_2008.xml
2026-02-03 10:03:41,851 - Knowledge - INFO - process ingested knowledge for /app/data/T0002/210882/b3694rp/odoo-210882/addons/warning/warning_view.xml
2026-02-03 10:03:41,852 - Knowledge - INFO - [kw2] Queue=761, InProgress=0, PendingWorkers=20/20, Completed=478/1263 (37.8%)
2026-02-03 10:03:41,853 - Knowledge - INFO - Batch sizing: calculated=8, max_allowed=10, queue=761, active_workers=20/20
2026-02-03 10:03:42,358 - Knowledge - INFO - process ingested knowledge for /app/data/T0002/210882/b3694rp/odoo-210882/addons/report_document/__init__.py
2026-02-03 10:03:42,358 - Knowledge - INFO - process ingested knowledge for /app/data/T0002/210882/b3694rp/odoo-210882/addons/account_payment/wizard/wizard_populate_statement.py
2026-02-03 10:03:42,360 - Knowledge - INFO - Async storing batch of 8 embeddings
2026-02-03 10:03:42,361 - Knowledge - INFO - Worker kw4 processing /app/data/T0002/210882/b3694rp/odoo-210882/addons/report_analytic_planning/__terp__.py
2026-02-03 10:03:42,362 - Knowledge - INFO - process ingested knowledge for /app/data/T0002/210882/b3694rp/odoo-210882/addons/sale_crm/wizard/makesale.py
2026-02-03 10:03:42,364 - Knowledge - INFO - Fast-tracked /app/data/T0002/210882/b3694rp/odoo-210882/addons/report_analytic_planning/__terp__.py (ext=.py, size=1700)
2026-02-03 10:03:42,365 - Knowledge - INFO - Worker kw4 processing /app/data/T0002/210882/b3694rp/odoo-210882/addons/report_analytic_planning/report_analytic_planning.py
2026-02-03 10:03:42,367 - Knowledge - INFO - Worker kw4 processing /app/data/T0002/210882/b3694rp/odoo-210882/addons/report_analytic_planning/__init__.py
2026-02-03 10:03:42,368 - Knowledge - INFO - Fast-tracked /app/data/T0002/210882/b3694rp/odoo-210882/addons/report_analytic_planning/__init__.py (ext=.py, size=1105)
2026-02-03 10:03:42,369 - Knowledge - INFO - Worker kw4 processing /app/data/T0002/210882/b3694rp/odoo-210882/addons/report_analytic_planning/report_analytic_planning_view.xml
2026-02-03 10:03:42,370 - Knowledge - INFO - Fast-tracked /app/data/T0002/210882/b3694rp/odoo-210882/addons/report_analytic_planning/report_analytic_planning_view.xml (ext=.xml, size=10999)
2026-02-03 10:03:42,371 - Knowledge - INFO - Worker kw4 processing /app/data/T0002/210882/b3694rp/odoo-210882/addons/board_document/__terp__.py
2026-02-03 10:03:42,373 - Knowledge - INFO - Fast-tracked /app/data/T0002/210882/b3694rp/odoo-210882/addons/board_document/__terp__.py (ext=.py, size=1496)
2026-02-03 10:03:42,374 - Knowledge - INFO - Worker kw4 processing /app/data/T0002/210882/b3694rp/odoo-210882/addons/board_document/board_document_demo.xml
2026-02-03 10:03:42,377 - Knowledge - INFO - Fast-tracked /app/data/T0002/210882/b3694rp/odoo-210882/addons/board_document/board_document_demo.xml (ext=.xml, size=545)
2026-02-03 10:03:42,377 - Knowledge - INFO - Worker kw4 processing /app/data/T0002/210882/b3694rp/odoo-210882/addons/board_document/__init__.py
2026-02-03 10:03:42,440 - Knowledge - INFO - Fast-tracked /app/data/T0002/210882/b3694rp/odoo-210882/addons/board_document/__init__.py (ext=.py, size=66)
2026-02-03 10:03:42,441 - Knowledge - INFO - Worker kw4 processing /app/data/T0002/210882/b3694rp/odoo-210882/addons/board_document/board_document_view.xml
2026-02-03 10:03:42,444 - Knowledge - INFO - Fast-tracked /app/data/T0002/210882/b3694rp/odoo-210882/addons/board_document/board_document_view.xml (ext=.xml, size=4548)
2026-02-03 10:03:42,453 - Knowledge - INFO - Async storage completed for 8 embeddings
2026-02-03 10:03:42,674 - Knowledge - INFO - process ingested knowledge for /app/data/T0002/210882/b3694rp/odoo-210882/addons/hr_holidays/report/holidays_summary_report.py
2026-02-03 10:03:42,676 - Knowledge - INFO - [kw20] Queue=753, InProgress=0, PendingWorkers=20/20, Completed=482/1263 (38.2%)
2026-02-03 10:03:42,736 - Knowledge - INFO - Async storing batch of 8 embeddings
2026-02-03 10:03:42,742 - Knowledge - INFO - Batch sizing: calculated=8, max_allowed=10, queue=753, active_workers=20/20
2026-02-03 10:03:42,748 - Knowledge - INFO - Worker kw2 processing /app/data/T0002/210882/b3694rp/odoo-210882/addons/account_reporting/account.py
2026-02-03 10:03:42,753 - Knowledge - INFO - Worker kw2 processing /app/data/T0002/210882/b3694rp/odoo-210882/addons/account_reporting/report/account_report_bs.py
2026-02-03 10:03:42,756 - Knowledge - INFO - Worker kw2 processing /app/data/T0002/210882/b3694rp/odoo-210882/addons/account_reporting/report/__init__.py
2026-02-03 10:03:42,759 - Knowledge - INFO - Fast-tracked /app/data/T0002/210882/b3694rp/odoo-210882/addons/account_reporting/report/__init__.py (ext=.py, size=1083)
2026-02-03 10:03:42,759 - Knowledge - INFO - Worker kw2 processing /app/data/T0002/210882/b3694rp/odoo-210882/addons/account_reporting/account_view.xml
2026-02-03 10:03:42,762 - Knowledge - INFO - Fast-tracked /app/data/T0002/210882/b3694rp/odoo-210882/addons/account_reporting/account_view.xml (ext=.xml, size=2907)
2026-02-03 10:03:42,762 - Knowledge - INFO - Worker kw2 processing /app/data/T0002/210882/b3694rp/odoo-210882/addons/account_reporting/__terp__.py
2026-02-03 10:03:42,764 - Knowledge - INFO - Fast-tracked /app/data/T0002/210882/b3694rp/odoo-210882/addons/account_reporting/__terp__.py (ext=.py, size=1596)
2026-02-03 10:03:42,764 - Knowledge - INFO - Worker kw2 processing /app/data/T0002/210882/b3694rp/odoo-210882/addons/account_reporting/wizard/wizard_account_balance_report.py
2026-02-03 10:03:42,767 - Knowledge - INFO - Worker kw2 processing /app/data/T0002/210882/b3694rp/odoo-210882/addons/account_reporting/wizard/__init__.py
2026-02-03 10:03:42,769 - Knowledge - INFO - Fast-tracked /app/data/T0002/210882/b3694rp/odoo-210882/addons/account_reporting/wizard/__init__.py (ext=.py, size=1095)
2026-02-03 10:03:42,769 - Knowledge - INFO - Worker kw2 processing /app/data/T0002/210882/b3694rp/odoo-210882/addons/account_reporting/account_data.xml
2026-02-03 10:03:42,771 - Knowledge - INFO - Fast-tracked /app/data/T0002/210882/b3694rp/odoo-210882/addons/account_reporting/account_data.xml (ext=.xml, size=12443)
2026-02-03 10:03:42,867 - Knowledge - INFO - Async storage completed for 8 embeddings
2026-02-03 10:03:43,556 - Knowledge - INFO - process ingested knowledge for /app/data/T0002/210882/b3694rp/odoo-210882/addons/board_auction/__terp__.py
2026-02-03 10:03:43,567 - Knowledge - INFO - Async storing batch of 8 embeddings
2026-02-03 10:03:43,637 - Knowledge - INFO - process ingested knowledge for /app/data/T0002/210882/b3694rp/odoo-210882/addons/base_contact/base_contact_view.xml
2026-02-03 10:03:43,643 - Knowledge - INFO - process ingested knowledge for /app/data/T0002/210882/b3694rp/odoo-210882/addons/sale_crm/wizard/makecase.py
2026-02-03 10:03:43,655 - Knowledge - INFO - Worker kw5 processing /app/data/T0002/210882/b3694rp/odoo-210882/addons/account_reporting/__init__.py
2026-02-03 10:03:43,660 - Knowledge - INFO - Processing batch of 8 files
2026-02-03 10:03:43,665 - Knowledge - INFO - Fast-tracked /app/data/T0002/210882/b3694rp/odoo-210882/addons/account_reporting/__init__.py (ext=.py, size=1101)
2026-02-03 10:03:43,666 - Knowledge - INFO - process ingested knowledge for /app/data/T0002/210882/b3694rp/odoo-210882/addons/sale_analytic_plans/sale_analytic_plans.py
2026-02-03 10:03:43,666 - Knowledge - INFO - Worker kw5 processing /app/data/T0002/210882/b3694rp/odoo-210882/addons/account_reporting/account_report.xml
2026-02-03 10:03:43,773 - Knowledge - INFO - Fast-tracked /app/data/T0002/210882/b3694rp/odoo-210882/addons/account_reporting/account_report.xml (ext=.xml, size=450)
2026-02-03 10:03:43,779 - Knowledge - INFO - Worker kw5 processing /app/data/T0002/210882/b3694rp/odoo-210882/addons/account_invoice_layout/account_invoice_layout_report.xml
2026-02-03 10:03:43,948 - Knowledge - INFO - Fast-tracked /app/data/T0002/210882/b3694rp/odoo-210882/addons/account_invoice_layout/account_invoice_layout_report.xml (ext=.xml, size=715)
2026-02-03 10:03:43,948 - Knowledge - INFO - Worker kw5 processing /app/data/T0002/210882/b3694rp/odoo-210882/addons/account_invoice_layout/report/special_message_invoice.py
2026-02-03 10:03:43,968 - Knowledge - INFO - Worker kw5 processing /app/data/T0002/210882/b3694rp/odoo-210882/addons/account_invoice_layout/report/report_account_invoice_layout.py
2026-02-03 10:03:44,046 - Knowledge - INFO - Worker kw5 processing /app/data/T0002/210882/b3694rp/odoo-210882/addons/account_invoice_layout/report/__init__.py
2026-02-03 10:03:44,158 - Knowledge - INFO - Fast-tracked /app/data/T0002/210882/b3694rp/odoo-210882/addons/account_invoice_layout/report/__init__.py (ext=.py, size=1125)
2026-02-03 10:03:44,165 - Knowledge - INFO - Worker kw5 processing /app/data/T0002/210882/b3694rp/odoo-210882/addons/account_invoice_layout/__terp__.py
2026-02-03 10:03:44,239 - Knowledge - INFO - process ingested knowledge for /app/data/T0002/210882/b3694rp/odoo-210882/addons/base_contact/__terp__.py
2026-02-03 10:03:44,241 - Knowledge - INFO - Worker kw5 processing /app/data/T0002/210882/b3694rp/odoo-210882/addons/account_invoice_layout/wizard/invoice_special_message.py
2026-02-03 10:03:44,262 - Knowledge - INFO - Fast-tracked /app/data/T0002/210882/b3694rp/odoo-210882/addons/account_invoice_layout/wizard/invoice_special_message.py (ext=.py, size=1792)
2026-02-03 10:03:44,771 - Knowledge - INFO - process ingested knowledge for /app/data/T0002/210882/b3694rp/odoo-210882/addons/hr_holidays/report/__init__.py
2026-02-03 10:03:44,941 - Knowledge - INFO - Fast-tracked /app/data/T0002/210882/b3694rp/odoo-210882/addons/account_invoice_layout/__terp__.py (small file (2099 bytes))
2026-02-03 10:03:44,941 - Knowledge - INFO - Async storage completed for 8 embeddings
2026-02-03 10:03:46,039 - Knowledge - INFO - process ingested knowledge for /app/data/T0002/210882/b3694rp/odoo-210882/addons/account_payment/wizard/__init__.py
2026-02-03 10:03:46,058 - Knowledge - INFO - process ingested knowledge for /app/data/T0002/210882/b3694rp/odoo-210882/addons/board_auction/board_auction_manager_view.xml
2026-02-03 10:03:46,751 - Knowledge - INFO - process ingested knowledge for /app/data/T0002/210882/b3694rp/odoo-210882/addons/base_contact/process/base_contact_process.xml
2026-02-03 10:03:46,759 - Knowledge - INFO - process ingested knowledge for /app/data/T0002/210882/b3694rp/odoo-210882/addons/sale_crm/wizard/__init__.py
2026-02-03 10:03:46,763 - Knowledge - INFO - process ingested knowledge for /app/data/T0002/210882/b3694rp/odoo-210882/addons/sale_analytic_plans/__init__.py
2026-02-03 10:03:47,771 - Knowledge - INFO - Async storing batch of 8 embeddings
2026-02-03 10:03:47,837 - Knowledge - INFO - process ingested knowledge for /app/data/T0002/210882/b3694rp/odoo-210882/addons/hr_holidays/__terp__.py
2026-02-03 10:03:47,854 - Knowledge - INFO - Worker kw20 processing /app/data/T0002/210882/b3694rp/odoo-210882/addons/account_invoice_layout/wizard/__init__.py
2026-02-03 10:03:48,043 - Knowledge - INFO - Fast-tracked /app/data/T0002/210882/b3694rp/odoo-210882/addons/account_invoice_layout/wizard/__init__.py (ext=.py, size=1088)
2026-02-03 10:03:48,043 - Knowledge - INFO - Worker kw20 processing /app/data/T0002/210882/b3694rp/odoo-210882/addons/account_invoice_layout/account_invoice_layout.py
2026-02-03 10:03:48,062 - Knowledge - INFO - Worker kw20 processing /app/data/T0002/210882/b3694rp/odoo-210882/addons/account_invoice_layout/__init__.py
2026-02-03 10:03:48,145 - Knowledge - INFO - Fast-tracked /app/data/T0002/210882/b3694rp/odoo-210882/addons/account_invoice_layout/__init__.py (ext=.py, size=1115)
2026-02-03 10:03:48,147 - Knowledge - INFO - Worker kw20 processing /app/data/T0002/210882/b3694rp/odoo-210882/addons/account_invoice_layout/account_invoice_layout_view.xml
2026-02-03 10:03:48,250 - Knowledge - INFO - Fast-tracked /app/data/T0002/210882/b3694rp/odoo-210882/addons/account_invoice_layout/account_invoice_layout_view.xml (ext=.xml, size=3399)
2026-02-03 10:03:48,270 - Knowledge - INFO - Worker kw20 processing /app/data/T0002/210882/b3694rp/odoo-210882/addons/board_project/__terp__.py
2026-02-03 10:03:48,347 - Knowledge - INFO - Fast-tracked /app/data/T0002/210882/b3694rp/odoo-210882/addons/board_project/__terp__.py (ext=.py, size=1852)
2026-02-03 10:03:48,348 - Knowledge - INFO - Worker kw20 processing /app/data/T0002/210882/b3694rp/odoo-210882/addons/board_project/board_project_manager_view.xml
2026-02-03 10:03:48,371 - Knowledge - INFO - Fast-tracked /app/data/T0002/210882/b3694rp/odoo-210882/addons/board_project/board_project_manager_view.xml (ext=.xml, size=4495)
2026-02-03 10:03:48,372 - Knowledge - INFO - Worker kw20 processing /app/data/T0002/210882/b3694rp/odoo-210882/addons/board_project/board_project_demo.xml
2026-02-03 10:03:48,457 - Knowledge - INFO - Fast-tracked /app/data/T0002/210882/b3694rp/odoo-210882/addons/board_project/board_project_demo.xml (ext=.xml, size=949)
2026-02-03 10:03:48,458 - Knowledge - INFO - Worker kw20 processing /app/data/T0002/210882/b3694rp/odoo-210882/addons/board_project/board_project_view.xml
2026-02-03 10:03:48,472 - Knowledge - INFO - Fast-tracked /app/data/T0002/210882/b3694rp/odoo-210882/addons/board_project/board_project_view.xml (ext=.xml, size=4276)
2026-02-03 10:03:48,775 - Knowledge - INFO - process ingested knowledge for /app/data/T0002/210882/b3694rp/odoo-210882/addons/account_payment/account_move_line.py
2026-02-03 10:03:48,953 - Knowledge - INFO - Async storage completed for 8 embeddings
2026-02-03 10:03:50,037 - Knowledge - INFO - process ingested knowledge for /app/data/T0002/210882/b3694rp/odoo-210882/addons/report_purchase/__terp__.py
2026-02-03 10:03:50,056 - Knowledge - INFO - process ingested knowledge for /app/data/T0002/210882/b3694rp/odoo-210882/addons/sale_crm/sale_crm_wizard.xml
2026-02-03 10:03:50,063 - Knowledge - INFO - process ingested knowledge for /app/data/T0002/210882/b3694rp/odoo-210882/addons/sale_analytic_plans/sale_analytic_plans_view.xml
2026-02-03 10:03:52,937 - Knowledge - INFO - process ingested knowledge for /app/data/T0002/210882/b3694rp/odoo-210882/addons/account_payment/payment_sequence.xml
2026-02-03 10:03:53,046 - Knowledge - INFO - process ingested knowledge for /app/data/T0002/210882/b3694rp/odoo-210882/addons/report_purchase/report_purchase.py
2026-02-03 10:03:53,245 - Knowledge - INFO - Processing batch of 8 files
2026-02-03 10:03:53,338 - Knowledge - INFO - process ingested knowledge for /app/data/T0002/210882/b3694rp/odoo-210882/addons/hr_holidays/wizard/__init__.py
2026-02-03 10:03:54,169 - Knowledge - INFO - process ingested knowledge for /app/data/T0002/210882/b3694rp/odoo-210882/addons/hr_holidays/wizard/holidays_summary.py
2026-02-03 10:03:55,037 - Knowledge - INFO - [WEBSOCKET] Sent: Type=progress_update, Size: 296, Duration: 0ms
2026-02-03 10:03:55,048 - Knowledge - INFO - process ingested knowledge for /app/data/T0002/210882/b3694rp/odoo-210882/addons/account_payment/payment.py
2026-02-03 10:03:55,445 - Knowledge - INFO - [WEBSOCKET] Sent: Type=unknown, Size: ?, Duration: 408ms
2026-02-03 10:03:55,537 - Knowledge - INFO - Progress: 39.0% | Files: 493/1263 | Rate: 1.23 files/sec | Queue: 729
2026-02-03 10:03:56,263 - Knowledge - INFO - [kw1] Queue=729, InProgress=0, PendingWorkers=20/20, Completed=493/1263 (39.0%)
2026-02-03 10:03:56,264 - Knowledge - INFO - Batch sizing: calculated=8, max_allowed=10, queue=729, active_workers=20/20
2026-02-03 10:03:56,337 - Knowledge - INFO - process ingested knowledge for /app/data/T0002/210882/b3694rp/odoo-210882/addons/l10n_ch_chart_c2c_pcg/wizard.xml
2026-02-03 10:03:56,353 - Knowledge - INFO - process ingested knowledge for /app/data/T0002/210882/b3694rp/odoo-210882/addons/hr_holidays/wizard/holidays_summary_employees.py
2026-02-03 10:03:56,959 - Knowledge - INFO - [LLM_CALL] Completed: report_analytic_planning.py:chunk1, Duration: 14510ms, PromptTokens: 5466, CompletionTokens: 513, Cost: $0.00075
2026-02-03 10:03:56,959 - Knowledge - INFO - done ingest for /app/data/T0002/210882/b3694rp/odoo-210882/addons/report_analytic_planning/report_analytic_planning.py
2026-02-03 10:03:57,456 - Knowledge - INFO - [kw10] Queue=729, InProgress=0, PendingWorkers=20/20, Completed=495/1263 (39.2%)
2026-02-03 10:03:57,457 - Knowledge - INFO - Batch sizing: calculated=8, max_allowed=10, queue=729, active_workers=20/20
2026-02-03 10:03:57,754 - Knowledge - INFO - Processing batch of 8 files
2026-02-03 10:03:57,760 - Knowledge - INFO - process ingested knowledge for /app/data/T0002/210882/b3694rp/odoo-210882/addons/l10n_ch_chart_c2c_pcg/wizard/__init__.py
2026-02-03 10:03:58,238 - Knowledge - INFO - process ingested knowledge for /app/data/T0002/210882/b3694rp/odoo-210882/addons/sale_crm/__init__.py
2026-02-03 10:03:59,069 - Knowledge - INFO - process ingested knowledge for /app/data/T0002/210882/b3694rp/odoo-210882/addons/hr_holidays/hr.py
2026-02-03 10:03:59,076 - Knowledge - INFO - Async storing batch of 8 embeddings
2026-02-03 10:03:59,079 - Knowledge - INFO - Worker kw1 processing /app/data/T0002/210882/b3694rp/odoo-210882/addons/board_project/__init__.py
2026-02-03 10:03:59,144 - Knowledge - INFO - process ingested knowledge for /app/data/T0002/210882/b3694rp/odoo-210882/addons/l10n_ch_chart_c2c_pcg/account.xml
2026-02-03 10:03:59,144 - Knowledge - INFO - Fast-tracked /app/data/T0002/210882/b3694rp/odoo-210882/addons/board_project/__init__.py (ext=.py, size=1059)
2026-02-03 10:03:59,161 - Knowledge - INFO - process ingested knowledge for /app/data/T0002/210882/b3694rp/odoo-210882/addons/account_payment/payment_wizard.xml
2026-02-03 10:03:59,270 - Knowledge - INFO - Worker kw1 processing /app/data/T0002/210882/b3694rp/odoo-210882/addons/project_timesheet/__terp__.py
2026-02-03 10:03:59,371 - Knowledge - INFO - Fast-tracked /app/data/T0002/210882/b3694rp/odoo-210882/addons/project_timesheet/__terp__.py (ext=.py, size=1694)
2026-02-03 10:03:59,376 - Knowledge - INFO - Worker kw1 processing /app/data/T0002/210882/b3694rp/odoo-210882/addons/project_timesheet/project_timesheet.py
2026-02-03 10:03:59,460 - Knowledge - INFO - Worker kw1 processing /app/data/T0002/210882/b3694rp/odoo-210882/addons/project_timesheet/__init__.py
2026-02-03 10:03:59,466 - Knowledge - INFO - Fast-tracked /app/data/T0002/210882/b3694rp/odoo-210882/addons/project_timesheet/__init__.py (ext=.py, size=1082)
2026-02-03 10:03:59,641 - Knowledge - INFO - Worker kw1 processing /app/data/T0002/210882/b3694rp/odoo-210882/addons/account_chart/__terp__.py
2026-02-03 10:03:59,655 - Knowledge - INFO - Fast-tracked /app/data/T0002/210882/b3694rp/odoo-210882/addons/account_chart/__terp__.py (ext=.py, size=1433)
2026-02-03 10:03:59,773 - Knowledge - INFO - Worker kw1 processing /app/data/T0002/210882/b3694rp/odoo-210882/addons/account_chart/account_chart.xml
2026-02-03 10:03:59,847 - Knowledge - INFO - Fast-tracked /app/data/T0002/210882/b3694rp/odoo-210882/addons/account_chart/account_chart.xml (ext=.xml, size=926)
2026-02-03 10:03:59,858 - Knowledge - INFO - Worker kw1 processing /app/data/T0002/210882/b3694rp/odoo-210882/addons/account_chart/__init__.py
2026-02-03 10:03:59,971 - Knowledge - INFO - Fast-tracked /app/data/T0002/210882/b3694rp/odoo-210882/addons/account_chart/__init__.py (ext=.py, size=1058)
2026-02-03 10:04:00,048 - Knowledge - INFO - Worker kw1 processing /app/data/T0002/210882/b3694rp/odoo-210882/addons/report_task/__terp__.py
2026-02-03 10:04:00,282 - Knowledge - INFO - Fast-tracked /app/data/T0002/210882/b3694rp/odoo-210882/addons/report_task/__terp__.py (ext=.py, size=1552)
2026-02-03 10:04:00,360 - Knowledge - INFO - Async storing batch of 8 embeddings
2026-02-03 10:04:00,374 - Knowledge - INFO - Worker kw10 processing /app/data/T0002/210882/b3694rp/odoo-210882/addons/report_task/report_task.py
2026-02-03 10:04:00,555 - Knowledge - INFO - Worker kw10 processing /app/data/T0002/210882/b3694rp/odoo-210882/addons/report_task/__init__.py
2026-02-03 10:04:00,760 - Knowledge - INFO - Fast-tracked /app/data/T0002/210882/b3694rp/odoo-210882/addons/report_task/__init__.py (ext=.py, size=1078)
2026-02-03 10:04:00,836 - Knowledge - INFO - Worker kw10 processing /app/data/T0002/210882/b3694rp/odoo-210882/addons/report_task/report_task_view.xml
2026-02-03 10:04:00,852 - Knowledge - INFO - Fast-tracked /app/data/T0002/210882/b3694rp/odoo-210882/addons/report_task/report_task_view.xml (ext=.xml, size=5529)
2026-02-03 10:04:00,852 - Knowledge - INFO - Worker kw10 processing /app/data/T0002/210882/b3694rp/odoo-210882/addons/account_analytic_plans/model_wizard.xml
2026-02-03 10:04:01,040 - Knowledge - INFO - Fast-tracked /app/data/T0002/210882/b3694rp/odoo-210882/addons/account_analytic_plans/model_wizard.xml (ext=.xml, size=197)
2026-02-03 10:04:01,040 - Knowledge - INFO - Worker kw10 processing /app/data/T0002/210882/b3694rp/odoo-210882/addons/account_analytic_plans/account_analytic_plans_report.xml
2026-02-03 10:04:01,075 - Knowledge - INFO - Async storage completed for 8 embeddings
2026-02-03 10:04:01,154 - Knowledge - INFO - Fast-tracked /app/data/T0002/210882/b3694rp/odoo-210882/addons/account_analytic_plans/account_analytic_plans_report.xml (ext=.xml, size=559)
2026-02-03 10:04:01,154 - Knowledge - INFO - Worker kw10 processing /app/data/T0002/210882/b3694rp/odoo-210882/addons/account_analytic_plans/report/crossovered_analytic.py
2026-02-03 10:04:01,236 - Knowledge - INFO - Worker kw10 processing /app/data/T0002/210882/b3694rp/odoo-210882/addons/account_analytic_plans/report/__init__.py
2026-02-03 10:04:01,440 - Knowledge - INFO - Fast-tracked /app/data/T0002/210882/b3694rp/odoo-210882/addons/account_analytic_plans/report/__init__.py (ext=.py, size=1085)
2026-02-03 10:04:01,446 - Knowledge - INFO - Worker kw10 processing /app/data/T0002/210882/b3694rp/odoo-210882/addons/account_analytic_plans/__terp__.py
2026-02-03 10:04:01,640 - Knowledge - INFO - [LLM_CALL] Completed: account.py:chunk1, Duration: 18867ms, PromptTokens: 2988, CompletionTokens: 359, Cost: $0.00044
2026-02-03 10:04:01,737 - Knowledge - INFO - process ingested knowledge for /app/data/T0002/210882/b3694rp/odoo-210882/addons/sale_crm/process/sale_crm_process.xml
2026-02-03 10:04:01,766 - Knowledge - INFO - done ingest for /app/data/T0002/210882/b3694rp/odoo-210882/addons/account_reporting/account.py
2026-02-03 10:04:02,766 - Knowledge - INFO - Fast-tracked /app/data/T0002/210882/b3694rp/odoo-210882/addons/account_analytic_plans/__terp__.py (small file (2474 bytes))
2026-02-03 10:04:02,874 - Knowledge - INFO - Async storage completed for 8 embeddings
2026-02-03 10:04:03,050 - Knowledge - INFO - process ingested knowledge for /app/data/T0002/210882/b3694rp/odoo-210882/addons/hr_holidays/hr_holidays_wizard.xml
2026-02-03 10:04:03,998 - Knowledge - INFO - [LLM_CALL] Completed: wizard_account_balance_report.py:chunk1, Duration: 21137ms, PromptTokens: 2608, CompletionTokens: 265, Cost: $0.00037
2026-02-03 10:04:04,040 - Knowledge - INFO - done ingest for /app/data/T0002/210882/b3694rp/odoo-210882/addons/account_reporting/wizard/wizard_account_balance_report.py
2026-02-03 10:04:04,651 - Knowledge - INFO - process ingested knowledge for /app/data/T0002/210882/b3694rp/odoo-210882/addons/l10n_ch_chart_c2c_pcg/vat.xml
2026-02-03 10:04:05,839 - Knowledge - INFO - process ingested knowledge for /app/data/T0002/210882/b3694rp/odoo-210882/addons/l10n_ch_chart_c2c_pcg/tax_template_view.xml
2026-02-03 10:04:05,857 - Knowledge - INFO - process ingested knowledge for /app/data/T0002/210882/b3694rp/odoo-210882/addons/report_purchase/__init__.py
2026-02-03 10:04:06,880 - Knowledge - INFO - process ingested knowledge for /app/data/T0002/210882/b3694rp/odoo-210882/addons/account_payment/payment_workflow.xml
2026-02-03 10:04:07,250 - Knowledge - INFO - Processing batch of 8 files
2026-02-03 10:04:07,467 - Knowledge - INFO - process ingested knowledge for /app/data/T0002/210882/b3694rp/odoo-210882/addons/base_module_publish/wizard/base_module_publish.py
2026-02-03 10:04:07,778 - Knowledge - INFO - [LLM_CALL] Completed: report_account_invoice_layout.py:chunk1, Duration: 23207ms, PromptTokens: 3294, CompletionTokens: 402, Cost: $0.00049
2026-02-03 10:04:07,778 - Knowledge - INFO - done ingest for /app/data/T0002/210882/b3694rp/odoo-210882/addons/account_invoice_layout/report/report_account_invoice_layout.py
2026-02-03 10:04:08,263 - Knowledge - INFO - [LLM_CALL] Completed: account_report_bs.py:chunk1, Duration: 25415ms, PromptTokens: 3682, CompletionTokens: 377, Cost: $0.00052
2026-02-03 10:04:08,263 - Knowledge - INFO - done ingest for /app/data/T0002/210882/b3694rp/odoo-210882/addons/account_reporting/report/account_report_bs.py
2026-02-03 10:04:08,551 - Knowledge - INFO - process ingested knowledge for /app/data/T0002/210882/b3694rp/odoo-210882/addons/l10n_ch_chart_c2c_pcg/__init__.py
2026-02-03 10:04:08,638 - Knowledge - INFO - process ingested knowledge for /app/data/T0002/210882/b3694rp/odoo-210882/addons/hr_holidays/hr_workflow.xml
2026-02-03 10:04:09,080 - Knowledge - INFO - [LLM_CALL] Completed: special_message_invoice.py:chunk1, Duration: 24635ms, PromptTokens: 3402, CompletionTokens: 390, Cost: $0.00050
2026-02-03 10:04:09,181 - Knowledge - INFO - done ingest for /app/data/T0002/210882/b3694rp/odoo-210882/addons/account_invoice_layout/report/special_message_invoice.py
2026-02-03 10:04:10,881 - Knowledge - INFO - process ingested knowledge for /app/data/T0002/210882/b3694rp/odoo-210882/addons/l10n_ch_chart_c2c_pcg/__terp__.py
2026-02-03 10:04:11,744 - Knowledge - INFO - [LLM_CALL] Completed: account_invoice_layout.py:chunk1, Duration: 22906ms, PromptTokens: 4754, CompletionTokens: 654, Cost: $0.00074
2026-02-03 10:04:11,744 - Knowledge - INFO - done ingest for /app/data/T0002/210882/b3694rp/odoo-210882/addons/account_invoice_layout/account_invoice_layout.py
2026-02-03 10:04:12,142 - Knowledge - INFO - process ingested knowledge for /app/data/T0002/210882/b3694rp/odoo-210882/addons/base_module_publish/scripts/mtree_interface.php
2026-02-03 10:04:13,980 - Knowledge - INFO - process ingested knowledge for /app/data/T0002/210882/b3694rp/odoo-210882/addons/l10n_ch_chart_c2c_pcg/wizard/config.py
2026-02-03 10:04:14,249 - Knowledge - INFO - Processing batch of 8 files
2026-02-03 10:04:14,354 - Knowledge - INFO - process ingested knowledge for /app/data/T0002/210882/b3694rp/odoo-210882/addons/base_report_designer/wizard/tiny_sxw2rml/tiny_sxw2rml.py
2026-02-03 10:04:14,845 - Knowledge - INFO - process ingested knowledge for /app/data/T0002/210882/b3694rp/odoo-210882/addons/base_module_publish/wizard/__init__.py
2026-02-03 10:04:15,973 - Knowledge - INFO - [LLM_CALL] Completed: report_task.py:chunk1, Duration: 14112ms, PromptTokens: 4206, CompletionTokens: 425, Cost: $0.00059
2026-02-03 10:04:16,041 - Knowledge - INFO - done ingest for /app/data/T0002/210882/b3694rp/odoo-210882/addons/report_task/report_task.py
2026-02-03 10:04:17,177 - Knowledge - INFO - process ingested knowledge for /app/data/T0002/210882/b3694rp/odoo-210882/addons/hr_holidays/hr_view.xml
2026-02-03 10:04:19,582 - Knowledge - INFO - process ingested knowledge for /app/data/T0002/210882/b3694rp/odoo-210882/addons/base_report_designer/wizard/tiny_sxw2rml/__init__.py
2026-02-03 10:04:21,137 - Knowledge - INFO - [LLM_CALL] Completed: project_timesheet.py:chunk1, Duration: 20486ms, PromptTokens: 4938, CompletionTokens: 759, Cost: $0.00080
2026-02-03 10:04:21,168 - Knowledge - INFO - done ingest for /app/data/T0002/210882/b3694rp/odoo-210882/addons/project_timesheet/project_timesheet.py
2026-02-03 10:04:21,560 - Knowledge - INFO - process ingested knowledge for /app/data/T0002/210882/b3694rp/odoo-210882/addons/hr_holidays/__init__.py
2026-02-03 10:04:21,747 - Knowledge - INFO - [LLM_CALL] Completed: crossovered_analytic.py:chunk1, Duration: 19358ms, PromptTokens: 4554, CompletionTokens: 577, Cost: $0.00069
2026-02-03 10:04:21,750 - Knowledge - INFO - done ingest for /app/data/T0002/210882/b3694rp/odoo-210882/addons/account_analytic_plans/report/crossovered_analytic.py
2026-02-03 10:04:22,366 - Knowledge - INFO - [kw9] Queue=713, InProgress=0, PendingWorkers=20/20, Completed=513/1263 (40.6%)
2026-02-03 10:04:22,366 - Knowledge - INFO - Batch sizing: calculated=8, max_allowed=10, queue=713, active_workers=20/20
2026-02-03 10:04:22,369 - Knowledge - INFO - process ingested knowledge for /app/data/T0002/210882/b3694rp/odoo-210882/addons/base_module_publish/wizard/module_zip.py
2026-02-03 10:04:22,371 - Knowledge - INFO - process ingested knowledge for /app/data/T0002/210882/b3694rp/odoo-210882/addons/base_report_designer/wizard/__init__.py
2026-02-03 10:04:22,745 - Knowledge - INFO - process ingested knowledge for /app/data/T0002/210882/b3694rp/odoo-210882/addons/base_module_publish/scripts/mtree_upload.php
2026-02-03 10:04:22,752 - Knowledge - INFO - process ingested knowledge for /app/data/T0002/210882/b3694rp/odoo-210882/addons/hr_holidays/process/hr_holidays_process.xml
2026-02-03 10:04:22,974 - Knowledge - INFO - [WEBSOCKET] Sent: Type=progress_update, Size: 296, Duration: 0ms
2026-02-03 10:04:22,979 - Knowledge - INFO - [WEBSOCKET] Sent: Type=unknown, Size: ?, Duration: 5ms
2026-02-03 10:04:22,980 - Knowledge - INFO - Progress: 41.0% | Files: 518/1263 | Rate: 1.21 files/sec | Queue: 713
2026-02-03 10:04:23,246 - Knowledge - INFO - Async storing batch of 8 embeddings
2026-02-03 10:04:23,249 - Knowledge - INFO - process ingested knowledge for /app/data/T0002/210882/b3694rp/odoo-210882/addons/base_module_publish/base_module_publish_wizard.xml
2026-02-03 10:04:23,249 - Knowledge - INFO - process ingested knowledge for /app/data/T0002/210882/b3694rp/odoo-210882/addons/base_report_designer/base_report_designer_wizard.xml
2026-02-03 10:04:23,253 - Knowledge - INFO - Worker kw9 processing /app/data/T0002/210882/b3694rp/odoo-210882/addons/account_analytic_plans/wizard/wizard_crossovered_analytic.py
2026-02-03 10:04:23,257 - Knowledge - INFO - Worker kw9 processing /app/data/T0002/210882/b3694rp/odoo-210882/addons/account_analytic_plans/wizard/create_model.py
2026-02-03 10:04:23,259 - Knowledge - INFO - Worker kw9 processing /app/data/T0002/210882/b3694rp/odoo-210882/addons/account_analytic_plans/wizard/__init__.py
2026-02-03 10:04:23,260 - Knowledge - INFO - Fast-tracked /app/data/T0002/210882/b3694rp/odoo-210882/addons/account_analytic_plans/wizard/__init__.py (ext=.py, size=1112)
2026-02-03 10:04:23,261 - Knowledge - INFO - Worker kw9 processing /app/data/T0002/210882/b3694rp/odoo-210882/addons/account_analytic_plans/account_analytic_plans.py
2026-02-03 10:04:23,262 - Knowledge - INFO - Worker kw9 processing /app/data/T0002/210882/b3694rp/odoo-210882/addons/account_analytic_plans/__init__.py
2026-02-03 10:04:23,263 - Knowledge - INFO - Fast-tracked /app/data/T0002/210882/b3694rp/odoo-210882/addons/account_analytic_plans/__init__.py (ext=.py, size=1116)
2026-02-03 10:04:23,264 - Knowledge - INFO - Worker kw9 processing /app/data/T0002/210882/b3694rp/odoo-210882/addons/account_analytic_plans/account_analytic_plans_view.xml
2026-02-03 10:04:23,265 - Knowledge - INFO - Fast-tracked /app/data/T0002/210882/b3694rp/odoo-210882/addons/account_analytic_plans/account_analytic_plans_view.xml (ext=.xml, size=11000)
2026-02-03 10:04:23,265 - Knowledge - INFO - Worker kw9 processing /app/data/T0002/210882/b3694rp/odoo-210882/addons/base_module_record/__terp__.py
2026-02-03 10:04:23,269 - Knowledge - INFO - Worker kw9 processing /app/data/T0002/210882/b3694rp/odoo-210882/addons/base_module_record/wizard/base_module_record_objects.py
2026-02-03 10:04:23,345 - Knowledge - INFO - Fast-tracked /app/data/T0002/210882/b3694rp/odoo-210882/addons/account_analytic_plans/wizard/create_model.py (small file (2588 bytes))
2026-02-03 10:04:23,363 - Knowledge - INFO - Fast-tracked /app/data/T0002/210882/b3694rp/odoo-210882/addons/base_module_record/__terp__.py (small file (2153 bytes))
2026-02-03 10:04:23,369 - Knowledge - INFO - Async storage completed for 8 embeddings
2026-02-03 10:04:23,546 - Knowledge - INFO - [kw13] Queue=705, InProgress=0, PendingWorkers=20/20, Completed=522/1263 (41.3%)
2026-02-03 10:04:23,547 - Knowledge - INFO - Batch sizing: calculated=8, max_allowed=10, queue=705, active_workers=20/20
2026-02-03 10:04:23,548 - Knowledge - INFO - process ingested knowledge for /app/data/T0002/210882/b3694rp/odoo-210882/addons/sale_analytic_plans/__terp__.py
2026-02-03 10:04:23,766 - Knowledge - INFO - [kw19] Queue=705, InProgress=0, PendingWorkers=20/20, Completed=523/1263 (41.4%)
2026-02-03 10:04:23,767 - Knowledge - INFO - Batch sizing: calculated=8, max_allowed=10, queue=705, active_workers=20/20
2026-02-03 10:04:25,070 - Knowledge - INFO - process ingested knowledge for /app/data/T0002/210882/b3694rp/odoo-210882/addons/base_module_publish/__init__.py
2026-02-03 10:04:25,076 - Knowledge - INFO - process ingested knowledge for /app/data/T0002/210882/b3694rp/odoo-210882/addons/base_report_designer/base_report_designer.py
2026-02-03 10:04:25,146 - Knowledge - INFO - process ingested knowledge for /app/data/T0002/210882/b3694rp/odoo-210882/addons/base_module_publish/__terp__.py
2026-02-03 10:04:26,042 - Knowledge - INFO - Async storing batch of 8 embeddings
2026-02-03 10:04:26,076 - Knowledge - INFO - Worker kw19 processing /app/data/T0002/210882/b3694rp/odoo-210882/addons/base_module_record/wizard/base_module_save.py
2026-02-03 10:04:26,158 - Knowledge - INFO - Worker kw19 processing /app/data/T0002/210882/b3694rp/odoo-210882/addons/base_module_record/wizard/base_module_record.py
2026-02-03 10:04:26,238 - Knowledge - INFO - Worker kw19 processing /app/data/T0002/210882/b3694rp/odoo-210882/addons/base_module_record/wizard/__init__.py
2026-02-03 10:04:26,251 - Knowledge - INFO - Fast-tracked /app/data/T0002/210882/b3694rp/odoo-210882/addons/base_module_record/wizard/__init__.py (ext=.py, size=1141)
2026-02-03 10:04:26,251 - Knowledge - INFO - Worker kw19 processing /app/data/T0002/210882/b3694rp/odoo-210882/addons/base_module_record/base_module_record.py
2026-02-03 10:04:26,260 - Knowledge - INFO - Worker kw19 processing /app/data/T0002/210882/b3694rp/odoo-210882/addons/base_module_record/base_module_record_wizard.xml
2026-02-03 10:04:26,281 - Knowledge - INFO - Fast-tracked /app/data/T0002/210882/b3694rp/odoo-210882/addons/base_module_record/base_module_record_wizard.xml (ext=.xml, size=1964)
2026-02-03 10:04:26,281 - Knowledge - INFO - Worker kw19 processing /app/data/T0002/210882/b3694rp/odoo-210882/addons/base_module_record/__init__.py
2026-02-03 10:04:26,344 - Knowledge - INFO - Fast-tracked /app/data/T0002/210882/b3694rp/odoo-210882/addons/base_module_record/__init__.py (ext=.py, size=1098)
2026-02-03 10:04:26,348 - Knowledge - INFO - Worker kw19 processing /app/data/T0002/210882/b3694rp/odoo-210882/addons/product_margin/__terp__.py
2026-02-03 10:04:26,442 - Knowledge - INFO - Fast-tracked /app/data/T0002/210882/b3694rp/odoo-210882/addons/product_margin/__terp__.py (ext=.py, size=1604)
2026-02-03 10:04:26,442 - Knowledge - INFO - Worker kw19 processing /app/data/T0002/210882/b3694rp/odoo-210882/addons/product_margin/wizard/wizard_product_margin.py
2026-02-03 10:04:26,750 - Knowledge - INFO - Processing batch of 8 files
2026-02-03 10:04:26,750 - Knowledge - INFO - process ingested knowledge for /app/data/T0002/210882/b3694rp/odoo-210882/addons/report_analytic_planning/__terp__.py
2026-02-03 10:04:27,148 - Knowledge - INFO - Async storage completed for 8 embeddings
2026-02-03 10:04:28,841 - Knowledge - INFO - process ingested knowledge for /app/data/T0002/210882/b3694rp/odoo-210882/addons/base_report_designer/__terp__.py
2026-02-03 10:04:28,875 - Knowledge - INFO - process ingested knowledge for /app/data/T0002/210882/b3694rp/odoo-210882/addons/base_report_designer/__init__.py
2026-02-03 10:04:28,948 - Knowledge - INFO - process ingested knowledge for /app/data/T0002/210882/b3694rp/odoo-210882/addons/base_module_publish/wizard/wizard_module_export.py
2026-02-03 10:04:30,440 - Knowledge - INFO - process ingested knowledge for /app/data/T0002/210882/b3694rp/odoo-210882/addons/report_analytic_planning/report_analytic_planning.py
2026-02-03 10:04:30,441 - Knowledge - INFO - process ingested knowledge for /app/data/T0002/210882/b3694rp/odoo-210882/addons/report_analytic_planning/__init__.py
2026-02-03 10:04:31,057 - Knowledge - INFO - process ingested knowledge for /app/data/T0002/210882/b3694rp/odoo-210882/addons/base_report_designer/base_report_data.xml
2026-02-03 10:04:31,059 - Knowledge - INFO - process ingested knowledge for /app/data/T0002/210882/b3694rp/odoo-210882/addons/report_analytic_planning/report_analytic_planning_report.xml
2026-02-03 10:04:31,266 - Knowledge - INFO - [LLM_CALL] Completed: wizard_crossovered_analytic.py:chunk1, Duration: 7991ms, PromptTokens: 2376, CompletionTokens: 284, Cost: $0.00035
2026-02-03 10:04:31,267 - Knowledge - INFO - done ingest for /app/data/T0002/210882/b3694rp/odoo-210882/addons/account_analytic_plans/wizard/wizard_crossovered_analytic.py
2026-02-03 10:04:32,548 - Knowledge - INFO - process ingested knowledge for /app/data/T0002/210882/b3694rp/odoo-210882/addons/base_module_publish/wizard/base_module_publish_all.py
2026-02-03 10:04:34,037 - Knowledge - INFO - Processing batch of 8 files
2026-02-03 10:04:34,038 - Knowledge - INFO - process ingested knowledge for /app/data/T0002/210882/b3694rp/odoo-210882/addons/account_reporting/account.py
2026-02-03 10:04:34,061 - Knowledge - INFO - Async storing batch of 8 embeddings
2026-02-03 10:04:34,173 - Knowledge - INFO - Worker kw13 processing /app/data/T0002/210882/b3694rp/odoo-210882/addons/product_margin/wizard/__init__.py
2026-02-03 10:04:34,337 - Knowledge - INFO - Fast-tracked /app/data/T0002/210882/b3694rp/odoo-210882/addons/product_margin/wizard/__init__.py (ext=.py, size=1088)
2026-02-03 10:04:34,337 - Knowledge - INFO - Worker kw13 processing /app/data/T0002/210882/b3694rp/odoo-210882/addons/product_margin/product_margin.py
2026-02-03 10:04:34,376 - Knowledge - INFO - Worker kw13 processing /app/data/T0002/210882/b3694rp/odoo-210882/addons/product_margin/__init__.py
2026-02-03 10:04:34,437 - Knowledge - INFO - Fast-tracked /app/data/T0002/210882/b3694rp/odoo-210882/addons/product_margin/__init__.py (ext=.py, size=1095)
2026-02-03 10:04:34,437 - Knowledge - INFO - Worker kw13 processing /app/data/T0002/210882/b3694rp/odoo-210882/addons/product_margin/product_margin_view.xml
2026-02-03 10:04:34,542 - Knowledge - INFO - Fast-tracked /app/data/T0002/210882/b3694rp/odoo-210882/addons/product_margin/product_margin_view.xml (ext=.xml, size=4511)
2026-02-03 10:04:34,552 - Knowledge - INFO - Worker kw13 processing /app/data/T0002/210882/b3694rp/odoo-210882/addons/hr_expense/hr_expense.py
2026-02-03 10:04:34,566 - Knowledge - INFO - Worker kw13 processing /app/data/T0002/210882/b3694rp/odoo-210882/addons/hr_expense/hr_expense_sequence.xml
2026-02-03 10:04:34,656 - Knowledge - INFO - Fast-tracked /app/data/T0002/210882/b3694rp/odoo-210882/addons/hr_expense/hr_expense_sequence.xml (ext=.xml, size=588)
2026-02-03 10:04:34,657 - Knowledge - INFO - Worker kw13 processing /app/data/T0002/210882/b3694rp/odoo-210882/addons/hr_expense/report/__init__.py
2026-02-03 10:04:34,854 - Knowledge - INFO - Fast-tracked /app/data/T0002/210882/b3694rp/odoo-210882/addons/hr_expense/report/__init__.py (ext=.py, size=1073)
2026-02-03 10:04:34,858 - Knowledge - INFO - Worker kw13 processing /app/data/T0002/210882/b3694rp/odoo-210882/addons/hr_expense/report/expense.py
2026-02-03 10:04:34,870 - Knowledge - INFO - Fast-tracked /app/data/T0002/210882/b3694rp/odoo-210882/addons/hr_expense/report/expense.py (ext=.py, size=1468)
2026-02-03 10:04:35,076 - Knowledge - INFO - process ingested knowledge for /app/data/T0002/210882/b3694rp/odoo-210882/addons/report_analytic_planning/report_analytic_planning_view.xml
2026-02-03 10:04:35,871 - Knowledge - INFO - Async storage completed for 8 embeddings
2026-02-03 10:04:36,044 - Knowledge - INFO - process ingested knowledge for /app/data/T0002/210882/b3694rp/odoo-210882/addons/base_report_designer/wizard/base_report_designer_modify.py
2026-02-03 10:04:36,055 - Knowledge - INFO - process ingested knowledge for /app/data/T0002/210882/b3694rp/odoo-210882/addons/report_analytic_planning/report/__init__.py
2026-02-03 10:04:37,156 - Knowledge - INFO - [LLM_CALL] Completed: base_module_record_objects.py:chunk1, Duration: 13790ms, PromptTokens: 3574, CompletionTokens: 371, Cost: $0.00051
2026-02-03 10:04:37,167 - Knowledge - INFO - done ingest for /app/data/T0002/210882/b3694rp/odoo-210882/addons/base_module_record/wizard/base_module_record_objects.py
2026-02-03 10:04:37,251 - Knowledge - INFO - [kw17] Queue=689, InProgress=0, PendingWorkers=20/20, Completed=540/1263 (42.8%)
2026-02-03 10:04:37,275 - Knowledge - INFO - Batch sizing: calculated=8, max_allowed=10, queue=689, active_workers=20/20
2026-02-03 10:04:37,549 - Knowledge - INFO - Processing batch of 8 files
2026-02-03 10:04:37,554 - Knowledge - INFO - process ingested knowledge for /app/data/T0002/210882/b3694rp/odoo-210882/addons/account_reporting/__init__.py
2026-02-03 10:04:38,045 - Knowledge - INFO - process ingested knowledge for /app/data/T0002/210882/b3694rp/odoo-210882/addons/board_document/__terp__.py
2026-02-03 10:04:39,049 - Knowledge - INFO - process ingested knowledge for /app/data/T0002/210882/b3694rp/odoo-210882/addons/account_reporting/report/account_report_bs.py
2026-02-03 10:04:40,073 - Knowledge - INFO - Async storing batch of 8 embeddings
2026-02-03 10:04:40,170 - Knowledge - INFO - Worker kw17 processing /app/data/T0002/210882/b3694rp/odoo-210882/addons/hr_expense/hr_expense_view.xml
2026-02-03 10:04:40,256 - Knowledge - INFO - Fast-tracked /app/data/T0002/210882/b3694rp/odoo-210882/addons/hr_expense/hr_expense_view.xml (ext=.xml, size=10067)
2026-02-03 10:04:40,269 - Knowledge - INFO - Worker kw17 processing /app/data/T0002/210882/b3694rp/odoo-210882/addons/hr_expense/hr_expense_workflow.xml
2026-02-03 10:04:40,349 - Knowledge - INFO - Fast-tracked /app/data/T0002/210882/b3694rp/odoo-210882/addons/hr_expense/hr_expense_workflow.xml (ext=.xml, size=5172)
2026-02-03 10:04:40,349 - Knowledge - INFO - Worker kw17 processing /app/data/T0002/210882/b3694rp/odoo-210882/addons/hr_expense/__terp__.py
2026-02-03 10:04:40,369 - Knowledge - INFO - Worker kw17 processing /app/data/T0002/210882/b3694rp/odoo-210882/addons/hr_expense/hr_expense_report.xml
2026-02-03 10:04:40,742 - Knowledge - INFO - Fast-tracked /app/data/T0002/210882/b3694rp/odoo-210882/addons/hr_expense/hr_expense_report.xml (ext=.xml, size=239)
2026-02-03 10:04:40,772 - Knowledge - INFO - Worker kw17 processing /app/data/T0002/210882/b3694rp/odoo-210882/addons/hr_expense/__init__.py
2026-02-03 10:04:40,868 - Knowledge - INFO - Fast-tracked /app/data/T0002/210882/b3694rp/odoo-210882/addons/hr_expense/__init__.py (ext=.py, size=1104)
2026-02-03 10:04:40,869 - Knowledge - INFO - process ingested knowledge for /app/data/T0002/210882/b3694rp/odoo-210882/addons/account_reporting/account_report.xml
2026-02-03 10:04:40,881 - Knowledge - INFO - Worker kw17 processing /app/data/T0002/210882/b3694rp/odoo-210882/addons/hr_expense/process/hr_expense_process.xml
2026-02-03 10:04:41,039 - Knowledge - INFO - Fast-tracked /app/data/T0002/210882/b3694rp/odoo-210882/addons/hr_expense/process/hr_expense_process.xml (ext=.xml, size=10445)
2026-02-03 10:04:41,046 - Knowledge - INFO - Worker kw17 processing /app/data/T0002/210882/b3694rp/odoo-210882/addons/hr_timesheet/hr_timesheet_wizard.xml
2026-02-03 10:04:41,150 - Knowledge - INFO - Fast-tracked /app/data/T0002/210882/b3694rp/odoo-210882/addons/hr_timesheet/hr_timesheet_wizard.xml (ext=.xml, size=306)
2026-02-03 10:04:41,162 - Knowledge - INFO - Worker kw17 processing /app/data/T0002/210882/b3694rp/odoo-210882/addons/hr_timesheet/hr_timesheet.py
2026-02-03 10:04:41,446 - Knowledge - INFO - Fast-tracked /app/data/T0002/210882/b3694rp/odoo-210882/addons/hr_expense/__terp__.py (small file (2233 bytes))
2026-02-03 10:04:41,758 - Knowledge - INFO - [LLM_CALL] Completed: base_module_save.py:chunk1, Duration: 15202ms, PromptTokens: 4904, CompletionTokens: 312, Cost: $0.00062
2026-02-03 10:04:41,768 - Knowledge - INFO - done ingest for /app/data/T0002/210882/b3694rp/odoo-210882/addons/base_module_record/wizard/base_module_save.py
2026-02-03 10:04:41,855 - Knowledge - INFO - Async storage completed for 8 embeddings
2026-02-03 10:04:43,144 - Knowledge - INFO - Processing batch of 8 files
2026-02-03 10:04:43,170 - Knowledge - INFO - process ingested knowledge for /app/data/T0002/210882/b3694rp/odoo-210882/addons/account_invoice_layout/wizard/__init__.py
2026-02-03 10:04:43,770 - Knowledge - INFO - [WEBSOCKET] Sent: Type=progress_update, Size: 296, Duration: 0ms
2026-02-03 10:04:43,849 - Knowledge - INFO - [WEBSOCKET] Sent: Type=unknown, Size: ?, Duration: 80ms
2026-02-03 10:04:43,850 - Knowledge - INFO - Progress: 43.2% | Files: 545/1263 | Rate: 1.23 files/sec | Queue: 681
2026-02-03 10:04:46,747 - Knowledge - INFO - process ingested knowledge for /app/data/T0002/210882/b3694rp/odoo-210882/addons/account_reporting/report/__init__.py
2026-02-03 10:04:47,968 - Knowledge - INFO - process ingested knowledge for /app/data/T0002/210882/b3694rp/odoo-210882/addons/board_document/board_document_demo.xml
2026-02-03 10:04:47,984 - Knowledge - INFO - process ingested knowledge for /app/data/T0002/210882/b3694rp/odoo-210882/addons/account_invoice_layout/account_invoice_layout_report.xml
2026-02-03 10:04:48,046 - Knowledge - INFO - process ingested knowledge for /app/data/T0002/210882/b3694rp/odoo-210882/addons/account_invoice_layout/account_invoice_layout.py
2026-02-03 10:04:48,064 - Knowledge - INFO - [kw18] Queue=681, InProgress=0, PendingWorkers=20/20, Completed=547/1263 (43.3%)
2026-02-03 10:04:48,083 - Knowledge - INFO - Batch sizing: calculated=8, max_allowed=10, queue=681, active_workers=20/20
2026-02-03 10:04:50,247 - Knowledge - INFO - process ingested knowledge for /app/data/T0002/210882/b3694rp/odoo-210882/addons/account_reporting/account_view.xml
2026-02-03 10:04:52,537 - Knowledge - INFO - process ingested knowledge for /app/data/T0002/210882/b3694rp/odoo-210882/addons/board_document/__init__.py
2026-02-03 10:04:52,568 - Knowledge - INFO - process ingested knowledge for /app/data/T0002/210882/b3694rp/odoo-210882/addons/account_invoice_layout/report/special_message_invoice.py
2026-02-03 10:04:54,346 - Knowledge - INFO - Async storing batch of 8 embeddings
2026-02-03 10:04:54,449 - Knowledge - INFO - [kw14] Queue=673, InProgress=0, PendingWorkers=20/20, Completed=549/1263 (43.5%)
2026-02-03 10:04:54,455 - Knowledge - INFO - Batch sizing: calculated=8, max_allowed=10, queue=673, active_workers=20/20
2026-02-03 10:04:54,563 - Knowledge - INFO - Worker kw18 processing /app/data/T0002/210882/b3694rp/odoo-210882/addons/hr_timesheet/hr_timesheet_demo.xml
2026-02-03 10:04:54,736 - Knowledge - INFO - Processing batch of 8 files
2026-02-03 10:04:54,736 - Knowledge - INFO - process ingested knowledge for /app/data/T0002/210882/b3694rp/odoo-210882/addons/board_project/__init__.py
2026-02-03 10:04:54,760 - Knowledge - INFO - Fast-tracked /app/data/T0002/210882/b3694rp/odoo-210882/addons/hr_timesheet/hr_timesheet_demo.xml (ext=.xml, size=1644)
2026-02-03 10:04:54,761 - Knowledge - INFO - Worker kw18 processing /app/data/T0002/210882/b3694rp/odoo-210882/addons/hr_timesheet/report/users_timesheet.py
2026-02-03 10:04:54,850 - Knowledge - INFO - Worker kw18 processing /app/data/T0002/210882/b3694rp/odoo-210882/addons/hr_timesheet/report/user_timesheet.py
2026-02-03 10:04:54,956 - Knowledge - INFO - Worker kw18 processing /app/data/T0002/210882/b3694rp/odoo-210882/addons/hr_timesheet/report/__init__.py
2026-02-03 10:04:55,254 - Knowledge - INFO - Fast-tracked /app/data/T0002/210882/b3694rp/odoo-210882/addons/hr_timesheet/report/__init__.py (ext=.py, size=1103)
2026-02-03 10:04:55,337 - Knowledge - INFO - Worker kw18 processing /app/data/T0002/210882/b3694rp/odoo-210882/addons/hr_timesheet/hr_timesheet_view.xml
2026-02-03 10:04:55,565 - Knowledge - INFO - Fast-tracked /app/data/T0002/210882/b3694rp/odoo-210882/addons/hr_timesheet/hr_timesheet_view.xml (ext=.xml, size=6184)
2026-02-03 10:04:55,646 - Knowledge - INFO - Worker kw18 processing /app/data/T0002/210882/b3694rp/odoo-210882/addons/hr_timesheet/__terp__.py
2026-02-03 10:04:55,675 - Knowledge - INFO - Worker kw18 processing /app/data/T0002/210882/b3694rp/odoo-210882/addons/hr_timesheet/wizard/wizard_print_timesheet_users.py
2026-02-03 10:04:55,765 - Knowledge - INFO - Worker kw18 processing /app/data/T0002/210882/b3694rp/odoo-210882/addons/hr_timesheet/wizard/sign_in_out.py
2026-02-03 10:04:55,959 - Knowledge - INFO - process ingested knowledge for /app/data/T0002/210882/b3694rp/odoo-210882/addons/account_reporting/__terp__.py
2026-02-03 10:04:56,736 - Knowledge - INFO - Fast-tracked /app/data/T0002/210882/b3694rp/odoo-210882/addons/hr_timesheet/__terp__.py (small file (2132 bytes))
2026-02-03 10:04:56,863 - Knowledge - INFO - Fast-tracked /app/data/T0002/210882/b3694rp/odoo-210882/addons/hr_timesheet/wizard/wizard_print_timesheet_users.py (small file (2166 bytes))
2026-02-03 10:04:56,944 - Knowledge - INFO - process ingested knowledge for /app/data/T0002/210882/b3694rp/odoo-210882/addons/board_document/board_document_view.xml
2026-02-03 10:04:56,949 - Knowledge - INFO - process ingested knowledge for /app/data/T0002/210882/b3694rp/odoo-210882/addons/account_invoice_layout/__init__.py
2026-02-03 10:04:57,047 - Knowledge - INFO - Async storage completed for 8 embeddings
2026-02-03 10:04:57,939 - Knowledge - INFO - Async storing batch of 8 embeddings
2026-02-03 10:04:57,941 - Knowledge - INFO - process ingested knowledge for /app/data/T0002/210882/b3694rp/odoo-210882/addons/project_timesheet/__terp__.py
2026-02-03 10:04:57,969 - Knowledge - INFO - Worker kw14 processing /app/data/T0002/210882/b3694rp/odoo-210882/addons/hr_timesheet/wizard/wizard_print_timesheet.py
2026-02-03 10:04:58,248 - Knowledge - INFO - Worker kw14 processing /app/data/T0002/210882/b3694rp/odoo-210882/addons/hr_timesheet/wizard/__init__.py
2026-02-03 10:04:58,365 - Knowledge - INFO - Fast-tracked /app/data/T0002/210882/b3694rp/odoo-210882/addons/hr_timesheet/wizard/__init__.py (ext=.py, size=1144)
2026-02-03 10:04:58,444 - Knowledge - INFO - Worker kw14 processing /app/data/T0002/210882/b3694rp/odoo-210882/addons/hr_timesheet/hr_timesheet_data.xml
2026-02-03 10:04:58,448 - Knowledge - INFO - Processing batch of 8 files
2026-02-03 10:04:58,538 - Knowledge - INFO - Fast-tracked /app/data/T0002/210882/b3694rp/odoo-210882/addons/hr_timesheet/hr_timesheet_data.xml (ext=.xml, size=319)
2026-02-03 10:04:58,549 - Knowledge - INFO - process ingested knowledge for /app/data/T0002/210882/b3694rp/odoo-210882/addons/report_task/report_task.py
2026-02-03 10:04:58,566 - Knowledge - INFO - Worker kw14 processing /app/data/T0002/210882/b3694rp/odoo-210882/addons/hr_timesheet/hr_timesheet_report.xml
2026-02-03 10:04:58,569 - Knowledge - INFO - Fast-tracked /app/data/T0002/210882/b3694rp/odoo-210882/addons/hr_timesheet/hr_timesheet_report.xml (ext=.xml, size=1643)
2026-02-03 10:04:58,570 - Knowledge - INFO - Worker kw14 processing /app/data/T0002/210882/b3694rp/odoo-210882/addons/hr_timesheet/__init__.py
2026-02-03 10:04:58,743 - Knowledge - INFO - Fast-tracked /app/data/T0002/210882/b3694rp/odoo-210882/addons/hr_timesheet/__init__.py (ext=.py, size=1106)
2026-02-03 10:04:58,754 - Knowledge - INFO - Worker kw14 processing /app/data/T0002/210882/b3694rp/odoo-210882/addons/hr_timesheet/process/hr_timesheet_process.xml
2026-02-03 10:04:58,862 - Knowledge - INFO - Fast-tracked /app/data/T0002/210882/b3694rp/odoo-210882/addons/hr_timesheet/process/hr_timesheet_process.xml (ext=.xml, size=466)
2026-02-03 10:04:58,880 - Knowledge - INFO - Worker kw14 processing /app/data/T0002/210882/b3694rp/odoo-210882/addons/profile_service/profile_service.xml
2026-02-03 10:04:58,938 - Knowledge - INFO - process ingested knowledge for /app/data/T0002/210882/b3694rp/odoo-210882/addons/account_reporting/wizard/wizard_account_balance_report.py
2026-02-03 10:04:59,243 - Knowledge - INFO - Fast-tracked /app/data/T0002/210882/b3694rp/odoo-210882/addons/profile_service/profile_service.xml (ext=.xml, size=2798)
2026-02-03 10:04:59,243 - Knowledge - INFO - Worker kw14 processing /app/data/T0002/210882/b3694rp/odoo-210882/addons/profile_service/profile_service.py
2026-02-03 10:04:59,465 - Knowledge - INFO - Fast-tracked /app/data/T0002/210882/b3694rp/odoo-210882/addons/hr_timesheet/wizard/wizard_print_timesheet.py (small file (2901 bytes))
2026-02-03 10:04:59,956 - Knowledge - INFO - process ingested knowledge for /app/data/T0002/210882/b3694rp/odoo-210882/addons/account_invoice_layout/report/report_account_invoice_layout.py
2026-02-03 10:05:00,139 - Knowledge - INFO - Async storage completed for 8 embeddings
2026-02-03 10:05:01,466 - Knowledge - INFO - [kw16] Queue=665, InProgress=0, PendingWorkers=20/20, Completed=550/1263 (43.5%)
2026-02-03 10:05:01,537 - Knowledge - INFO - Batch sizing: calculated=8, max_allowed=10, queue=665, active_workers=20/20
2026-02-03 10:05:03,851 - Knowledge - INFO - [LLM_CALL] Completed: product_margin.py:chunk1, Duration: 28776ms, PromptTokens: 4544, CompletionTokens: 281, Cost: $0.00057
2026-02-03 10:05:03,852 - Knowledge - INFO - done ingest for /app/data/T0002/210882/b3694rp/odoo-210882/addons/product_margin/product_margin.py
2026-02-03 10:05:03,938 - Knowledge - INFO - process ingested knowledge for /app/data/T0002/210882/b3694rp/odoo-210882/addons/project_timesheet/project_timesheet.py
2026-02-03 10:05:05,463 - Knowledge - INFO - [kw15] Queue=665, InProgress=0, PendingWorkers=20/20, Completed=550/1263 (43.5%)
2026-02-03 10:05:05,463 - Knowledge - INFO - Batch sizing: calculated=8, max_allowed=10, queue=665, active_workers=20/20
2026-02-03 10:05:05,546 - Knowledge - INFO - process ingested knowledge for /app/data/T0002/210882/b3694rp/odoo-210882/addons/account_reporting/wizard/__init__.py
2026-02-03 10:05:05,939 - Knowledge - INFO - [LLM_CALL] Completed: hr_timesheet.py:chunk1, Duration: 24302ms, PromptTokens: 3816, CompletionTokens: 636, Cost: $0.00064
2026-02-03 10:05:05,957 - Knowledge - INFO - done ingest for /app/data/T0002/210882/b3694rp/odoo-210882/addons/hr_timesheet/hr_timesheet.py
2026-02-03 10:05:07,736 - Knowledge - INFO - Async storing batch of 8 embeddings
2026-02-03 10:05:08,559 - Knowledge - INFO - Worker kw16 processing /app/data/T0002/210882/b3694rp/odoo-210882/addons/profile_service/__terp__.py
2026-02-03 10:05:08,745 - Knowledge - INFO - Fast-tracked /app/data/T0002/210882/b3694rp/odoo-210882/addons/profile_service/__terp__.py (ext=.py, size=1485)
2026-02-03 10:05:08,842 - Knowledge - INFO - Worker kw16 processing /app/data/T0002/210882/b3694rp/odoo-210882/addons/profile_service/__init__.py
2026-02-03 10:05:09,968 - Knowledge - INFO - Fast-tracked /app/data/T0002/210882/b3694rp/odoo-210882/addons/profile_service/__init__.py (ext=.py, size=1081)
2026-02-03 10:05:10,045 - Knowledge - INFO - Worker kw16 processing /app/data/T0002/210882/b3694rp/odoo-210882/addons/l10n_be/account_demo.xml
2026-02-03 10:05:10,155 - Knowledge - INFO - Fast-tracked /app/data/T0002/210882/b3694rp/odoo-210882/addons/l10n_be/account_demo.xml (ext=.xml, size=5948)
2026-02-03 10:05:10,236 - Knowledge - INFO - Worker kw16 processing /app/data/T0002/210882/b3694rp/odoo-210882/addons/l10n_be/l10n_be_wizard.xml
2026-02-03 10:05:10,267 - Knowledge - INFO - Fast-tracked /app/data/T0002/210882/b3694rp/odoo-210882/addons/l10n_be/l10n_be_wizard.xml (ext=.xml, size=2085)
2026-02-03 10:05:10,380 - Knowledge - INFO - Worker kw16 processing /app/data/T0002/210882/b3694rp/odoo-210882/addons/l10n_be/l10n_be_sequence.xml
2026-02-03 10:05:10,752 - Knowledge - INFO - Fast-tracked /app/data/T0002/210882/b3694rp/odoo-210882/addons/l10n_be/l10n_be_sequence.xml (ext=.xml, size=949)
2026-02-03 10:05:10,758 - Knowledge - INFO - Worker kw16 processing /app/data/T0002/210882/b3694rp/odoo-210882/addons/l10n_be/company.py
2026-02-03 10:05:10,980 - Knowledge - INFO - Fast-tracked /app/data/T0002/210882/b3694rp/odoo-210882/addons/l10n_be/company.py (ext=.py, size=1758)
2026-02-03 10:05:11,036 - Knowledge - INFO - Worker kw16 processing /app/data/T0002/210882/b3694rp/odoo-210882/addons/l10n_be/__terp__.py
2026-02-03 10:05:11,350 - Knowledge - INFO - Worker kw16 processing /app/data/T0002/210882/b3694rp/odoo-210882/addons/l10n_be/wizard/partner_vat_listing.py
2026-02-03 10:05:11,769 - Knowledge - INFO - Fast-tracked /app/data/T0002/210882/b3694rp/odoo-210882/addons/l10n_be/__terp__.py (small file (2930 bytes))
2026-02-03 10:05:12,545 - Knowledge - INFO - Async storage completed for 8 embeddings
2026-02-03 10:05:13,053 - Knowledge - INFO - [LLM_CALL] Completed: base_module_record.py:chunk1, Duration: 46188ms, PromptTokens: 6876, CompletionTokens: 825, Cost: $0.00102
2026-02-03 10:05:13,138 - Knowledge - INFO - done ingest for /app/data/T0002/210882/b3694rp/odoo-210882/addons/base_module_record/base_module_record.py
2026-02-03 10:05:13,250 - Knowledge - INFO - process ingested knowledge for /app/data/T0002/210882/b3694rp/odoo-210882/addons/report_task/__init__.py
2026-02-03 10:05:14,953 - Knowledge - INFO - Async storing batch of 8 embeddings
2026-02-03 10:05:14,975 - Knowledge - INFO - process ingested knowledge for /app/data/T0002/210882/b3694rp/odoo-210882/addons/account_invoice_layout/report/__init__.py
2026-02-03 10:05:15,054 - Knowledge - INFO - process ingested knowledge for /app/data/T0002/210882/b3694rp/odoo-210882/addons/account_reporting/account_data.xml
2026-02-03 10:05:15,253 - Knowledge - INFO - Worker kw15 processing /app/data/T0002/210882/b3694rp/odoo-210882/addons/l10n_be/wizard/account_vat_declaration.py
2026-02-03 10:05:15,366 - Knowledge - INFO - Worker kw15 processing /app/data/T0002/210882/b3694rp/odoo-210882/addons/l10n_be/wizard/__init__.py
2026-02-03 10:05:15,551 - Knowledge - INFO - Fast-tracked /app/data/T0002/210882/b3694rp/odoo-210882/addons/l10n_be/wizard/__init__.py (ext=.py, size=1139)
2026-02-03 10:05:15,654 - Knowledge - INFO - Worker kw15 processing /app/data/T0002/210882/b3694rp/odoo-210882/addons/l10n_be/wizard/wizard_vat_intra.py
2026-02-03 10:05:16,136 - Knowledge - INFO - Worker kw15 processing /app/data/T0002/210882/b3694rp/odoo-210882/addons/l10n_be/account_pcmn_belgium.xml
2026-02-03 10:05:16,252 - Knowledge - INFO - Fast-tracked /app/data/T0002/210882/b3694rp/odoo-210882/addons/l10n_be/account_pcmn_belgium.xml (ext=.xml, size=364123)
2026-02-03 10:05:16,337 - Knowledge - INFO - Worker kw15 processing /app/data/T0002/210882/b3694rp/odoo-210882/addons/l10n_be/__init__.py
2026-02-03 10:05:16,542 - Knowledge - INFO - Fast-tracked /app/data/T0002/210882/b3694rp/odoo-210882/addons/l10n_be/__init__.py (ext=.py, size=1087)
2026-02-03 10:05:16,542 - Knowledge - INFO - Worker kw15 processing /app/data/T0002/210882/b3694rp/odoo-210882/addons/l10n_be/fiscal_templates.xml
2026-02-03 10:05:16,841 - Knowledge - INFO - Fast-tracked /app/data/T0002/210882/b3694rp/odoo-210882/addons/l10n_be/fiscal_templates.xml (ext=.xml, size=10953)
2026-02-03 10:05:16,954 - Knowledge - INFO - Worker kw15 processing /app/data/T0002/210882/b3694rp/odoo-210882/addons/mrp_repair/mrp_repair_wizard.xml
2026-02-03 10:05:17,063 - Knowledge - INFO - Fast-tracked /app/data/T0002/210882/b3694rp/odoo-210882/addons/mrp_repair/mrp_repair_wizard.xml (ext=.xml, size=513)
2026-02-03 10:05:17,148 - Knowledge - INFO - Worker kw15 processing /app/data/T0002/210882/b3694rp/odoo-210882/addons/mrp_repair/mrp_repair_sequence.xml
2026-02-03 10:05:17,348 - Knowledge - INFO - Fast-tracked /app/data/T0002/210882/b3694rp/odoo-210882/addons/mrp_repair/mrp_repair_sequence.xml (ext=.xml, size=549)
2026-02-03 10:05:18,046 - Knowledge - INFO - done ingest for /app/data/T0002/210882/b3694rp/odoo-210882/addons/base_module_record/wizard/base_module_record.py
2026-02-03 10:05:18,659 - Knowledge - INFO - Async storage completed for 8 embeddings
2026-02-03 10:05:20,865 - Knowledge - INFO - process ingested knowledge for /app/data/T0002/210882/b3694rp/odoo-210882/addons/report_task/report_task_view.xml
2026-02-03 10:05:21,565 - Knowledge - INFO - [LLM_CALL] Completed: wizard_product_margin.py:chunk1, Duration: 54584ms, PromptTokens: 2458, CompletionTokens: 265, Cost: $0.00035
2026-02-03 10:05:21,637 - Knowledge - INFO - done ingest for /app/data/T0002/210882/b3694rp/odoo-210882/addons/product_margin/wizard/wizard_product_margin.py
2026-02-03 10:05:22,158 - Knowledge - INFO - process ingested knowledge for /app/data/T0002/210882/b3694rp/odoo-210882/addons/account_invoice_layout/account_invoice_layout_view.xml
2026-02-03 10:05:22,452 - Knowledge - INFO - process ingested knowledge for /app/data/T0002/210882/b3694rp/odoo-210882/addons/account_invoice_layout/__terp__.py
2026-02-03 10:05:24,068 - Knowledge - INFO - [LLM_CALL] Completed: account_analytic_plans.py:chunk1, Duration: 60715ms, PromptTokens: 9600, CompletionTokens: 1679, Cost: $0.00163
2026-02-03 10:05:24,169 - Knowledge - INFO - done ingest for /app/data/T0002/210882/b3694rp/odoo-210882/addons/account_analytic_plans/account_analytic_plans.py
2026-02-03 10:05:24,353 - Knowledge - INFO - [LLM_CALL] Completed: hr_expense.py:chunk1, Duration: 48686ms, PromptTokens: 5552, CompletionTokens: 755, Cost: $0.00086
2026-02-03 10:05:24,354 - Knowledge - INFO - done ingest for /app/data/T0002/210882/b3694rp/odoo-210882/addons/hr_expense/hr_expense.py
2026-02-03 10:05:24,546 - Knowledge - INFO - [LLM_CALL] Completed: profile_service.py:chunk1, Duration: 24899ms, PromptTokens: 2920, CompletionTokens: 342, Cost: $0.00043
2026-02-03 10:05:24,549 - Knowledge - INFO - done ingest for /app/data/T0002/210882/b3694rp/odoo-210882/addons/profile_service/profile_service.py
2026-02-03 10:05:24,565 - Knowledge - INFO - [kw3] Queue=649, InProgress=0, PendingWorkers=20/20, Completed=550/1263 (43.5%)
2026-02-03 10:05:24,569 - Knowledge - INFO - process ingested knowledge for /app/data/T0002/210882/b3694rp/odoo-210882/addons/project_timesheet/__init__.py
2026-02-03 10:05:24,637 - Knowledge - INFO - [kw8] Queue=649, InProgress=0, PendingWorkers=20/20, Completed=550/1263 (43.5%)
2026-02-03 10:05:24,649 - Knowledge - INFO - process ingested knowledge for /app/data/T0002/210882/b3694rp/odoo-210882/addons/account_analytic_plans/model_wizard.xml
2026-02-03 10:05:24,655 - Knowledge - INFO - Batch sizing: calculated=8, max_allowed=10, queue=649, active_workers=20/20
2026-02-03 10:05:24,750 - Knowledge - INFO - process ingested knowledge for /app/data/T0002/210882/b3694rp/odoo-210882/addons/board_project/__terp__.py
2026-02-03 10:05:24,753 - Knowledge - INFO - [kw6] Queue=649, InProgress=0, PendingWorkers=20/20, Completed=551/1263 (43.6%)
2026-02-03 10:05:24,755 - Knowledge - INFO - Batch sizing: calculated=8, max_allowed=10, queue=649, active_workers=20/20
2026-02-03 10:05:24,771 - Knowledge - INFO - Batch sizing: calculated=8, max_allowed=10, queue=649, active_workers=20/20
2026-02-03 10:05:25,453 - Knowledge - INFO - process ingested knowledge for /app/data/T0002/210882/b3694rp/odoo-210882/addons/account_chart/__terp__.py
2026-02-03 10:05:29,261 - Knowledge - INFO - process ingested knowledge for /app/data/T0002/210882/b3694rp/odoo-210882/addons/account_analytic_plans/account_analytic_plans_report.xml
2026-02-03 10:05:29,342 - Knowledge - INFO - Async storing batch of 8 embeddings
2026-02-03 10:05:29,449 - Knowledge - INFO - Worker kw3 processing /app/data/T0002/210882/b3694rp/odoo-210882/addons/mrp_repair/mrp_repair.py
2026-02-03 10:05:29,647 - Knowledge - INFO - Worker kw3 processing /app/data/T0002/210882/b3694rp/odoo-210882/addons/mrp_repair/report/order.py
2026-02-03 10:05:29,757 - Knowledge - INFO - Worker kw3 processing /app/data/T0002/210882/b3694rp/odoo-210882/addons/mrp_repair/report/__init__.py
2026-02-03 10:05:29,864 - Knowledge - INFO - Fast-tracked /app/data/T0002/210882/b3694rp/odoo-210882/addons/mrp_repair/report/__init__.py (ext=.py, size=1072)
2026-02-03 10:05:29,942 - Knowledge - INFO - Worker kw3 processing /app/data/T0002/210882/b3694rp/odoo-210882/addons/mrp_repair/mrp_repair_workflow.xml
2026-02-03 10:05:30,146 - Knowledge - INFO - Fast-tracked /app/data/T0002/210882/b3694rp/odoo-210882/addons/mrp_repair/mrp_repair_workflow.xml (ext=.xml, size=9123)
2026-02-03 10:05:30,146 - Knowledge - INFO - Worker kw3 processing /app/data/T0002/210882/b3694rp/odoo-210882/addons/mrp_repair/mrp_repair_view.xml
2026-02-03 10:05:30,253 - Knowledge - INFO - Async storing batch of 8 embeddings
2026-02-03 10:05:30,254 - Knowledge - INFO - Async storing batch of 8 embeddings
2026-02-03 10:05:30,261 - Knowledge - INFO - Fast-tracked /app/data/T0002/210882/b3694rp/odoo-210882/addons/mrp_repair/mrp_repair_view.xml (ext=.xml, size=14803)
2026-02-03 10:05:30,350 - Knowledge - INFO - Worker kw8 processing /app/data/T0002/210882/b3694rp/odoo-210882/addons/l10n_chart_uk_minimal/__init__.py
2026-02-03 10:05:30,351 - Knowledge - INFO - Worker kw3 processing /app/data/T0002/210882/b3694rp/odoo-210882/addons/mrp_repair/__terp__.py
2026-02-03 10:05:30,352 - Knowledge - INFO - process ingested knowledge for /app/data/T0002/210882/b3694rp/odoo-210882/addons/account_invoice_layout/wizard/invoice_special_message.py
2026-02-03 10:05:30,367 - Knowledge - INFO - process ingested knowledge for /app/data/T0002/210882/b3694rp/odoo-210882/addons/account_chart/account_chart.xml
2026-02-03 10:05:30,369 - Knowledge - INFO - Worker kw6 processing /app/data/T0002/210882/b3694rp/odoo-210882/addons/mrp_repair/wizard/wizard_cancel_repair.py
2026-02-03 10:05:30,454 - Knowledge - INFO - Fast-tracked /app/data/T0002/210882/b3694rp/odoo-210882/addons/mrp_repair/__terp__.py (ext=.py, size=1988)
2026-02-03 10:05:30,468 - Knowledge - INFO - Fast-tracked /app/data/T0002/210882/b3694rp/odoo-210882/addons/l10n_chart_uk_minimal/__init__.py (ext=.py, size=1513)
2026-02-03 10:05:30,563 - Knowledge - INFO - Worker kw6 processing /app/data/T0002/210882/b3694rp/odoo-210882/addons/mrp_repair/mrp_repair_report.xml
2026-02-03 10:05:30,564 - Knowledge - INFO - Worker kw3 processing /app/data/T0002/210882/b3694rp/odoo-210882/addons/mrp_repair/wizard/wizard_make_invoice.py
2026-02-03 10:05:30,637 - Knowledge - INFO - Worker kw8 processing /app/data/T0002/210882/b3694rp/odoo-210882/addons/product/product_wizard.xml
2026-02-03 10:05:30,759 - Knowledge - INFO - Fast-tracked /app/data/T0002/210882/b3694rp/odoo-210882/addons/product/product_wizard.xml (ext=.xml, size=216)
2026-02-03 10:05:30,768 - Knowledge - INFO - Worker kw8 processing /app/data/T0002/210882/b3694rp/odoo-210882/addons/product/pricelist_view.xml
2026-02-03 10:05:30,836 - Knowledge - INFO - Fast-tracked /app/data/T0002/210882/b3694rp/odoo-210882/addons/mrp_repair/mrp_repair_report.xml (ext=.xml, size=242)
2026-02-03 10:05:30,838 - Knowledge - INFO - Fast-tracked /app/data/T0002/210882/b3694rp/odoo-210882/addons/product/pricelist_view.xml (ext=.xml, size=9570)
2026-02-03 10:05:30,845 - Knowledge - INFO - Worker kw6 processing /app/data/T0002/210882/b3694rp/odoo-210882/addons/mrp_repair/__init__.py
2026-02-03 10:05:30,846 - Knowledge - INFO - Worker kw3 processing /app/data/T0002/210882/b3694rp/odoo-210882/addons/mrp_repair/wizard/__init__.py
2026-02-03 10:05:30,882 - Knowledge - INFO - Worker kw8 processing /app/data/T0002/210882/b3694rp/odoo-210882/addons/product/security/product_security.xml
2026-02-03 10:05:31,036 - Knowledge - INFO - process ingested knowledge for /app/data/T0002/210882/b3694rp/odoo-210882/addons/board_project/board_project_manager_view.xml
2026-02-03 10:05:31,037 - Knowledge - INFO - Fast-tracked /app/data/T0002/210882/b3694rp/odoo-210882/addons/mrp_repair/__init__.py (ext=.py, size=1105)
2026-02-03 10:05:31,046 - Knowledge - INFO - process ingested knowledge for /app/data/T0002/210882/b3694rp/odoo-210882/addons/account_analytic_plans/report/crossovered_analytic.py
2026-02-03 10:05:31,071 - Knowledge - INFO - Fast-tracked /app/data/T0002/210882/b3694rp/odoo-210882/addons/mrp_repair/wizard/__init__.py (ext=.py, size=1113)
2026-02-03 10:05:31,082 - Knowledge - INFO - Fast-tracked /app/data/T0002/210882/b3694rp/odoo-210882/addons/product/security/product_security.xml (ext=.xml, size=342)
2026-02-03 10:05:31,082 - Knowledge - INFO - Worker kw6 processing /app/data/T0002/210882/b3694rp/odoo-210882/addons/l10n_chart_uk_minimal/account_types.xml
2026-02-03 10:05:31,178 - Knowledge - INFO - Worker kw8 processing /app/data/T0002/210882/b3694rp/odoo-210882/addons/product/product.py
2026-02-03 10:05:31,442 - Knowledge - INFO - Fast-tracked /app/data/T0002/210882/b3694rp/odoo-210882/addons/l10n_chart_uk_minimal/account_types.xml (ext=.xml, size=2057)
2026-02-03 10:05:31,448 - Knowledge - INFO - Worker kw8 processing /app/data/T0002/210882/b3694rp/odoo-210882/addons/product/product_demo.xml
2026-02-03 10:05:31,459 - Knowledge - INFO - Worker kw6 processing /app/data/T0002/210882/b3694rp/odoo-210882/addons/l10n_chart_uk_minimal/account_tax.xml
2026-02-03 10:05:31,642 - Knowledge - INFO - Fast-tracked /app/data/T0002/210882/b3694rp/odoo-210882/addons/product/product_demo.xml (ext=.xml, size=25628)
2026-02-03 10:05:31,645 - Knowledge - INFO - Fast-tracked /app/data/T0002/210882/b3694rp/odoo-210882/addons/mrp_repair/report/order.py (small file (2269 bytes))
2026-02-03 10:05:31,651 - Knowledge - INFO - process ingested knowledge for /app/data/T0002/210882/b3694rp/odoo-210882/addons/account_chart/__init__.py
2026-02-03 10:05:31,737 - Knowledge - INFO - Worker kw8 processing /app/data/T0002/210882/b3694rp/odoo-210882/addons/product/report/product_pricelist.py
2026-02-03 10:05:31,742 - Knowledge - INFO - Fast-tracked /app/data/T0002/210882/b3694rp/odoo-210882/addons/l10n_chart_uk_minimal/account_tax.xml (ext=.xml, size=11739)
2026-02-03 10:05:31,844 - Knowledge - INFO - Fast-tracked /app/data/T0002/210882/b3694rp/odoo-210882/addons/mrp_repair/wizard/wizard_make_invoice.py (small file (2667 bytes))
2026-02-03 10:05:31,958 - Knowledge - INFO - Worker kw6 processing /app/data/T0002/210882/b3694rp/odoo-210882/addons/l10n_chart_uk_minimal/__terp__.py
2026-02-03 10:05:31,964 - Knowledge - INFO - Worker kw8 processing /app/data/T0002/210882/b3694rp/odoo-210882/addons/product/report/pricelist.py
2026-02-03 10:05:31,988 - Knowledge - INFO - Async storage completed for 8 embeddings
2026-02-03 10:05:32,056 - Knowledge - INFO - Worker kw6 processing /app/data/T0002/210882/b3694rp/odoo-210882/addons/l10n_chart_uk_minimal/l10n_uk_wizard.xml
2026-02-03 10:05:32,369 - Knowledge - INFO - Fast-tracked /app/data/T0002/210882/b3694rp/odoo-210882/addons/l10n_chart_uk_minimal/l10n_uk_wizard.xml (ext=.xml, size=868)
2026-02-03 10:05:32,450 - Knowledge - INFO - Worker kw6 processing /app/data/T0002/210882/b3694rp/odoo-210882/addons/l10n_chart_uk_minimal/account_chart.xml
2026-02-03 10:05:32,570 - Knowledge - INFO - Fast-tracked /app/data/T0002/210882/b3694rp/odoo-210882/addons/l10n_chart_uk_minimal/account_chart.xml (ext=.xml, size=7928)
2026-02-03 10:05:32,766 - Knowledge - INFO - Fast-tracked /app/data/T0002/210882/b3694rp/odoo-210882/addons/mrp_repair/wizard/wizard_cancel_repair.py (small file (2877 bytes))
2026-02-03 10:05:33,368 - Knowledge - INFO - [LLM_CALL] Completed: partner_vat_listing.py:chunk1, Duration: 21111ms, PromptTokens: 6058, CompletionTokens: 514, Cost: $0.00081
2026-02-03 10:05:33,449 - Knowledge - INFO - Async storage completed for 8 embeddings
2026-02-03 10:05:33,466 - Knowledge - INFO - done ingest for /app/data/T0002/210882/b3694rp/odoo-210882/addons/l10n_be/wizard/partner_vat_listing.py
2026-02-03 10:05:33,642 - Knowledge - INFO - Async storage completed for 8 embeddings
2026-02-03 10:05:33,580 - Knowledge - INFO - [LLM_CALL] Completed: users_timesheet.py:chunk1, Duration: 37621ms, PromptTokens: 3234, CompletionTokens: 318, Cost: $0.00045
2026-02-03 10:05:33,868 - Knowledge - INFO - done ingest for /app/data/T0002/210882/b3694rp/odoo-210882/addons/hr_timesheet/report/users_timesheet.py
2026-02-03 10:05:34,236 - Knowledge - INFO - process ingested knowledge for /app/data/T0002/210882/b3694rp/odoo-210882/addons/board_project/board_project_demo.xml
2026-02-03 10:05:34,262 - Knowledge - INFO - process ingested knowledge for /app/data/T0002/210882/b3694rp/odoo-210882/addons/account_analytic_plans/report/__init__.py
2026-02-03 10:05:35,248 - Knowledge - INFO - process ingested knowledge for /app/data/T0002/210882/b3694rp/odoo-210882/addons/report_task/__terp__.py
2026-02-03 10:05:40,047 - Knowledge - INFO - [LLM_CALL] Completed: user_timesheet.py:chunk1, Duration: 43803ms, PromptTokens: 3324, CompletionTokens: 341, Cost: $0.00047
2026-02-03 10:05:40,067 - Knowledge - INFO - done ingest for /app/data/T0002/210882/b3694rp/odoo-210882/addons/hr_timesheet/report/user_timesheet.py
2026-02-03 10:05:41,445 - Knowledge - INFO - process ingested knowledge for /app/data/T0002/210882/b3694rp/odoo-210882/addons/board_project/board_project_view.xml
2026-02-03 10:05:42,172 - Knowledge - INFO - [LLM_CALL] Completed: wizard_vat_intra.py:chunk1, Duration: 24026ms, PromptTokens: 5374, CompletionTokens: 325, Cost: $0.00067
2026-02-03 10:05:42,175 - Knowledge - INFO - done ingest for /app/data/T0002/210882/b3694rp/odoo-210882/addons/l10n_be/wizard/wizard_vat_intra.py
2026-02-03 10:05:42,759 - Knowledge - INFO - [kw7] Queue=625, InProgress=0, PendingWorkers=20/20, Completed=570/1263 (45.1%)
2026-02-03 10:05:42,862 - Knowledge - INFO - [WEBSOCKET] Sent: Type=progress_update, Size: 296, Duration: 0ms
2026-02-03 10:05:42,879 - Knowledge - INFO - Batch sizing: calculated=8, max_allowed=10, queue=625, active_workers=20/20
2026-02-03 10:05:42,943 - Knowledge - INFO - process ingested knowledge for /app/data/T0002/210882/b3694rp/odoo-210882/addons/account_analytic_plans/__terp__.py
2026-02-03 10:05:43,060 - Knowledge - INFO - [WEBSOCKET] Sent: Type=unknown, Size: ?, Duration: 198ms
2026-02-03 10:05:43,163 - Knowledge - INFO - Progress: 45.3% | Files: 572/1263 | Rate: 1.12 files/sec | Queue: 625
2026-02-03 10:05:43,843 - Knowledge - INFO - [LLM_CALL] Completed: account_vat_declaration.py:chunk1, Duration: 26201ms, PromptTokens: 4264, CompletionTokens: 298, Cost: $0.00055
2026-02-03 10:05:43,851 - Knowledge - INFO - done ingest for /app/data/T0002/210882/b3694rp/odoo-210882/addons/l10n_be/wizard/account_vat_declaration.py
2026-02-03 10:05:44,947 - Knowledge - INFO - [LLM_CALL] Completed: __terp__.py:chunk1, Duration: 12009ms, PromptTokens: 2640, CompletionTokens: 208, Cost: $0.00035
2026-02-03 10:05:44,953 - Knowledge - INFO - done ingest for /app/data/T0002/210882/b3694rp/odoo-210882/addons/l10n_chart_uk_minimal/__terp__.py
2026-02-03 10:05:45,340 - Knowledge - INFO - [LLM_CALL] Completed: sign_in_out.py:chunk1, Duration: 48397ms, PromptTokens: 4966, CompletionTokens: 520, Cost: $0.00070
2026-02-03 10:05:45,361 - Knowledge - INFO - done ingest for /app/data/T0002/210882/b3694rp/odoo-210882/addons/hr_timesheet/wizard/sign_in_out.py
2026-02-03 10:05:45,662 - Knowledge - INFO - Processing batch of 8 files
2026-02-03 10:05:45,664 - Knowledge - INFO - process ingested knowledge for /app/data/T0002/210882/b3694rp/odoo-210882/addons/hr_timesheet/wizard/wizard_print_timesheet.py
2026-02-03 10:05:46,059 - Knowledge - INFO - Async storing batch of 8 embeddings
2026-02-03 10:05:46,074 - Knowledge - INFO - [kw11] Queue=617, InProgress=0, PendingWorkers=20/20, Completed=577/1263 (45.7%)
2026-02-03 10:05:46,074 - Knowledge - INFO - Batch sizing: calculated=8, max_allowed=10, queue=617, active_workers=20/20
2026-02-03 10:05:46,156 - Knowledge - INFO - Worker kw7 processing /app/data/T0002/210882/b3694rp/odoo-210882/addons/product/report/__init__.py
2026-02-03 10:05:46,250 - Knowledge - INFO - Fast-tracked /app/data/T0002/210882/b3694rp/odoo-210882/addons/product/report/__init__.py (ext=.py, size=1083)
2026-02-03 10:05:46,261 - Knowledge - INFO - Worker kw7 processing /app/data/T0002/210882/b3694rp/odoo-210882/addons/product/report/product_label.xml
2026-02-03 10:05:46,276 - Knowledge - INFO - Fast-tracked /app/data/T0002/210882/b3694rp/odoo-210882/addons/product/report/product_label.xml (ext=.xml, size=406)
2026-02-03 10:05:46,336 - Knowledge - INFO - Worker kw7 processing /app/data/T0002/210882/b3694rp/odoo-210882/addons/product/product_view.xml
2026-02-03 10:05:46,444 - Knowledge - INFO - Fast-tracked /app/data/T0002/210882/b3694rp/odoo-210882/addons/product/product_view.xml (ext=.xml, size=28238)
2026-02-03 10:05:46,458 - Knowledge - INFO - Worker kw7 processing /app/data/T0002/210882/b3694rp/odoo-210882/addons/product/pricelist.py
2026-02-03 10:05:46,553 - Knowledge - INFO - Worker kw7 processing /app/data/T0002/210882/b3694rp/odoo-210882/addons/product/__terp__.py
2026-02-03 10:05:46,765 - Knowledge - INFO - Worker kw7 processing /app/data/T0002/210882/b3694rp/odoo-210882/addons/product/wizard/wizard_price.py
2026-02-03 10:05:46,847 - Knowledge - INFO - Worker kw7 processing /app/data/T0002/210882/b3694rp/odoo-210882/addons/product/wizard/__init__.py
2026-02-03 10:05:47,062 - Knowledge - INFO - Fast-tracked /app/data/T0002/210882/b3694rp/odoo-210882/addons/product/wizard/__init__.py (ext=.py, size=1078)
2026-02-03 10:05:47,071 - Knowledge - INFO - Worker kw7 processing /app/data/T0002/210882/b3694rp/odoo-210882/addons/product/product_data.xml
2026-02-03 10:05:47,154 - Knowledge - INFO - Fast-tracked /app/data/T0002/210882/b3694rp/odoo-210882/addons/product/product_data.xml (ext=.xml, size=3091)
2026-02-03 10:05:47,745 - Knowledge - INFO - Fast-tracked /app/data/T0002/210882/b3694rp/odoo-210882/addons/product/__terp__.py (small file (2312 bytes))
2026-02-03 10:05:48,045 - Knowledge - INFO - Fast-tracked /app/data/T0002/210882/b3694rp/odoo-210882/addons/product/wizard/wizard_price.py (small file (2285 bytes))
2026-02-03 10:05:48,045 - Knowledge - INFO - Async storage completed for 8 embeddings
2026-02-03 10:05:48,844 - Knowledge - INFO - process ingested knowledge for /app/data/T0002/210882/b3694rp/odoo-210882/addons/hr_timesheet/wizard/__init__.py
2026-02-03 10:05:49,154 - Knowledge - INFO - Processing batch of 8 files
2026-02-03 10:05:49,156 - Knowledge - INFO - process ingested knowledge for /app/data/T0002/210882/b3694rp/odoo-210882/addons/hr_expense/hr_expense_view.xml
2026-02-03 10:05:51,370 - Knowledge - INFO - Async storing batch of 8 embeddings
2026-02-03 10:05:51,437 - Knowledge - INFO - process ingested knowledge for /app/data/T0002/210882/b3694rp/odoo-210882/addons/hr_timesheet/hr_timesheet_data.xml
2026-02-03 10:05:51,450 - Knowledge - INFO - [kw12] Queue=609, InProgress=0, PendingWorkers=20/20, Completed=593/1263 (47.0%)
2026-02-03 10:05:51,672 - Knowledge - INFO - Batch sizing: calculated=8, max_allowed=10, queue=609, active_workers=20/20
2026-02-03 10:05:51,736 - Knowledge - INFO - Worker kw11 processing /app/data/T0002/210882/b3694rp/odoo-210882/addons/product/partner_view.xml
2026-02-03 10:05:51,955 - Knowledge - INFO - Fast-tracked /app/data/T0002/210882/b3694rp/odoo-210882/addons/product/partner_view.xml (ext=.xml, size=804)
2026-02-03 10:05:52,042 - Knowledge - INFO - Worker kw11 processing /app/data/T0002/210882/b3694rp/odoo-210882/addons/product/partner.py
2026-02-03 10:05:52,236 - Knowledge - INFO - Fast-tracked /app/data/T0002/210882/b3694rp/odoo-210882/addons/product/partner.py (ext=.py, size=1637)
2026-02-03 10:05:52,348 - Knowledge - INFO - Worker kw11 processing /app/data/T0002/210882/b3694rp/odoo-210882/addons/product/product_report.xml
2026-02-03 10:05:52,442 - Knowledge - INFO - Fast-tracked /app/data/T0002/210882/b3694rp/odoo-210882/addons/product/product_report.xml (ext=.xml, size=560)
2026-02-03 10:05:52,447 - Knowledge - INFO - Worker kw11 processing /app/data/T0002/210882/b3694rp/odoo-210882/addons/product/__init__.py
2026-02-03 10:05:52,547 - Knowledge - INFO - Fast-tracked /app/data/T0002/210882/b3694rp/odoo-210882/addons/product/__init__.py (ext=.py, size=1133)
2026-02-03 10:05:52,553 - Knowledge - INFO - Worker kw11 processing /app/data/T0002/210882/b3694rp/odoo-210882/addons/product/_common.py
2026-02-03 10:05:52,658 - Knowledge - INFO - Fast-tracked /app/data/T0002/210882/b3694rp/odoo-210882/addons/product/_common.py (ext=.py, size=1139)
2026-02-03 10:05:52,659 - Knowledge - INFO - Worker kw11 processing /app/data/T0002/210882/b3694rp/odoo-210882/addons/product/process/product_process.xml
2026-02-03 10:05:52,741 - Knowledge - INFO - Fast-tracked /app/data/T0002/210882/b3694rp/odoo-210882/addons/product/process/product_process.xml (ext=.xml, size=2587)
2026-02-03 10:05:52,745 - Knowledge - INFO - process ingested knowledge for /app/data/T0002/210882/b3694rp/odoo-210882/addons/hr_expense/hr_expense_workflow.xml
2026-02-03 10:05:52,779 - Knowledge - INFO - Worker kw11 processing /app/data/T0002/210882/b3694rp/odoo-210882/addons/mrp_subproduct/mrp_subproduct.py
2026-02-03 10:05:53,178 - Knowledge - INFO - Worker kw11 processing /app/data/T0002/210882/b3694rp/odoo-210882/addons/mrp_subproduct/mrp_subproduct_view.xml
2026-02-03 10:05:53,279 - Knowledge - INFO - Fast-tracked /app/data/T0002/210882/b3694rp/odoo-210882/addons/mrp_subproduct/mrp_subproduct_view.xml (ext=.xml, size=1443)
2026-02-03 10:05:53,890 - Knowledge - INFO - Async storage completed for 8 embeddings
2026-02-03 10:05:55,443 - Knowledge - INFO - process ingested knowledge for /app/data/T0002/210882/b3694rp/odoo-210882/addons/hr_timesheet/hr_timesheet_report.xml
2026-02-03 10:05:57,136 - Knowledge - INFO - process ingested knowledge for /app/data/T0002/210882/b3694rp/odoo-210882/addons/hr_expense/__terp__.py
2026-02-03 10:05:57,248 - Knowledge - INFO - [WEBSOCKET] Sent: Type=progress_update, Size: 294, Duration: 0ms
2026-02-03 10:05:57,348 - Knowledge - INFO - [WEBSOCKET] Sent: Type=unknown, Size: ?, Duration: 101ms
2026-02-03 10:05:57,361 - Knowledge - INFO - Progress: 47.7% | Files: 603/1263 | Rate: 1.16 files/sec | Queue: 609
2026-02-03 10:05:58,554 - Knowledge - INFO - Processing batch of 8 files
2026-02-03 10:05:58,561 - Knowledge - INFO - process ingested knowledge for /app/data/T0002/210882/b3694rp/odoo-210882/addons/account_analytic_plans/wizard/wizard_crossovered_analytic.py
2026-02-03 10:05:59,258 - Knowledge - INFO - Async storing batch of 8 embeddings
2026-02-03 10:05:59,269 - Knowledge - INFO - process ingested knowledge for /app/data/T0002/210882/b3694rp/odoo-210882/addons/hr_timesheet/__init__.py
2026-02-03 10:05:59,371 - Knowledge - INFO - Worker kw12 processing /app/data/T0002/210882/b3694rp/odoo-210882/addons/mrp_subproduct/__terp__.py
2026-02-03 10:05:59,537 - Knowledge - INFO - Fast-tracked /app/data/T0002/210882/b3694rp/odoo-210882/addons/mrp_subproduct/__terp__.py (ext=.py, size=1704)
2026-02-03 10:05:59,538 - Knowledge - INFO - Worker kw12 processing /app/data/T0002/210882/b3694rp/odoo-210882/addons/mrp_subproduct/__init__.py
2026-02-03 10:05:59,549 - Knowledge - INFO - Fast-tracked /app/data/T0002/210882/b3694rp/odoo-210882/addons/mrp_subproduct/__init__.py (ext=.py, size=1078)
2026-02-03 10:05:59,567 - Knowledge - INFO - Worker kw12 processing /app/data/T0002/210882/b3694rp/odoo-210882/addons/crm_configuration/crm_config_view.xml
2026-02-03 10:05:59,765 - Knowledge - INFO - Fast-tracked /app/data/T0002/210882/b3694rp/odoo-210882/addons/crm_configuration/crm_config_view.xml (ext=.xml, size=4604)
2026-02-03 10:05:59,771 - Knowledge - INFO - Worker kw12 processing /app/data/T0002/210882/b3694rp/odoo-210882/addons/crm_configuration/crm_phonecall_view.xml
2026-02-03 10:05:59,880 - Knowledge - INFO - Fast-tracked /app/data/T0002/210882/b3694rp/odoo-210882/addons/crm_configuration/crm_phonecall_view.xml (ext=.xml, size=6895)
2026-02-03 10:05:59,881 - Knowledge - INFO - Worker kw12 processing /app/data/T0002/210882/b3694rp/odoo-210882/addons/crm_configuration/crm_lead_view.xml
2026-02-03 10:05:59,979 - Knowledge - INFO - Fast-tracked /app/data/T0002/210882/b3694rp/odoo-210882/addons/crm_configuration/crm_lead_view.xml (ext=.xml, size=7937)
2026-02-03 10:06:00,042 - Knowledge - INFO - Worker kw12 processing /app/data/T0002/210882/b3694rp/odoo-210882/addons/crm_configuration/crm_configuration_wizard.xml
2026-02-03 10:06:00,055 - Knowledge - INFO - Fast-tracked /app/data/T0002/210882/b3694rp/odoo-210882/addons/crm_configuration/crm_configuration_wizard.xml (ext=.xml, size=794)
2026-02-03 10:06:00,056 - Knowledge - INFO - Worker kw12 processing /app/data/T0002/210882/b3694rp/odoo-210882/addons/crm_configuration/crm_jobs_view.xml
2026-02-03 10:06:00,147 - Knowledge - INFO - Fast-tracked /app/data/T0002/210882/b3694rp/odoo-210882/addons/crm_configuration/crm_jobs_view.xml (ext=.xml, size=8287)
2026-02-03 10:06:00,147 - Knowledge - INFO - Worker kw12 processing /app/data/T0002/210882/b3694rp/odoo-210882/addons/crm_configuration/crm_helpdesk_menu.xml
2026-02-03 10:06:00,171 - Knowledge - INFO - Fast-tracked /app/data/T0002/210882/b3694rp/odoo-210882/addons/crm_configuration/crm_helpdesk_menu.xml (ext=.xml, size=20354)
2026-02-03 10:06:00,279 - Knowledge - INFO - Async storage completed for 8 embeddings
2026-02-03 10:06:01,758 - Knowledge - INFO - process ingested knowledge for /app/data/T0002/210882/b3694rp/odoo-210882/addons/hr_expense/hr_expense_report.xml
2026-02-03 10:06:03,152 - Knowledge - INFO - Processing batch of 8 files
2026-02-03 10:06:03,152 - Knowledge - INFO - process ingested knowledge for /app/data/T0002/210882/b3694rp/odoo-210882/addons/product_margin/wizard/__init__.py
2026-02-03 10:06:04,070 - Knowledge - INFO - process ingested knowledge for /app/data/T0002/210882/b3694rp/odoo-210882/addons/account_analytic_plans/wizard/create_model.py
2026-02-03 10:06:04,157 - Knowledge - INFO - Processing batch of 8 files
2026-02-03 10:06:04,178 - Knowledge - INFO - process ingested knowledge for /app/data/T0002/210882/b3694rp/odoo-210882/addons/mrp_repair/wizard/wizard_cancel_repair.py
2026-02-03 10:06:04,237 - Knowledge - INFO - process ingested knowledge for /app/data/T0002/210882/b3694rp/odoo-210882/addons/hr_timesheet/process/hr_timesheet_process.xml
2026-02-03 10:06:05,136 - Knowledge - INFO - [kw4] Queue=601, InProgress=0, PendingWorkers=20/20, Completed=612/1263 (48.5%)
2026-02-03 10:06:05,171 - Knowledge - INFO - [LLM_CALL] Completed: pricelist.py:chunk1, Duration: 17892ms, PromptTokens: 3068, CompletionTokens: 377, Cost: $0.00046
2026-02-03 10:06:05,177 - Knowledge - INFO - Batch sizing: calculated=8, max_allowed=10, queue=601, active_workers=20/20
2026-02-03 10:06:05,237 - Knowledge - INFO - done ingest for /app/data/T0002/210882/b3694rp/odoo-210882/addons/product/report/pricelist.py
2026-02-03 10:06:06,870 - Knowledge - INFO - process ingested knowledge for /app/data/T0002/210882/b3694rp/odoo-210882/addons/product_margin/product_margin.py
2026-02-03 10:06:06,962 - Knowledge - INFO - process ingested knowledge for /app/data/T0002/210882/b3694rp/odoo-210882/addons/account_analytic_plans/wizard/__init__.py
2026-02-03 10:06:07,049 - Knowledge - INFO - process ingested knowledge for /app/data/T0002/210882/b3694rp/odoo-210882/addons/mrp_repair/mrp_repair_report.xml
2026-02-03 10:06:07,058 - Knowledge - INFO - process ingested knowledge for /app/data/T0002/210882/b3694rp/odoo-210882/addons/profile_service/profile_service.xml
2026-02-03 10:06:07,068 - Knowledge - INFO - process ingested knowledge for /app/data/T0002/210882/b3694rp/odoo-210882/addons/hr_expense/__init__.py
2026-02-03 10:06:07,261 - Knowledge - INFO - Processing batch of 8 files
2026-02-03 10:06:07,649 - Knowledge - INFO - Processing batch of 8 files
2026-02-03 10:06:07,737 - Knowledge - INFO - process ingested knowledge for /app/data/T0002/210882/b3694rp/odoo-210882/addons/base_module_record/wizard/base_module_save.py
2026-02-03 10:06:07,852 - Knowledge - INFO - process ingested knowledge for /app/data/T0002/210882/b3694rp/odoo-210882/addons/profile_service/__terp__.py
2026-02-03 10:06:08,871 - Knowledge - INFO - [LLM_CALL] Completed: mrp_subproduct.py:chunk1, Duration: 15311ms, PromptTokens: 2624, CompletionTokens: 417, Cost: $0.00043
2026-02-03 10:06:08,871 - Knowledge - INFO - done ingest for /app/data/T0002/210882/b3694rp/odoo-210882/addons/mrp_subproduct/mrp_subproduct.py
2026-02-03 10:06:09,363 - Knowledge - INFO - process ingested knowledge for /app/data/T0002/210882/b3694rp/odoo-210882/addons/product_margin/__init__.py
2026-02-03 10:06:09,746 - Knowledge - INFO - [LLM_CALL] Completed: product_pricelist.py:chunk1, Duration: 36980ms, PromptTokens: 2994, CompletionTokens: 515, Cost: $0.00051
2026-02-03 10:06:09,753 - Knowledge - INFO - done ingest for /app/data/T0002/210882/b3694rp/odoo-210882/addons/product/report/product_pricelist.py
2026-02-03 10:06:09,879 - Knowledge - INFO - Async storing batch of 8 embeddings
2026-02-03 10:06:09,949 - Knowledge - INFO - process ingested knowledge for /app/data/T0002/210882/b3694rp/odoo-210882/addons/account_analytic_plans/account_analytic_plans.py
2026-02-03 10:06:09,949 - Knowledge - INFO - Worker kw4 processing /app/data/T0002/210882/b3694rp/odoo-210882/addons/crm_configuration/crm_helpdesk_demo.xml
2026-02-03 10:06:09,950 - Knowledge - INFO - process ingested knowledge for /app/data/T0002/210882/b3694rp/odoo-210882/addons/mrp_repair/__init__.py
2026-02-03 10:06:09,962 - Knowledge - INFO - process ingested knowledge for /app/data/T0002/210882/b3694rp/odoo-210882/addons/profile_service/profile_service.py
2026-02-03 10:06:09,974 - Knowledge - INFO - process ingested knowledge for /app/data/T0002/210882/b3694rp/odoo-210882/addons/base_module_record/wizard/base_module_record.py
2026-02-03 10:06:10,061 - Knowledge - INFO - Fast-tracked /app/data/T0002/210882/b3694rp/odoo-210882/addons/crm_configuration/crm_helpdesk_demo.xml (ext=.xml, size=72)
2026-02-03 10:06:10,067 - Knowledge - INFO - process ingested knowledge for /app/data/T0002/210882/b3694rp/odoo-210882/addons/product_margin/product_margin_view.xml
2026-02-03 10:06:10,243 - Knowledge - INFO - Worker kw4 processing /app/data/T0002/210882/b3694rp/odoo-210882/addons/crm_configuration/report/crm_report.py
2026-02-03 10:06:10,352 - Knowledge - INFO - Worker kw4 processing /app/data/T0002/210882/b3694rp/odoo-210882/addons/crm_configuration/report/__init__.py
2026-02-03 10:06:10,364 - Knowledge - INFO - Fast-tracked /app/data/T0002/210882/b3694rp/odoo-210882/addons/crm_configuration/report/__init__.py (ext=.py, size=1075)
2026-02-03 10:06:10,543 - Knowledge - INFO - Worker kw4 processing /app/data/T0002/210882/b3694rp/odoo-210882/addons/crm_configuration/crm_jobs_demo.xml
2026-02-03 10:06:10,644 - Knowledge - INFO - Fast-tracked /app/data/T0002/210882/b3694rp/odoo-210882/addons/crm_configuration/crm_jobs_demo.xml (ext=.xml, size=7786)
2026-02-03 10:06:10,649 - Knowledge - INFO - Worker kw4 processing /app/data/T0002/210882/b3694rp/odoo-210882/addons/crm_configuration/crm_claims_data.xml
2026-02-03 10:06:10,873 - Knowledge - INFO - Fast-tracked /app/data/T0002/210882/b3694rp/odoo-210882/addons/crm_configuration/crm_claims_data.xml (ext=.xml, size=1929)
2026-02-03 10:06:10,936 - Knowledge - INFO - Worker kw4 processing /app/data/T0002/210882/b3694rp/odoo-210882/addons/crm_configuration/crm_jobs_menu.xml
2026-02-03 10:06:11,038 - Knowledge - INFO - Fast-tracked /app/data/T0002/210882/b3694rp/odoo-210882/addons/crm_configuration/crm_jobs_menu.xml (ext=.xml, size=24012)
2026-02-03 10:06:11,138 - Knowledge - INFO - process ingested knowledge for /app/data/T0002/210882/b3694rp/odoo-210882/addons/hr_expense/process/hr_expense_process.xml
2026-02-03 10:06:11,140 - Knowledge - INFO - process ingested knowledge for /app/data/T0002/210882/b3694rp/odoo-210882/addons/account_analytic_plans/__init__.py
2026-02-03 10:06:11,162 - Knowledge - INFO - Worker kw4 processing /app/data/T0002/210882/b3694rp/odoo-210882/addons/crm_configuration/crm_meeting_data.xml
2026-02-03 10:06:11,449 - Knowledge - INFO - Fast-tracked /app/data/T0002/210882/b3694rp/odoo-210882/addons/crm_configuration/crm_meeting_data.xml (ext=.xml, size=2288)
2026-02-03 10:06:11,450 - Knowledge - INFO - Worker kw4 processing /app/data/T0002/210882/b3694rp/odoo-210882/addons/crm_configuration/crm_phonecall_demo.xml
2026-02-03 10:06:11,553 - Knowledge - INFO - Fast-tracked /app/data/T0002/210882/b3694rp/odoo-210882/addons/crm_configuration/crm_phonecall_demo.xml (ext=.xml, size=5270)
2026-02-03 10:06:12,062 - Knowledge - INFO - Async storage completed for 8 embeddings
2026-02-03 10:06:12,668 - Knowledge - INFO - [kw2] Queue=593, InProgress=0, PendingWorkers=20/20, Completed=623/1263 (49.3%)
2026-02-03 10:06:12,741 - Knowledge - INFO - Batch sizing: calculated=8, max_allowed=10, queue=593, active_workers=20/20
2026-02-03 10:06:13,848 - Knowledge - INFO - process ingested knowledge for /app/data/T0002/210882/b3694rp/odoo-210882/addons/base_module_record/wizard/__init__.py
2026-02-03 10:06:13,861 - Knowledge - INFO - process ingested knowledge for /app/data/T0002/210882/b3694rp/odoo-210882/addons/hr_expense/hr_expense.py
2026-02-03 10:06:13,960 - Knowledge - INFO - process ingested knowledge for /app/data/T0002/210882/b3694rp/odoo-210882/addons/profile_service/__init__.py
2026-02-03 10:06:13,976 - Knowledge - INFO - Processing batch of 8 files
2026-02-03 10:06:14,037 - Knowledge - INFO - process ingested knowledge for /app/data/T0002/210882/b3694rp/odoo-210882/addons/account_analytic_plans/account_analytic_plans_view.xml
2026-02-03 10:06:14,142 - Knowledge - INFO - process ingested knowledge for /app/data/T0002/210882/b3694rp/odoo-210882/addons/l10n_chart_uk_minimal/account_types.xml
2026-02-03 10:06:14,361 - Knowledge - INFO - process ingested knowledge for /app/data/T0002/210882/b3694rp/odoo-210882/addons/l10n_be/wizard/account_vat_declaration.py
2026-02-03 10:06:16,968 - Knowledge - INFO - process ingested knowledge for /app/data/T0002/210882/b3694rp/odoo-210882/addons/base_module_record/base_module_record.py
2026-02-03 10:06:16,970 - Knowledge - INFO - process ingested knowledge for /app/data/T0002/210882/b3694rp/odoo-210882/addons/base_module_record/base_module_record_wizard.xml
2026-02-03 10:06:17,943 - Knowledge - INFO - [LLM_CALL] Completed: mrp_repair.py:chunk1, Duration: 46677ms, PromptTokens: 14526, CompletionTokens: 1610, Cost: $0.00210
2026-02-03 10:06:18,037 - Knowledge - INFO - done ingest for /app/data/T0002/210882/b3694rp/odoo-210882/addons/mrp_repair/mrp_repair.py
2026-02-03 10:06:18,238 - Knowledge - INFO - Async storing batch of 8 embeddings
2026-02-03 10:06:18,554 - Knowledge - INFO - Worker kw2 processing /app/data/T0002/210882/b3694rp/odoo-210882/addons/crm_configuration/crm_bugs_data.xml
2026-02-03 10:06:18,836 - Knowledge - INFO - Fast-tracked /app/data/T0002/210882/b3694rp/odoo-210882/addons/crm_configuration/crm_bugs_data.xml (ext=.xml, size=2523)
2026-02-03 10:06:18,838 - Knowledge - INFO - Worker kw2 processing /app/data/T0002/210882/b3694rp/odoo-210882/addons/crm_configuration/crm_lead_menu.xml
2026-02-03 10:06:18,947 - Knowledge - INFO - Fast-tracked /app/data/T0002/210882/b3694rp/odoo-210882/addons/crm_configuration/crm_lead_menu.xml (ext=.xml, size=17005)
2026-02-03 10:06:18,948 - Knowledge - INFO - Worker kw2 processing /app/data/T0002/210882/b3694rp/odoo-210882/addons/crm_configuration/crm_phonecall_menu.xml
2026-02-03 10:06:19,058 - Knowledge - INFO - Fast-tracked /app/data/T0002/210882/b3694rp/odoo-210882/addons/crm_configuration/crm_phonecall_menu.xml (ext=.xml, size=13301)
2026-02-03 10:06:19,064 - Knowledge - INFO - Worker kw2 processing /app/data/T0002/210882/b3694rp/odoo-210882/addons/crm_configuration/crm_lead_demo.xml
2026-02-03 10:06:19,158 - Knowledge - INFO - Fast-tracked /app/data/T0002/210882/b3694rp/odoo-210882/addons/crm_configuration/crm_lead_demo.xml (ext=.xml, size=7219)
2026-02-03 10:06:19,171 - Knowledge - INFO - Worker kw2 processing /app/data/T0002/210882/b3694rp/odoo-210882/addons/crm_configuration/crm_report_view.xml
2026-02-03 10:06:19,364 - Knowledge - INFO - Fast-tracked /app/data/T0002/210882/b3694rp/odoo-210882/addons/crm_configuration/crm_report_view.xml (ext=.xml, size=11682)
2026-02-03 10:06:19,364 - Knowledge - INFO - Worker kw2 processing /app/data/T0002/210882/b3694rp/odoo-210882/addons/crm_configuration/crm_opportunity_data.xml
2026-02-03 10:06:19,539 - Knowledge - INFO - done ingest for /app/data/T0002/210882/b3694rp/odoo-210882/addons/product/pricelist.py
2026-02-03 10:06:19,577 - Knowledge - INFO - Fast-tracked /app/data/T0002/210882/b3694rp/odoo-210882/addons/crm_configuration/crm_opportunity_data.xml (ext=.xml, size=3337)
2026-02-03 10:06:19,637 - Knowledge - INFO - Worker kw2 processing /app/data/T0002/210882/b3694rp/odoo-210882/addons/crm_configuration/crm_fund_data.xml
2026-02-03 10:06:19,653 - Knowledge - INFO - process ingested knowledge for /app/data/T0002/210882/b3694rp/odoo-210882/addons/base_module_record/__terp__.py
2026-02-03 10:06:19,660 - Knowledge - INFO - process ingested knowledge for /app/data/T0002/210882/b3694rp/odoo-210882/addons/l10n_chart_uk_minimal/account_tax.xml
2026-02-03 10:06:19,667 - Knowledge - INFO - Fast-tracked /app/data/T0002/210882/b3694rp/odoo-210882/addons/crm_configuration/crm_fund_data.xml (ext=.xml, size=1847)
2026-02-03 10:06:19,740 - Knowledge - INFO - Worker kw2 processing /app/data/T0002/210882/b3694rp/odoo-210882/addons/crm_configuration/__terp__.py
2026-02-03 10:06:19,976 - Knowledge - INFO - Fast-tracked /app/data/T0002/210882/b3694rp/odoo-210882/addons/crm_configuration/__terp__.py (small file (2295 bytes))
2026-02-03 10:06:20,052 - Knowledge - INFO - Async storage completed for 8 embeddings
2026-02-03 10:06:20,449 - Knowledge - INFO - process ingested knowledge for /app/data/T0002/210882/b3694rp/odoo-210882/addons/hr_timesheet/hr_timesheet_wizard.xml
2026-02-03 10:06:20,457 - Knowledge - INFO - process ingested knowledge for /app/data/T0002/210882/b3694rp/odoo-210882/addons/base_module_record/__init__.py
2026-02-03 10:06:20,544 - Knowledge - INFO - process ingested knowledge for /app/data/T0002/210882/b3694rp/odoo-210882/addons/hr_expense/hr_expense_sequence.xml
2026-02-03 10:06:21,244 - Knowledge - INFO - [WEBSOCKET] Sent: Type=progress_update, Size: 293, Duration: 0ms
2026-02-03 10:06:21,245 - Knowledge - INFO - process ingested knowledge for /app/data/T0002/210882/b3694rp/odoo-210882/addons/l10n_be/wizard/__init__.py
2026-02-03 10:06:21,251 - Knowledge - INFO - process ingested knowledge for /app/data/T0002/210882/b3694rp/odoo-210882/addons/base_module_record/wizard/base_module_record_objects.py
2026-02-03 10:06:21,265 - Knowledge - INFO - process ingested knowledge for /app/data/T0002/210882/b3694rp/odoo-210882/addons/l10n_chart_uk_minimal/__terp__.py
2026-02-03 10:06:21,265 - Knowledge - INFO - [WEBSOCKET] Sent: Type=unknown, Size: ?, Duration: 21ms
2026-02-03 10:06:21,354 - Knowledge - INFO - process ingested knowledge for /app/data/T0002/210882/b3694rp/odoo-210882/addons/hr_timesheet/hr_timesheet.py
2026-02-03 10:06:21,361 - Knowledge - INFO - process ingested knowledge for /app/data/T0002/210882/b3694rp/odoo-210882/addons/hr_expense/report/__init__.py
2026-02-03 10:06:21,540 - Knowledge - INFO - Progress: 49.9% | Files: 634/1263 | Rate: 1.16 files/sec | Queue: 585
2026-02-03 10:06:21,973 - Knowledge - INFO - Processing batch of 8 files
2026-02-03 10:06:21,975 - Knowledge - INFO - process ingested knowledge for /app/data/T0002/210882/b3694rp/odoo-210882/addons/hr_timesheet/hr_timesheet_demo.xml
2026-02-03 10:06:22,455 - Knowledge - INFO - process ingested knowledge for /app/data/T0002/210882/b3694rp/odoo-210882/addons/product_margin/__terp__.py
2026-02-03 10:06:23,738 - Knowledge - INFO - process ingested knowledge for /app/data/T0002/210882/b3694rp/odoo-210882/addons/l10n_chart_uk_minimal/l10n_uk_wizard.xml
2026-02-03 10:06:24,543 - Knowledge - INFO - process ingested knowledge for /app/data/T0002/210882/b3694rp/odoo-210882/addons/hr_expense/report/expense.py
2026-02-03 10:06:24,544 - Knowledge - INFO - [kw5] Queue=585, InProgress=0, PendingWorkers=20/20, Completed=640/1263 (50.7%)
2026-02-03 10:06:24,641 - Knowledge - INFO - Batch sizing: calculated=8, max_allowed=10, queue=585, active_workers=20/20
2026-02-03 10:06:24,666 - Knowledge - INFO - process ingested knowledge for /app/data/T0002/210882/b3694rp/odoo-210882/addons/l10n_be/wizard/wizard_vat_intra.py
2026-02-03 10:06:24,671 - Knowledge - INFO - [LLM_CALL] Completed: crm_report.py:chunk1, Duration: 12834ms, PromptTokens: 4770, CompletionTokens: 402, Cost: $0.00064
2026-02-03 10:06:24,672 - Knowledge - INFO - [kw20] Queue=585, InProgress=0, PendingWorkers=20/20, Completed=642/1263 (50.8%)
2026-02-03 10:06:24,745 - Knowledge - INFO - process ingested knowledge for /app/data/T0002/210882/b3694rp/odoo-210882/addons/product_margin/wizard/wizard_product_margin.py
2026-02-03 10:06:24,765 - Knowledge - INFO - done ingest for /app/data/T0002/210882/b3694rp/odoo-210882/addons/crm_configuration/report/crm_report.py
2026-02-03 10:06:24,765 - Knowledge - INFO - process ingested knowledge for /app/data/T0002/210882/b3694rp/odoo-210882/addons/l10n_chart_uk_minimal/account_chart.xml
2026-02-03 10:06:24,766 - Knowledge - INFO - Processing batch of 8 files
2026-02-03 10:06:24,767 - Knowledge - INFO - Batch sizing: calculated=8, max_allowed=10, queue=585, active_workers=20/20
2026-02-03 10:06:24,768 - Knowledge - INFO - process ingested knowledge for /app/data/T0002/210882/b3694rp/odoo-210882/addons/hr_timesheet/report/users_timesheet.py
2026-02-03 10:06:24,960 - Knowledge - INFO - process ingested knowledge for /app/data/T0002/210882/b3694rp/odoo-210882/addons/mrp_subproduct/__terp__.py
2026-02-03 10:06:25,459 - Knowledge - INFO - Async storing batch of 8 embeddings
2026-02-03 10:06:25,465 - Knowledge - INFO - [kw1] Queue=577, InProgress=0, PendingWorkers=20/20, Completed=645/1263 (51.1%)
2026-02-03 10:06:25,538 - Knowledge - INFO - Batch sizing: calculated=8, max_allowed=10, queue=577, active_workers=20/20
2026-02-03 10:06:25,549 - Knowledge - INFO - process ingested knowledge for /app/data/T0002/210882/b3694rp/odoo-210882/addons/l10n_be/account_pcmn_belgium.xml
2026-02-03 10:06:25,573 - Knowledge - INFO - process ingested knowledge for /app/data/T0002/210882/b3694rp/odoo-210882/addons/l10n_be/account_demo.xml
2026-02-03 10:06:25,658 - Knowledge - INFO - Async storing batch of 8 embeddings
2026-02-03 10:06:25,659 - Knowledge - INFO - Worker kw5 processing /app/data/T0002/210882/b3694rp/odoo-210882/addons/crm_configuration/crm_config.py
2026-02-03 10:06:25,666 - Knowledge - INFO - process ingested knowledge for /app/data/T0002/210882/b3694rp/odoo-210882/addons/hr_timesheet/report/user_timesheet.py
2026-02-03 10:06:25,737 - Knowledge - INFO - process ingested knowledge for /app/data/T0002/210882/b3694rp/odoo-210882/addons/mrp_subproduct/__init__.py
2026-02-03 10:06:25,740 - Knowledge - INFO - Worker kw20 processing /app/data/T0002/210882/b3694rp/odoo-210882/addons/crm_configuration/crm_opportunity_menu.xml
2026-02-03 10:06:25,763 - Knowledge - INFO - Worker kw5 processing /app/data/T0002/210882/b3694rp/odoo-210882/addons/crm_configuration/crm_opportunity_demo.xml
2026-02-03 10:06:25,838 - Knowledge - INFO - Fast-tracked /app/data/T0002/210882/b3694rp/odoo-210882/addons/crm_configuration/crm_opportunity_menu.xml (ext=.xml, size=16639)
2026-02-03 10:06:25,846 - Knowledge - INFO - Worker kw20 processing /app/data/T0002/210882/b3694rp/odoo-210882/addons/crm_configuration/crm_helpdesk_data.xml
2026-02-03 10:06:25,861 - Knowledge - INFO - Fast-tracked /app/data/T0002/210882/b3694rp/odoo-210882/addons/crm_configuration/crm_opportunity_demo.xml (ext=.xml, size=5943)
2026-02-03 10:06:25,878 - Knowledge - INFO - Fast-tracked /app/data/T0002/210882/b3694rp/odoo-210882/addons/crm_configuration/crm_helpdesk_data.xml (ext=.xml, size=267)
2026-02-03 10:06:25,952 - Knowledge - INFO - Worker kw5 processing /app/data/T0002/210882/b3694rp/odoo-210882/addons/crm_configuration/wizard/meeting_planify.py
2026-02-03 10:06:25,959 - Knowledge - INFO - Worker kw20 processing /app/data/T0002/210882/b3694rp/odoo-210882/addons/crm_configuration/crm_bugs_demo.xml
2026-02-03 10:06:26,037 - Knowledge - INFO - Worker kw5 processing /app/data/T0002/210882/b3694rp/odoo-210882/addons/crm_configuration/wizard/wizard_partner_create.py
2026-02-03 10:06:26,056 - Knowledge - INFO - Fast-tracked /app/data/T0002/210882/b3694rp/odoo-210882/addons/crm_configuration/crm_bugs_demo.xml (ext=.xml, size=13574)
2026-02-03 10:06:26,057 - Knowledge - INFO - Worker kw20 processing /app/data/T0002/210882/b3694rp/odoo-210882/addons/crm_configuration/crm_bugs_menu.xml
2026-02-03 10:06:26,071 - Knowledge - INFO - Worker kw5 processing /app/data/T0002/210882/b3694rp/odoo-210882/addons/crm_configuration/wizard/__init__.py
2026-02-03 10:06:26,142 - Knowledge - INFO - Fast-tracked /app/data/T0002/210882/b3694rp/odoo-210882/addons/crm_configuration/crm_bugs_menu.xml (ext=.xml, size=35795)
2026-02-03 10:06:26,149 - Knowledge - INFO - Worker kw20 processing /app/data/T0002/210882/b3694rp/odoo-210882/addons/crm_configuration/crm_meeting_demo.xml
2026-02-03 10:06:26,155 - Knowledge - INFO - Fast-tracked /app/data/T0002/210882/b3694rp/odoo-210882/addons/crm_configuration/wizard/__init__.py (ext=.py, size=1139)
2026-02-03 10:06:26,155 - Knowledge - INFO - Worker kw5 processing /app/data/T0002/210882/b3694rp/odoo-210882/addons/crm_configuration/wizard/wizard_opportunity_set.py
2026-02-03 10:06:26,164 - Knowledge - INFO - Worker kw5 processing /app/data/T0002/210882/b3694rp/odoo-210882/addons/crm_configuration/crm_fund_menu.xml
2026-02-03 10:06:26,255 - Knowledge - INFO - Fast-tracked /app/data/T0002/210882/b3694rp/odoo-210882/addons/crm_configuration/crm_meeting_demo.xml (ext=.xml, size=5756)
2026-02-03 10:06:26,256 - Knowledge - INFO - Worker kw20 processing /app/data/T0002/210882/b3694rp/odoo-210882/addons/crm_configuration/crm_claims_demo.xml
2026-02-03 10:06:26,257 - Knowledge - INFO - Fast-tracked /app/data/T0002/210882/b3694rp/odoo-210882/addons/crm_configuration/crm_fund_menu.xml (ext=.xml, size=11453)
2026-02-03 10:06:26,268 - Knowledge - INFO - Fast-tracked /app/data/T0002/210882/b3694rp/odoo-210882/addons/crm_configuration/crm_claims_demo.xml (ext=.xml, size=6574)
2026-02-03 10:06:26,275 - Knowledge - INFO - Worker kw5 processing /app/data/T0002/210882/b3694rp/odoo-210882/addons/crm_configuration/crm_fund_demo.xml
2026-02-03 10:06:26,450 - Knowledge - INFO - Worker kw20 processing /app/data/T0002/210882/b3694rp/odoo-210882/addons/crm_configuration/crm_meeting_menu.xml
2026-02-03 10:06:26,473 - Knowledge - INFO - Fast-tracked /app/data/T0002/210882/b3694rp/odoo-210882/addons/crm_configuration/crm_fund_demo.xml (ext=.xml, size=7940)
2026-02-03 10:06:26,539 - Knowledge - INFO - Fast-tracked /app/data/T0002/210882/b3694rp/odoo-210882/addons/crm_configuration/crm_meeting_menu.xml (ext=.xml, size=7248)
2026-02-03 10:06:26,542 - Knowledge - INFO - Worker kw20 processing /app/data/T0002/210882/b3694rp/odoo-210882/addons/crm_configuration/crm_claims_menu.xml
2026-02-03 10:06:26,737 - Knowledge - INFO - Fast-tracked /app/data/T0002/210882/b3694rp/odoo-210882/addons/crm_configuration/crm_claims_menu.xml (ext=.xml, size=9320)
2026-02-03 10:06:26,756 - Knowledge - INFO - Async storage completed for 8 embeddings
2026-02-03 10:06:26,861 - Knowledge - INFO - process ingested knowledge for /app/data/T0002/210882/b3694rp/odoo-210882/addons/l10n_be/__init__.py
2026-02-03 10:06:26,872 - Knowledge - INFO - [kw10] Queue=569, InProgress=0, PendingWorkers=20/20, Completed=651/1263 (51.5%)
2026-02-03 10:06:26,878 - Knowledge - INFO - Batch sizing: calculated=8, max_allowed=10, queue=569, active_workers=20/20
2026-02-03 10:06:26,939 - Knowledge - INFO - Fast-tracked /app/data/T0002/210882/b3694rp/odoo-210882/addons/crm_configuration/wizard/meeting_planify.py (small file (2760 bytes))
2026-02-03 10:06:26,946 - Knowledge - INFO - process ingested knowledge for /app/data/T0002/210882/b3694rp/odoo-210882/addons/hr_timesheet/report/__init__.py
2026-02-03 10:06:26,946 - Knowledge - INFO - process ingested knowledge for /app/data/T0002/210882/b3694rp/odoo-210882/addons/crm_configuration/crm_config_view.xml
2026-02-03 10:06:26,947 - Knowledge - INFO - Async storing batch of 8 embeddings
2026-02-03 10:06:27,059 - Knowledge - INFO - Processing batch of 8 files
2026-02-03 10:06:27,144 - Knowledge - INFO - process ingested knowledge for /app/data/T0002/210882/b3694rp/odoo-210882/addons/crm_configuration/crm_bugs_data.xml
2026-02-03 10:06:27,144 - Knowledge - INFO - Worker kw1 processing /app/data/T0002/210882/b3694rp/odoo-210882/addons/crm_configuration/crm_meeting_view.xml
2026-02-03 10:06:27,238 - Knowledge - INFO - Fast-tracked /app/data/T0002/210882/b3694rp/odoo-210882/addons/crm_configuration/crm_meeting_view.xml (ext=.xml, size=7073)
2026-02-03 10:06:27,239 - Knowledge - INFO - Worker kw1 processing /app/data/T0002/210882/b3694rp/odoo-210882/addons/crm_configuration/crm_claims_view.xml
2026-02-03 10:06:27,263 - Knowledge - INFO - Fast-tracked /app/data/T0002/210882/b3694rp/odoo-210882/addons/crm_configuration/crm_claims_view.xml (ext=.xml, size=6930)
2026-02-03 10:06:27,265 - Knowledge - INFO - Worker kw1 processing /app/data/T0002/210882/b3694rp/odoo-210882/addons/crm_configuration/crm_bugs_view.xml
2026-02-03 10:06:27,347 - Knowledge - INFO - Fast-tracked /app/data/T0002/210882/b3694rp/odoo-210882/addons/crm_configuration/crm_bugs_view.xml (ext=.xml, size=7199)
2026-02-03 10:06:27,348 - Knowledge - INFO - Worker kw1 processing /app/data/T0002/210882/b3694rp/odoo-210882/addons/crm_configuration/crm_fund_view.xml
2026-02-03 10:06:27,454 - Knowledge - INFO - Async storage completed for 8 embeddings
2026-02-03 10:06:27,454 - Knowledge - INFO - Fast-tracked /app/data/T0002/210882/b3694rp/odoo-210882/addons/crm_configuration/crm_fund_view.xml (ext=.xml, size=7484)
2026-02-03 10:06:27,466 - Knowledge - INFO - Worker kw1 processing /app/data/T0002/210882/b3694rp/odoo-210882/addons/crm_configuration/crm_jobs_data.xml
2026-02-03 10:06:27,475 - Knowledge - INFO - Fast-tracked /app/data/T0002/210882/b3694rp/odoo-210882/addons/crm_configuration/crm_jobs_data.xml (ext=.xml, size=2536)
2026-02-03 10:06:27,547 - Knowledge - INFO - Worker kw1 processing /app/data/T0002/210882/b3694rp/odoo-210882/addons/crm_configuration/__init__.py
2026-02-03 10:06:27,564 - Knowledge - INFO - Fast-tracked /app/data/T0002/210882/b3694rp/odoo-210882/addons/crm_configuration/__init__.py (ext=.py, size=1103)
2026-02-03 10:06:27,637 - Knowledge - INFO - Worker kw1 processing /app/data/T0002/210882/b3694rp/odoo-210882/addons/crm_configuration/crm_opportunity_view.xml
2026-02-03 10:06:27,646 - Knowledge - INFO - Fast-tracked /app/data/T0002/210882/b3694rp/odoo-210882/addons/crm_configuration/crm_opportunity_view.xml (ext=.xml, size=7575)
2026-02-03 10:06:27,652 - Knowledge - INFO - Worker kw1 processing /app/data/T0002/210882/b3694rp/odoo-210882/addons/crm_configuration/crm_phonecall_data.xml
2026-02-03 10:06:27,754 - Knowledge - INFO - Fast-tracked /app/data/T0002/210882/b3694rp/odoo-210882/addons/crm_configuration/crm_phonecall_data.xml (ext=.xml, size=1055)
2026-02-03 10:06:27,867 - Knowledge - INFO - Async storage completed for 8 embeddings
2026-02-03 10:06:28,242 - Knowledge - INFO - process ingested knowledge for /app/data/T0002/210882/b3694rp/odoo-210882/addons/l10n_be/fiscal_templates.xml
2026-02-03 10:06:28,256 - Knowledge - INFO - process ingested knowledge for /app/data/T0002/210882/b3694rp/odoo-210882/addons/l10n_be/l10n_be_wizard.xml
2026-02-03 10:06:28,336 - Knowledge - INFO - Async storing batch of 8 embeddings
2026-02-03 10:06:28,344 - Knowledge - INFO - Processing batch of 8 files
2026-02-03 10:06:28,366 - Knowledge - INFO - process ingested knowledge for /app/data/T0002/210882/b3694rp/odoo-210882/addons/hr_timesheet/hr_timesheet_view.xml
2026-02-03 10:06:28,439 - Knowledge - INFO - process ingested knowledge for /app/data/T0002/210882/b3694rp/odoo-210882/addons/crm_configuration/crm_phonecall_view.xml
2026-02-03 10:06:28,470 - Knowledge - INFO - process ingested knowledge for /app/data/T0002/210882/b3694rp/odoo-210882/addons/product/partner_view.xml
2026-02-03 10:06:28,560 - Knowledge - INFO - Worker kw10 processing /app/data/T0002/210882/b3694rp/odoo-210882/addons/crm_configuration/process/crm_configuration_process.xml
2026-02-03 10:06:28,676 - Knowledge - INFO - Fast-tracked /app/data/T0002/210882/b3694rp/odoo-210882/addons/crm_configuration/process/crm_configuration_process.xml (ext=.xml, size=4522)
2026-02-03 10:06:28,676 - Knowledge - INFO - Worker kw10 processing /app/data/T0002/210882/b3694rp/odoo-210882/addons/crm_configuration/crm_lead_data.xml
2026-02-03 10:06:28,738 - Knowledge - INFO - Fast-tracked /app/data/T0002/210882/b3694rp/odoo-210882/addons/crm_configuration/crm_lead_data.xml (ext=.xml, size=4056)
2026-02-03 10:06:28,739 - Knowledge - INFO - Worker kw10 processing /app/data/T0002/210882/b3694rp/odoo-210882/addons/hr_timesheet_sheet/hr_timesheet_sheet.py
2026-02-03 10:06:28,780 - Knowledge - INFO - Worker kw10 processing /app/data/T0002/210882/b3694rp/odoo-210882/addons/hr_timesheet_sheet/hr_timesheet_sheet_demo.xml
2026-02-03 10:06:28,836 - Knowledge - INFO - Fast-tracked /app/data/T0002/210882/b3694rp/odoo-210882/addons/hr_timesheet_sheet/hr_timesheet_sheet_demo.xml (ext=.xml, size=3520)
2026-02-03 10:06:28,842 - Knowledge - INFO - [LLM_CALL] Completed: product.py:chunk1, Duration: 56472ms, PromptTokens: 15556, CompletionTokens: 1352, Cost: $0.00210
2026-02-03 10:06:28,850 - Knowledge - INFO - Worker kw10 processing /app/data/T0002/210882/b3694rp/odoo-210882/addons/hr_timesheet_sheet/hr_timesheet_sheet_view.xml
2026-02-03 10:06:28,858 - Knowledge - INFO - done ingest for /app/data/T0002/210882/b3694rp/odoo-210882/addons/product/product.py
2026-02-03 10:06:28,873 - Knowledge - INFO - Fast-tracked /app/data/T0002/210882/b3694rp/odoo-210882/addons/hr_timesheet_sheet/hr_timesheet_sheet_view.xml (ext=.xml, size=20544)
2026-02-03 10:06:28,937 - Knowledge - INFO - Worker kw10 processing /app/data/T0002/210882/b3694rp/odoo-210882/addons/hr_timesheet_sheet/hr_timesheet_workflow.xml
2026-02-03 10:06:28,949 - Knowledge - INFO - Fast-tracked /app/data/T0002/210882/b3694rp/odoo-210882/addons/hr_timesheet_sheet/hr_timesheet_workflow.xml (ext=.xml, size=2769)
2026-02-03 10:06:28,950 - Knowledge - INFO - Worker kw10 processing /app/data/T0002/210882/b3694rp/odoo-210882/addons/hr_timesheet_sheet/__terp__.py
2026-02-03 10:06:28,954 - Knowledge - INFO - Worker kw10 processing /app/data/T0002/210882/b3694rp/odoo-210882/addons/hr_timesheet_sheet/wizard/wizard_timesheet_department.py
2026-02-03 10:06:28,966 - Knowledge - INFO - Fast-tracked /app/data/T0002/210882/b3694rp/odoo-210882/addons/hr_timesheet_sheet/__terp__.py (small file (2355 bytes))
2026-02-03 10:06:29,641 - Knowledge - INFO - Async storage completed for 8 embeddings
2026-02-03 10:06:31,047 - Knowledge - INFO - process ingested knowledge for /app/data/T0002/210882/b3694rp/odoo-210882/addons/mrp_repair/mrp_repair_wizard.xml
2026-02-03 10:06:31,938 - Knowledge - INFO - process ingested knowledge for /app/data/T0002/210882/b3694rp/odoo-210882/addons/l10n_be/l10n_be_sequence.xml
2026-02-03 10:06:31,939 - Knowledge - INFO - process ingested knowledge for /app/data/T0002/210882/b3694rp/odoo-210882/addons/crm_configuration/crm_lead_menu.xml
2026-02-03 10:06:31,955 - Knowledge - INFO - process ingested knowledge for /app/data/T0002/210882/b3694rp/odoo-210882/addons/product/partner.py
2026-02-03 10:06:32,060 - Knowledge - INFO - process ingested knowledge for /app/data/T0002/210882/b3694rp/odoo-210882/addons/mrp_repair/mrp_repair_sequence.xml
2026-02-03 10:06:32,137 - Knowledge - INFO - process ingested knowledge for /app/data/T0002/210882/b3694rp/odoo-210882/addons/hr_timesheet/__terp__.py
2026-02-03 10:06:33,048 - Knowledge - INFO - process ingested knowledge for /app/data/T0002/210882/b3694rp/odoo-210882/addons/crm_configuration/crm_phonecall_menu.xml
2026-02-03 10:06:33,065 - Knowledge - INFO - process ingested knowledge for /app/data/T0002/210882/b3694rp/odoo-210882/addons/product/product_report.xml
2026-02-03 10:06:35,054 - Knowledge - INFO - process ingested knowledge for /app/data/T0002/210882/b3694rp/odoo-210882/addons/crm_configuration/crm_lead_view.xml
2026-02-03 10:06:35,065 - Knowledge - INFO - process ingested knowledge for /app/data/T0002/210882/b3694rp/odoo-210882/addons/hr_timesheet/wizard/wizard_print_timesheet_users.py
2026-02-03 10:06:37,367 - Knowledge - INFO - process ingested knowledge for /app/data/T0002/210882/b3694rp/odoo-210882/addons/l10n_be/company.py
2026-02-03 10:06:37,372 - Knowledge - INFO - process ingested knowledge for /app/data/T0002/210882/b3694rp/odoo-210882/addons/crm_configuration/crm_configuration_wizard.xml
2026-02-03 10:06:39,456 - Knowledge - INFO - process ingested knowledge for /app/data/T0002/210882/b3694rp/odoo-210882/addons/crm_configuration/crm_lead_demo.xml
2026-02-03 10:06:39,475 - Knowledge - INFO - process ingested knowledge for /app/data/T0002/210882/b3694rp/odoo-210882/addons/hr_timesheet/wizard/sign_in_out.py
2026-02-03 10:06:40,175 - Knowledge - INFO - Processing batch of 8 files
2026-02-03 10:06:40,177 - Knowledge - INFO - process ingested knowledge for /app/data/T0002/210882/b3694rp/odoo-210882/addons/crm_configuration/crm_helpdesk_demo.xml
2026-02-03 10:06:40,472 - Knowledge - INFO - process ingested knowledge for /app/data/T0002/210882/b3694rp/odoo-210882/addons/l10n_be/__terp__.py
2026-02-03 10:06:40,486 - Knowledge - INFO - process ingested knowledge for /app/data/T0002/210882/b3694rp/odoo-210882/addons/product/__init__.py
2026-02-03 10:06:41,272 - Knowledge - INFO - [LLM_CALL] Completed: wizard_timesheet_department.py:chunk1, Duration: 11829ms, PromptTokens: 2780, CompletionTokens: 365, Cost: $0.00042
2026-02-03 10:06:41,278 - Knowledge - INFO - done ingest for /app/data/T0002/210882/b3694rp/odoo-210882/addons/hr_timesheet_sheet/wizard/wizard_timesheet_department.py
2026-02-03 10:06:42,459 - Knowledge - INFO - process ingested knowledge for /app/data/T0002/210882/b3694rp/odoo-210882/addons/crm_configuration/crm_report_view.xml
2026-02-03 10:06:42,465 - Knowledge - INFO - Processing batch of 8 files
2026-02-03 10:06:42,542 - Knowledge - INFO - process ingested knowledge for /app/data/T0002/210882/b3694rp/odoo-210882/addons/crm_configuration/crm_meeting_view.xml
2026-02-03 10:06:42,667 - Knowledge - INFO - [LLM_CALL] Completed: wizard_partner_create.py:chunk1, Duration: 15606ms, PromptTokens: 2604, CompletionTokens: 371, Cost: $0.00041
2026-02-03 10:06:42,674 - Knowledge - INFO - done ingest for /app/data/T0002/210882/b3694rp/odoo-210882/addons/crm_configuration/wizard/wizard_partner_create.py
2026-02-03 10:06:43,282 - Knowledge - INFO - process ingested knowledge for /app/data/T0002/210882/b3694rp/odoo-210882/addons/crm_configuration/report/crm_report.py
2026-02-03 10:06:43,558 - Knowledge - INFO - Processing batch of 8 files
2026-02-03 10:06:43,576 - Knowledge - INFO - process ingested knowledge for /app/data/T0002/210882/b3694rp/odoo-210882/addons/l10n_chart_uk_minimal/__init__.py
2026-02-03 10:06:43,965 - Knowledge - INFO - process ingested knowledge for /app/data/T0002/210882/b3694rp/odoo-210882/addons/l10n_be/wizard/partner_vat_listing.py
2026-02-03 10:06:43,968 - Knowledge - INFO - process ingested knowledge for /app/data/T0002/210882/b3694rp/odoo-210882/addons/product/_common.py
2026-02-03 10:06:45,354 - Knowledge - INFO - Processing batch of 8 files
2026-02-03 10:06:45,361 - Knowledge - INFO - process ingested knowledge for /app/data/T0002/210882/b3694rp/odoo-210882/addons/crm_configuration/crm_opportunity_menu.xml
2026-02-03 10:06:46,961 - Knowledge - INFO - process ingested knowledge for /app/data/T0002/210882/b3694rp/odoo-210882/addons/crm_configuration/crm_claims_view.xml
2026-02-03 10:06:47,259 - Knowledge - INFO - Processing batch of 8 files
2026-02-03 10:06:47,437 - Knowledge - INFO - process ingested knowledge for /app/data/T0002/210882/b3694rp/odoo-210882/addons/mrp_repair/mrp_repair.py
2026-02-03 10:06:47,869 - Knowledge - INFO - process ingested knowledge for /app/data/T0002/210882/b3694rp/odoo-210882/addons/crm_configuration/report/__init__.py
2026-02-03 10:06:47,870 - Knowledge - INFO - process ingested knowledge for /app/data/T0002/210882/b3694rp/odoo-210882/addons/crm_configuration/crm_jobs_demo.xml
2026-02-03 10:06:47,942 - Knowledge - INFO - Processing batch of 8 files
2026-02-03 10:06:47,967 - Knowledge - INFO - process ingested knowledge for /app/data/T0002/210882/b3694rp/odoo-210882/addons/product/report/__init__.py
2026-02-03 10:06:48,237 - Knowledge - INFO - [LLM_CALL] Completed: wizard_opportunity_set.py:chunk1, Duration: 20972ms, PromptTokens: 2944, CompletionTokens: 398, Cost: $0.00045
2026-02-03 10:06:48,244 - Knowledge - INFO - done ingest for /app/data/T0002/210882/b3694rp/odoo-210882/addons/crm_configuration/wizard/wizard_opportunity_set.py
2026-02-03 10:06:50,269 - Knowledge - INFO - process ingested knowledge for /app/data/T0002/210882/b3694rp/odoo-210882/addons/crm_configuration/crm_helpdesk_data.xml
2026-02-03 10:06:50,979 - Knowledge - INFO - process ingested knowledge for /app/data/T0002/210882/b3694rp/odoo-210882/addons/crm_configuration/crm_opportunity_data.xml
2026-02-03 10:06:51,051 - Knowledge - INFO - process ingested knowledge for /app/data/T0002/210882/b3694rp/odoo-210882/addons/crm_configuration/crm_jobs_view.xml
2026-02-03 10:06:51,075 - Knowledge - INFO - process ingested knowledge for /app/data/T0002/210882/b3694rp/odoo-210882/addons/crm_configuration/crm_bugs_view.xml
2026-02-03 10:06:51,139 - Knowledge - INFO - [WEBSOCKET] Sent: Type=progress_update, Size: 291, Duration: 0ms
2026-02-03 10:06:51,159 - Knowledge - INFO - [LLM_CALL] Completed: crm_config.py:chunk1, Duration: 24508ms, PromptTokens: 4488, CompletionTokens: 590, Cost: $0.00068
2026-02-03 10:06:51,160 - Knowledge - INFO - done ingest for /app/data/T0002/210882/b3694rp/odoo-210882/addons/crm_configuration/crm_config.py
2026-02-03 10:06:51,175 - Knowledge - INFO - [WEBSOCKET] Sent: Type=unknown, Size: ?, Duration: 36ms
2026-02-03 10:06:51,249 - Knowledge - INFO - Progress: 54.9% | Files: 694/1263 | Rate: 1.21 files/sec | Queue: 553
2026-02-03 10:06:51,654 - Knowledge - INFO - process ingested knowledge for /app/data/T0002/210882/b3694rp/odoo-210882/addons/product/report/product_label.xml
2026-02-03 10:06:54,249 - Knowledge - INFO - process ingested knowledge for /app/data/T0002/210882/b3694rp/odoo-210882/addons/crm_configuration/crm_bugs_demo.xml
2026-02-03 10:06:54,940 - Knowledge - INFO - process ingested knowledge for /app/data/T0002/210882/b3694rp/odoo-210882/addons/crm_configuration/crm_fund_data.xml
2026-02-03 10:06:54,942 - Knowledge - INFO - process ingested knowledge for /app/data/T0002/210882/b3694rp/odoo-210882/addons/mrp_repair/report/order.py
2026-02-03 10:06:54,949 - Knowledge - INFO - process ingested knowledge for /app/data/T0002/210882/b3694rp/odoo-210882/addons/crm_configuration/crm_claims_data.xml
2026-02-03 10:06:55,548 - Knowledge - INFO - [kw14] Queue=553, InProgress=0, PendingWorkers=20/20, Completed=694/1263 (54.9%)
2026-02-03 10:06:55,548 - Knowledge - INFO - Batch sizing: calculated=8, max_allowed=10, queue=553, active_workers=20/20
2026-02-03 10:06:55,573 - Knowledge - INFO - process ingested knowledge for /app/data/T0002/210882/b3694rp/odoo-210882/addons/product/product_view.xml
2026-02-03 10:06:56,937 - Knowledge - INFO - process ingested knowledge for /app/data/T0002/210882/b3694rp/odoo-210882/addons/crm_configuration/crm_bugs_menu.xml
2026-02-03 10:06:57,575 - Knowledge - INFO - process ingested knowledge for /app/data/T0002/210882/b3694rp/odoo-210882/addons/crm_configuration/crm_helpdesk_menu.xml
2026-02-03 10:06:57,640 - Knowledge - INFO - process ingested knowledge for /app/data/T0002/210882/b3694rp/odoo-210882/addons/crm_configuration/crm_fund_view.xml
2026-02-03 10:06:57,642 - Knowledge - INFO - process ingested knowledge for /app/data/T0002/210882/b3694rp/odoo-210882/addons/crm_configuration/crm_jobs_menu.xml
2026-02-03 10:06:58,276 - Knowledge - INFO - Async storing batch of 8 embeddings
2026-02-03 10:06:58,337 - Knowledge - INFO - Worker kw14 processing /app/data/T0002/210882/b3694rp/odoo-210882/addons/hr_timesheet_sheet/wizard/wizard_timesheet_current.py
2026-02-03 10:06:58,354 - Knowledge - INFO - Worker kw14 processing /app/data/T0002/210882/b3694rp/odoo-210882/addons/hr_timesheet_sheet/wizard/__init__.py
2026-02-03 10:06:58,374 - Knowledge - INFO - Fast-tracked /app/data/T0002/210882/b3694rp/odoo-210882/addons/hr_timesheet_sheet/wizard/__init__.py (ext=.py, size=1126)
2026-02-03 10:06:58,374 - Knowledge - INFO - Worker kw14 processing /app/data/T0002/210882/b3694rp/odoo-210882/addons/hr_timesheet_sheet/__init__.py
2026-02-03 10:06:58,458 - Knowledge - INFO - Fast-tracked /app/data/T0002/210882/b3694rp/odoo-210882/addons/hr_timesheet_sheet/__init__.py (ext=.py, size=1098)
2026-02-03 10:06:58,459 - Knowledge - INFO - Worker kw14 processing /app/data/T0002/210882/b3694rp/odoo-210882/addons/hr_timesheet_sheet/process/hr_timesheet_sheet_process.xml
2026-02-03 10:06:58,474 - Knowledge - INFO - Fast-tracked /app/data/T0002/210882/b3694rp/odoo-210882/addons/hr_timesheet_sheet/process/hr_timesheet_sheet_process.xml (ext=.xml, size=17705)
2026-02-03 10:06:58,475 - Knowledge - INFO - Worker kw14 processing /app/data/T0002/210882/b3694rp/odoo-210882/addons/project_mrp/project_workflow.xml
2026-02-03 10:06:58,557 - Knowledge - INFO - Fast-tracked /app/data/T0002/210882/b3694rp/odoo-210882/addons/project_mrp/project_workflow.xml (ext=.xml, size=299)
2026-02-03 10:06:58,570 - Knowledge - INFO - Worker kw14 processing /app/data/T0002/210882/b3694rp/odoo-210882/addons/project_mrp/mrp.py
2026-02-03 10:06:58,574 - Knowledge - INFO - Worker kw14 processing /app/data/T0002/210882/b3694rp/odoo-210882/addons/project_mrp/project.py
2026-02-03 10:06:58,657 - Knowledge - INFO - Worker kw14 processing /app/data/T0002/210882/b3694rp/odoo-210882/addons/project_mrp/__terp__.py
2026-02-03 10:06:58,750 - Knowledge - INFO - Fast-tracked /app/data/T0002/210882/b3694rp/odoo-210882/addons/project_mrp/__terp__.py (ext=.py, size=1761)
2026-02-03 10:06:58,857 - Knowledge - INFO - process ingested knowledge for /app/data/T0002/210882/b3694rp/odoo-210882/addons/product/pricelist.py
2026-02-03 10:06:58,858 - Knowledge - INFO - Fast-tracked /app/data/T0002/210882/b3694rp/odoo-210882/addons/hr_timesheet_sheet/wizard/wizard_timesheet_current.py (small file (2717 bytes))
2026-02-03 10:06:59,363 - Knowledge - INFO - Fast-tracked /app/data/T0002/210882/b3694rp/odoo-210882/addons/project_mrp/project.py (small file (2144 bytes))
2026-02-03 10:06:59,440 - Knowledge - INFO - Async storage completed for 8 embeddings
2026-02-03 10:07:00,284 - Knowledge - INFO - process ingested knowledge for /app/data/T0002/210882/b3694rp/odoo-210882/addons/product/product_wizard.xml
2026-02-03 10:07:00,285 - Knowledge - INFO - process ingested knowledge for /app/data/T0002/210882/b3694rp/odoo-210882/addons/product/pricelist_view.xml
2026-02-03 10:07:00,286 - Knowledge - INFO - process ingested knowledge for /app/data/T0002/210882/b3694rp/odoo-210882/addons/product/security/product_security.xml
2026-02-03 10:07:00,354 - Knowledge - INFO - process ingested knowledge for /app/data/T0002/210882/b3694rp/odoo-210882/addons/crm_configuration/__terp__.py
2026-02-03 10:07:00,357 - Knowledge - INFO - process ingested knowledge for /app/data/T0002/210882/b3694rp/odoo-210882/addons/product/process/product_process.xml
2026-02-03 10:07:01,661 - Knowledge - INFO - process ingested knowledge for /app/data/T0002/210882/b3694rp/odoo-210882/addons/product/__terp__.py
2026-02-03 10:07:01,673 - Knowledge - INFO - [kw13] Queue=545, InProgress=0, PendingWorkers=20/20, Completed=697/1263 (55.2%)
2026-02-03 10:07:01,674 - Knowledge - INFO - Batch sizing: calculated=8, max_allowed=10, queue=545, active_workers=20/20
2026-02-03 10:07:03,342 - Knowledge - INFO - process ingested knowledge for /app/data/T0002/210882/b3694rp/odoo-210882/addons/mrp_repair/report/__init__.py
2026-02-03 10:07:03,356 - Knowledge - INFO - process ingested knowledge for /app/data/T0002/210882/b3694rp/odoo-210882/addons/crm_configuration/crm_meeting_demo.xml
2026-02-03 10:07:03,448 - Knowledge - INFO - process ingested knowledge for /app/data/T0002/210882/b3694rp/odoo-210882/addons/product/product.py
2026-02-03 10:07:03,564 - Knowledge - INFO - process ingested knowledge for /app/data/T0002/210882/b3694rp/odoo-210882/addons/mrp_subproduct/mrp_subproduct.py
2026-02-03 10:07:04,463 - Knowledge - INFO - process ingested knowledge for /app/data/T0002/210882/b3694rp/odoo-210882/addons/product/wizard/wizard_price.py
2026-02-03 10:07:04,473 - Knowledge - INFO - Async storing batch of 8 embeddings
2026-02-03 10:07:04,654 - Knowledge - INFO - Worker kw13 processing /app/data/T0002/210882/b3694rp/odoo-210882/addons/project_mrp/__init__.py
2026-02-03 10:07:04,836 - Knowledge - INFO - Fast-tracked /app/data/T0002/210882/b3694rp/odoo-210882/addons/project_mrp/__init__.py (ext=.py, size=1083)
2026-02-03 10:07:04,844 - Knowledge - INFO - Worker kw13 processing /app/data/T0002/210882/b3694rp/odoo-210882/addons/project_mrp/process/project_mrp_process.xml
2026-02-03 10:07:04,881 - Knowledge - INFO - Fast-tracked /app/data/T0002/210882/b3694rp/odoo-210882/addons/project_mrp/process/project_mrp_process.xml (ext=.xml, size=6063)
2026-02-03 10:07:04,943 - Knowledge - INFO - Worker kw13 processing /app/data/T0002/210882/b3694rp/odoo-210882/addons/account_analytic_default/account_analytic_default.py
2026-02-03 10:07:05,053 - Knowledge - INFO - Worker kw13 processing /app/data/T0002/210882/b3694rp/odoo-210882/addons/account_analytic_default/account_analytic_default_view.xml
2026-02-03 10:07:05,254 - Knowledge - INFO - Fast-tracked /app/data/T0002/210882/b3694rp/odoo-210882/addons/account_analytic_default/account_analytic_default_view.xml (ext=.xml, size=3275)
2026-02-03 10:07:05,273 - Knowledge - INFO - Worker kw13 processing /app/data/T0002/210882/b3694rp/odoo-210882/addons/account_analytic_default/__terp__.py
2026-02-03 10:07:05,455 - Knowledge - INFO - Fast-tracked /app/data/T0002/210882/b3694rp/odoo-210882/addons/account_analytic_default/__terp__.py (ext=.py, size=1625)
2026-02-03 10:07:05,457 - Knowledge - INFO - Worker kw13 processing /app/data/T0002/210882/b3694rp/odoo-210882/addons/account_analytic_default/__init__.py
2026-02-03 10:07:05,651 - Knowledge - INFO - Fast-tracked /app/data/T0002/210882/b3694rp/odoo-210882/addons/account_analytic_default/__init__.py (ext=.py, size=1088)
2026-02-03 10:07:05,656 - Knowledge - INFO - Worker kw13 processing /app/data/T0002/210882/b3694rp/odoo-210882/addons/report_intrastat/intrastat_report.xml
2026-02-03 10:07:05,673 - Knowledge - INFO - Fast-tracked /app/data/T0002/210882/b3694rp/odoo-210882/addons/report_intrastat/intrastat_report.xml (ext=.xml, size=254)
2026-02-03 10:07:05,757 - Knowledge - INFO - Worker kw13 processing /app/data/T0002/210882/b3694rp/odoo-210882/addons/report_intrastat/report_intrastat.py
2026-02-03 10:07:05,937 - Knowledge - INFO - process ingested knowledge for /app/data/T0002/210882/b3694rp/odoo-210882/addons/crm_configuration/crm_jobs_data.xml
2026-02-03 10:07:05,946 - Knowledge - INFO - process ingested knowledge for /app/data/T0002/210882/b3694rp/odoo-210882/addons/crm_configuration/crm_meeting_data.xml
2026-02-03 10:07:06,245 - Knowledge - INFO - [LLM_CALL] Completed: mrp.py:chunk1, Duration: 7188ms, PromptTokens: 2600, CompletionTokens: 334, Cost: $0.00039
2026-02-03 10:07:06,252 - Knowledge - INFO - done ingest for /app/data/T0002/210882/b3694rp/odoo-210882/addons/project_mrp/mrp.py
2026-02-03 10:07:06,347 - Knowledge - INFO - Async storage completed for 8 embeddings
2026-02-03 10:07:07,345 - Knowledge - INFO - process ingested knowledge for /app/data/T0002/210882/b3694rp/odoo-210882/addons/crm_configuration/crm_claims_demo.xml
2026-02-03 10:07:07,353 - Knowledge - INFO - [kw9] Queue=537, InProgress=0, PendingWorkers=20/20, Completed=698/1263 (55.3%)
2026-02-03 10:07:07,356 - Knowledge - INFO - Batch sizing: calculated=8, max_allowed=10, queue=537, active_workers=20/20
2026-02-03 10:07:08,066 - Knowledge - INFO - process ingested knowledge for /app/data/T0002/210882/b3694rp/odoo-210882/addons/product/wizard/__init__.py
2026-02-03 10:07:10,041 - Knowledge - INFO - process ingested knowledge for /app/data/T0002/210882/b3694rp/odoo-210882/addons/crm_configuration/__init__.py
2026-02-03 10:07:10,044 - Knowledge - INFO - process ingested knowledge for /app/data/T0002/210882/b3694rp/odoo-210882/addons/mrp_repair/mrp_repair_workflow.xml
2026-02-03 10:07:10,056 - Knowledge - INFO - [kw17] Queue=537, InProgress=0, PendingWorkers=20/20, Completed=698/1263 (55.3%)
2026-02-03 10:07:10,138 - Knowledge - INFO - Batch sizing: calculated=8, max_allowed=10, queue=537, active_workers=20/20
2026-02-03 10:07:10,156 - Knowledge - INFO - process ingested knowledge for /app/data/T0002/210882/b3694rp/odoo-210882/addons/crm_configuration/crm_meeting_menu.xml
2026-02-03 10:07:10,756 - Knowledge - INFO - Async storing batch of 8 embeddings
2026-02-03 10:07:10,868 - Knowledge - INFO - Worker kw9 processing /app/data/T0002/210882/b3694rp/odoo-210882/addons/report_intrastat/report/invoice.py
2026-02-03 10:07:11,044 - Knowledge - INFO - Fast-tracked /app/data/T0002/210882/b3694rp/odoo-210882/addons/report_intrastat/report/invoice.py (ext=.py, size=1557)
2026-02-03 10:07:11,083 - Knowledge - INFO - Worker kw9 processing /app/data/T0002/210882/b3694rp/odoo-210882/addons/report_intrastat/report/__init__.py
2026-02-03 10:07:11,149 - Knowledge - INFO - Fast-tracked /app/data/T0002/210882/b3694rp/odoo-210882/addons/report_intrastat/report/__init__.py (ext=.py, size=1071)
2026-02-03 10:07:11,150 - Knowledge - INFO - Worker kw9 processing /app/data/T0002/210882/b3694rp/odoo-210882/addons/report_intrastat/report_intrastat_view.xml
2026-02-03 10:07:11,265 - Knowledge - INFO - Fast-tracked /app/data/T0002/210882/b3694rp/odoo-210882/addons/report_intrastat/report_intrastat_view.xml (ext=.xml, size=5110)
2026-02-03 10:07:11,337 - Knowledge - INFO - Worker kw9 processing /app/data/T0002/210882/b3694rp/odoo-210882/addons/report_intrastat/__terp__.py
2026-02-03 10:07:11,360 - Knowledge - INFO - Fast-tracked /app/data/T0002/210882/b3694rp/odoo-210882/addons/report_intrastat/__terp__.py (ext=.py, size=1660)
2026-02-03 10:07:11,446 - Knowledge - INFO - Worker kw9 processing /app/data/T0002/210882/b3694rp/odoo-210882/addons/report_intrastat/report_intrastat_data.xml
2026-02-03 10:07:11,475 - Knowledge - INFO - Fast-tracked /app/data/T0002/210882/b3694rp/odoo-210882/addons/report_intrastat/report_intrastat_data.xml (ext=.xml, size=2928)
2026-02-03 10:07:11,537 - Knowledge - INFO - Worker kw9 processing /app/data/T0002/210882/b3694rp/odoo-210882/addons/report_intrastat/__init__.py
2026-02-03 10:07:11,546 - Knowledge - INFO - process ingested knowledge for /app/data/T0002/210882/b3694rp/odoo-210882/addons/product/product_data.xml
2026-02-03 10:07:11,568 - Knowledge - INFO - Fast-tracked /app/data/T0002/210882/b3694rp/odoo-210882/addons/report_intrastat/__init__.py (ext=.py, size=1097)
2026-02-03 10:07:11,575 - Knowledge - INFO - Worker kw9 processing /app/data/T0002/210882/b3694rp/odoo-210882/addons/subscription/subscription.py
2026-02-03 10:07:11,852 - Knowledge - INFO - Worker kw9 processing /app/data/T0002/210882/b3694rp/odoo-210882/addons/subscription/subscription_view.xml
2026-02-03 10:07:11,866 - Knowledge - INFO - Fast-tracked /app/data/T0002/210882/b3694rp/odoo-210882/addons/subscription/subscription_view.xml (ext=.xml, size=7431)
2026-02-03 10:07:12,554 - Knowledge - INFO - Async storage completed for 8 embeddings
2026-02-03 10:07:13,144 - Knowledge - INFO - process ingested knowledge for /app/data/T0002/210882/b3694rp/odoo-210882/addons/crm_configuration/crm_phonecall_demo.xml
2026-02-03 10:07:13,157 - Knowledge - INFO - process ingested knowledge for /app/data/T0002/210882/b3694rp/odoo-210882/addons/crm_configuration/crm_opportunity_view.xml
2026-02-03 10:07:13,168 - Knowledge - INFO - process ingested knowledge for /app/data/T0002/210882/b3694rp/odoo-210882/addons/mrp_repair/mrp_repair_view.xml
2026-02-03 10:07:13,175 - Knowledge - INFO - process ingested knowledge for /app/data/T0002/210882/b3694rp/odoo-210882/addons/product/product_demo.xml
2026-02-03 10:07:13,176 - Knowledge - INFO - process ingested knowledge for /app/data/T0002/210882/b3694rp/odoo-210882/addons/mrp_subproduct/mrp_subproduct_view.xml
2026-02-03 10:07:15,263 - Knowledge - INFO - [kw6] Queue=529, InProgress=0, PendingWorkers=20/20, Completed=699/1263 (55.3%)
2026-02-03 10:07:15,263 - Knowledge - INFO - Batch sizing: calculated=8, max_allowed=10, queue=529, active_workers=20/20
2026-02-03 10:07:16,768 - Knowledge - INFO - Async storing batch of 8 embeddings
2026-02-03 10:07:16,768 - Knowledge - INFO - process ingested knowledge for /app/data/T0002/210882/b3694rp/odoo-210882/addons/mrp_repair/__terp__.py
2026-02-03 10:07:16,837 - Knowledge - INFO - process ingested knowledge for /app/data/T0002/210882/b3694rp/odoo-210882/addons/crm_configuration/crm_claims_menu.xml
2026-02-03 10:07:16,877 - Knowledge - INFO - process ingested knowledge for /app/data/T0002/210882/b3694rp/odoo-210882/addons/product/report/product_pricelist.py
2026-02-03 10:07:16,939 - Knowledge - INFO - Worker kw17 processing /app/data/T0002/210882/b3694rp/odoo-210882/addons/subscription/__terp__.py
2026-02-03 10:07:17,159 - Knowledge - INFO - Fast-tracked /app/data/T0002/210882/b3694rp/odoo-210882/addons/subscription/__terp__.py (ext=.py, size=1528)
2026-02-03 10:07:17,167 - Knowledge - INFO - Worker kw17 processing /app/data/T0002/210882/b3694rp/odoo-210882/addons/subscription/__init__.py
2026-02-03 10:07:17,278 - Knowledge - INFO - Fast-tracked /app/data/T0002/210882/b3694rp/odoo-210882/addons/subscription/__init__.py (ext=.py, size=1079)
2026-02-03 10:07:17,336 - Knowledge - INFO - Worker kw17 processing /app/data/T0002/210882/b3694rp/odoo-210882/addons/l10n_ch/dta.py
2026-02-03 10:07:17,374 - Knowledge - INFO - Worker kw17 processing /app/data/T0002/210882/b3694rp/odoo-210882/addons/l10n_ch/zip_code_default.xml
2026-02-03 10:07:17,555 - Knowledge - INFO - Fast-tracked /app/data/T0002/210882/b3694rp/odoo-210882/addons/l10n_ch/zip_code_default.xml (ext=.xml, size=1528013)
2026-02-03 10:07:17,636 - Knowledge - INFO - Worker kw17 processing /app/data/T0002/210882/b3694rp/odoo-210882/addons/l10n_ch/account_journal_view.xml
2026-02-03 10:07:17,762 - Knowledge - INFO - Fast-tracked /app/data/T0002/210882/b3694rp/odoo-210882/addons/l10n_ch/account_journal_view.xml (ext=.xml, size=2140)
2026-02-03 10:07:17,767 - Knowledge - INFO - Worker kw17 processing /app/data/T0002/210882/b3694rp/odoo-210882/addons/l10n_ch/company_view.xml
2026-02-03 10:07:17,856 - Knowledge - INFO - Fast-tracked /app/data/T0002/210882/b3694rp/odoo-210882/addons/l10n_ch/company_view.xml (ext=.xml, size=626)
2026-02-03 10:07:17,856 - Knowledge - INFO - Worker kw17 processing /app/data/T0002/210882/b3694rp/odoo-210882/addons/l10n_ch/account_invoice.xml
2026-02-03 10:07:17,864 - Knowledge - INFO - Fast-tracked /app/data/T0002/210882/b3694rp/odoo-210882/addons/l10n_ch/account_invoice.xml (ext=.xml, size=2104)
2026-02-03 10:07:17,864 - Knowledge - INFO - Worker kw17 processing /app/data/T0002/210882/b3694rp/odoo-210882/addons/l10n_ch/l10n_ch_wizard.xml
2026-02-03 10:07:17,871 - Knowledge - INFO - Fast-tracked /app/data/T0002/210882/b3694rp/odoo-210882/addons/l10n_ch/l10n_ch_wizard.xml (ext=.xml, size=464)
2026-02-03 10:07:17,964 - Knowledge - INFO - Async storing batch of 8 embeddings
2026-02-03 10:07:18,037 - Knowledge - INFO - Worker kw6 processing /app/data/T0002/210882/b3694rp/odoo-210882/addons/l10n_ch/invoice.py
2026-02-03 10:07:18,051 - Knowledge - INFO - Worker kw6 processing /app/data/T0002/210882/b3694rp/odoo-210882/addons/l10n_ch/report/bvr.py
2026-02-03 10:07:18,154 - Knowledge - INFO - Worker kw6 processing /app/data/T0002/210882/b3694rp/odoo-210882/addons/l10n_ch/report/__init__.py
2026-02-03 10:07:18,166 - Knowledge - INFO - Async storage completed for 8 embeddings
2026-02-03 10:07:18,176 - Knowledge - INFO - Fast-tracked /app/data/T0002/210882/b3694rp/odoo-210882/addons/l10n_ch/report/__init__.py (ext=.py, size=1426)
2026-02-03 10:07:18,265 - Knowledge - INFO - Worker kw6 processing /app/data/T0002/210882/b3694rp/odoo-210882/addons/l10n_ch/readme.txt
2026-02-03 10:07:18,377 - Knowledge - INFO - Fast-tracked /app/data/T0002/210882/b3694rp/odoo-210882/addons/l10n_ch/readme.txt (ext=.txt, size=1388)
2026-02-03 10:07:18,378 - Knowledge - INFO - Worker kw6 processing /app/data/T0002/210882/b3694rp/odoo-210882/addons/l10n_ch/dta_view.xml
2026-02-03 10:07:18,467 - Knowledge - INFO - Fast-tracked /app/data/T0002/210882/b3694rp/odoo-210882/addons/l10n_ch/dta_view.xml (ext=.xml, size=1478)
2026-02-03 10:07:18,468 - Knowledge - INFO - Worker kw6 processing /app/data/T0002/210882/b3694rp/odoo-210882/addons/l10n_ch/company.py
2026-02-03 10:07:18,560 - Knowledge - INFO - Worker kw6 processing /app/data/T0002/210882/b3694rp/odoo-210882/addons/l10n_ch/__terp__.py
2026-02-03 10:07:18,650 - Knowledge - INFO - Worker kw6 processing /app/data/T0002/210882/b3694rp/odoo-210882/addons/l10n_ch/wizard/dta_wizard.py
2026-02-03 10:07:18,758 - Knowledge - INFO - process ingested knowledge for /app/data/T0002/210882/b3694rp/odoo-210882/addons/crm_configuration/crm_phonecall_data.xml
2026-02-03 10:07:19,254 - Knowledge - INFO - Fast-tracked /app/data/T0002/210882/b3694rp/odoo-210882/addons/l10n_ch/company.py (small file (2036 bytes))
2026-02-03 10:07:19,682 - Knowledge - INFO - Async storage completed for 8 embeddings
2026-02-03 10:07:20,265 - Knowledge - INFO - process ingested knowledge for /app/data/T0002/210882/b3694rp/odoo-210882/addons/mrp_repair/wizard/wizard_make_invoice.py
2026-02-03 10:07:20,346 - Knowledge - INFO - [kw19] Queue=513, InProgress=0, PendingWorkers=20/20, Completed=703/1263 (55.7%)
2026-02-03 10:07:20,360 - Knowledge - INFO - Batch sizing: calculated=8, max_allowed=10, queue=513, active_workers=20/20
2026-02-03 10:07:24,047 - Knowledge - INFO - [LLM_CALL] Completed: report_intrastat.py:chunk1, Duration: 17786ms, PromptTokens: 3128, CompletionTokens: 405, Cost: $0.00047
2026-02-03 10:07:24,259 - Knowledge - INFO - done ingest for /app/data/T0002/210882/b3694rp/odoo-210882/addons/report_intrastat/report_intrastat.py
2026-02-03 10:07:26,342 - Knowledge - INFO - process ingested knowledge for /app/data/T0002/210882/b3694rp/odoo-210882/addons/product/report/pricelist.py
2026-02-03 10:07:29,069 - Knowledge - INFO - Async storing batch of 8 embeddings
2026-02-03 10:07:29,376 - Knowledge - INFO - Worker kw19 processing /app/data/T0002/210882/b3694rp/odoo-210882/addons/l10n_ch/wizard/opae_wizard.py
2026-02-03 10:07:29,468 - Knowledge - INFO - Worker kw19 processing /app/data/T0002/210882/b3694rp/odoo-210882/addons/l10n_ch/wizard/wizard_bvr.py
2026-02-03 10:07:29,642 - Knowledge - INFO - Worker kw19 processing /app/data/T0002/210882/b3694rp/odoo-210882/addons/l10n_ch/wizard/bvr_import.py
2026-02-03 10:07:29,667 - Knowledge - INFO - Worker kw19 processing /app/data/T0002/210882/b3694rp/odoo-210882/addons/l10n_ch/wizard/__init__.py
2026-02-03 10:07:29,836 - Knowledge - INFO - Fast-tracked /app/data/T0002/210882/b3694rp/odoo-210882/addons/l10n_ch/wizard/__init__.py (ext=.py, size=1560)
2026-02-03 10:07:30,061 - Knowledge - INFO - Worker kw19 processing /app/data/T0002/210882/b3694rp/odoo-210882/addons/l10n_ch/wizard/journal_config.py
2026-02-03 10:07:30,145 - Knowledge - INFO - Worker kw19 processing /app/data/T0002/210882/b3694rp/odoo-210882/addons/l10n_ch/dta_data.xml
2026-02-03 10:07:30,260 - Knowledge - INFO - Fast-tracked /app/data/T0002/210882/b3694rp/odoo-210882/addons/l10n_ch/dta_data.xml (ext=.xml, size=5472)
2026-02-03 10:07:30,260 - Knowledge - INFO - Worker kw19 processing /app/data/T0002/210882/b3694rp/odoo-210882/addons/l10n_ch/account_move_line.py
2026-02-03 10:07:30,372 - Knowledge - INFO - Worker kw19 processing /app/data/T0002/210882/b3694rp/odoo-210882/addons/l10n_ch/data.xml
2026-02-03 10:07:30,443 - Knowledge - INFO - Fast-tracked /app/data/T0002/210882/b3694rp/odoo-210882/addons/l10n_ch/data.xml (ext=.xml, size=4834)
2026-02-03 10:07:30,750 - Knowledge - INFO - Processing batch of 8 files
2026-02-03 10:07:30,756 - Knowledge - INFO - process ingested knowledge for /app/data/T0002/210882/b3694rp/odoo-210882/addons/crm_configuration/crm_config.py
2026-02-03 10:07:34,482 - Knowledge - INFO - Async storage completed for 8 embeddings
2026-02-03 10:07:34,558 - Knowledge - INFO - [LLM_CALL] Completed: account_analytic_default.py:chunk1, Duration: 28521ms, PromptTokens: 3380, CompletionTokens: 510, Cost: $0.00054
2026-02-03 10:07:34,649 - Knowledge - INFO - done ingest for /app/data/T0002/210882/b3694rp/odoo-210882/addons/account_analytic_default/account_analytic_default.py
2026-02-03 10:07:34,851 - Knowledge - INFO - [LLM_CALL] Completed: dta.py:chunk1, Duration: 16710ms, PromptTokens: 2824, CompletionTokens: 388, Cost: $0.00044
2026-02-03 10:07:34,866 - Knowledge - INFO - done ingest for /app/data/T0002/210882/b3694rp/odoo-210882/addons/l10n_ch/dta.py
2026-02-03 10:07:34,870 - Knowledge - INFO - process ingested knowledge for /app/data/T0002/210882/b3694rp/odoo-210882/addons/mrp_repair/wizard/__init__.py
2026-02-03 10:07:35,177 - Knowledge - INFO - [LLM_CALL] Completed: subscription.py:chunk1, Duration: 22833ms, PromptTokens: 4374, CompletionTokens: 605, Cost: $0.00068
2026-02-03 10:07:35,267 - Knowledge - INFO - done ingest for /app/data/T0002/210882/b3694rp/odoo-210882/addons/subscription/subscription.py
2026-02-03 10:07:36,674 - Knowledge - INFO - process ingested knowledge for /app/data/T0002/210882/b3694rp/odoo-210882/addons/crm_configuration/crm_opportunity_demo.xml
2026-02-03 10:07:36,745 - Knowledge - INFO - [kw16] Queue=505, InProgress=0, PendingWorkers=20/20, Completed=706/1263 (55.9%)
2026-02-03 10:07:36,747 - Knowledge - INFO - Batch sizing: calculated=8, max_allowed=10, queue=505, active_workers=20/20
2026-02-03 10:07:37,544 - Knowledge - INFO - [LLM_CALL] Completed: invoice.py:chunk1, Duration: 18707ms, PromptTokens: 4026, CompletionTokens: 446, Cost: $0.00058
2026-02-03 10:07:37,545 - Knowledge - INFO - done ingest for /app/data/T0002/210882/b3694rp/odoo-210882/addons/l10n_ch/invoice.py
2026-02-03 10:07:39,762 - Knowledge - INFO - [kw15] Queue=505, InProgress=0, PendingWorkers=20/20, Completed=707/1263 (56.0%)
2026-02-03 10:07:39,762 - Knowledge - INFO - Batch sizing: calculated=8, max_allowed=10, queue=505, active_workers=20/20
2026-02-03 10:07:42,059 - Knowledge - INFO - process ingested knowledge for /app/data/T0002/210882/b3694rp/odoo-210882/addons/crm_configuration/wizard/meeting_planify.py
2026-02-03 10:07:42,070 - Knowledge - INFO - Async storing batch of 8 embeddings
2026-02-03 10:07:42,151 - Knowledge - INFO - Worker kw16 processing /app/data/T0002/210882/b3694rp/odoo-210882/addons/l10n_ch/bvr_wizard.xml
2026-02-03 10:07:42,253 - Knowledge - INFO - Fast-tracked /app/data/T0002/210882/b3694rp/odoo-210882/addons/l10n_ch/bvr_wizard.xml (ext=.xml, size=681)
2026-02-03 10:07:42,253 - Knowledge - INFO - Worker kw16 processing /app/data/T0002/210882/b3694rp/odoo-210882/addons/l10n_ch/bank_ch.xml
2026-02-03 10:07:42,338 - Knowledge - INFO - Fast-tracked /app/data/T0002/210882/b3694rp/odoo-210882/addons/l10n_ch/bank_ch.xml (ext=.xml, size=2016242)
2026-02-03 10:07:42,374 - Knowledge - INFO - Worker kw16 processing /app/data/T0002/210882/b3694rp/odoo-210882/addons/l10n_ch/bank_view.xml
2026-02-03 10:07:42,475 - Knowledge - INFO - Fast-tracked /app/data/T0002/210882/b3694rp/odoo-210882/addons/l10n_ch/bank_view.xml (ext=.xml, size=2367)
2026-02-03 10:07:42,638 - Knowledge - INFO - Worker kw16 processing /app/data/T0002/210882/b3694rp/odoo-210882/addons/l10n_ch/demo/data_demo.xml
2026-02-03 10:07:42,645 - Knowledge - INFO - Fast-tracked /app/data/T0002/210882/b3694rp/odoo-210882/addons/l10n_ch/demo/data_demo.xml (ext=.xml, size=11489)
2026-02-03 10:07:42,646 - Knowledge - INFO - Worker kw16 processing /app/data/T0002/210882/b3694rp/odoo-210882/addons/l10n_ch/payment.py
2026-02-03 10:07:42,769 - Knowledge - INFO - Worker kw16 processing /app/data/T0002/210882/b3694rp/odoo-210882/addons/l10n_ch/bvr_view.xml
2026-02-03 10:07:42,873 - Knowledge - INFO - Fast-tracked /app/data/T0002/210882/b3694rp/odoo-210882/addons/l10n_ch/bvr_view.xml (ext=.xml, size=669)
2026-02-03 10:07:42,936 - Knowledge - INFO - Worker kw16 processing /app/data/T0002/210882/b3694rp/odoo-210882/addons/l10n_ch/bank.py
2026-02-03 10:07:42,975 - Knowledge - INFO - Worker kw16 processing /app/data/T0002/210882/b3694rp/odoo-210882/addons/l10n_ch/partner.py
2026-02-03 10:07:43,055 - Knowledge - INFO - Fast-tracked /app/data/T0002/210882/b3694rp/odoo-210882/addons/l10n_ch/partner.py (ext=.py, size=1686)
2026-02-03 10:07:43,276 - Knowledge - INFO - Fast-tracked /app/data/T0002/210882/b3694rp/odoo-210882/addons/l10n_ch/payment.py (small file (2328 bytes))
2026-02-03 10:07:44,046 - Knowledge - INFO - Async storage completed for 8 embeddings
2026-02-03 10:07:49,846 - Knowledge - INFO - [LLM_CALL] Completed: __terp__.py:chunk1, Duration: 30387ms, PromptTokens: 2380, CompletionTokens: 291, Cost: $0.00035
2026-02-03 10:07:49,854 - Knowledge - INFO - done ingest for /app/data/T0002/210882/b3694rp/odoo-210882/addons/l10n_ch/__terp__.py
2026-02-03 10:07:50,537 - Knowledge - INFO - process ingested knowledge for /app/data/T0002/210882/b3694rp/odoo-210882/addons/crm_configuration/wizard/wizard_partner_create.py
2026-02-03 10:07:54,444 - Knowledge - INFO - [LLM_CALL] Completed: bank.py:chunk1, Duration: 10789ms, PromptTokens: 2890, CompletionTokens: 299, Cost: $0.00041
2026-02-03 10:07:54,537 - Knowledge - INFO - done ingest for /app/data/T0002/210882/b3694rp/odoo-210882/addons/l10n_ch/bank.py
2026-02-03 10:07:55,236 - Knowledge - INFO - Async storing batch of 8 embeddings
2026-02-03 10:07:55,543 - Knowledge - INFO - Worker kw15 processing /app/data/T0002/210882/b3694rp/odoo-210882/addons/l10n_ch/__init__.py
2026-02-03 10:07:55,636 - Knowledge - INFO - Fast-tracked /app/data/T0002/210882/b3694rp/odoo-210882/addons/l10n_ch/__init__.py (ext=.py, size=1557)
2026-02-03 10:07:55,637 - Knowledge - INFO - Worker kw15 processing /app/data/T0002/210882/b3694rp/odoo-210882/addons/l10n_ch/l10n_ch_report.xml
2026-02-03 10:07:55,656 - Knowledge - INFO - Fast-tracked /app/data/T0002/210882/b3694rp/odoo-210882/addons/l10n_ch/l10n_ch_report.xml (ext=.xml, size=589)
2026-02-03 10:07:55,673 - Knowledge - INFO - Worker kw15 processing /app/data/T0002/210882/b3694rp/odoo-210882/addons/base_report_creator/base_report_creator_demo.xml
2026-02-03 10:07:55,736 - Knowledge - INFO - Fast-tracked /app/data/T0002/210882/b3694rp/odoo-210882/addons/base_report_creator/base_report_creator_demo.xml (ext=.xml, size=2541)
2026-02-03 10:07:55,737 - Knowledge - INFO - Worker kw15 processing /app/data/T0002/210882/b3694rp/odoo-210882/addons/base_report_creator/base_report_creator_wizard.xml
2026-02-03 10:07:55,761 - Knowledge - INFO - Fast-tracked /app/data/T0002/210882/b3694rp/odoo-210882/addons/base_report_creator/base_report_creator_wizard.xml (ext=.xml, size=305)
2026-02-03 10:07:55,761 - Knowledge - INFO - Worker kw15 processing /app/data/T0002/210882/b3694rp/odoo-210882/addons/base_report_creator/base_report_creator.py
2026-02-03 10:07:55,776 - Knowledge - INFO - Worker kw15 processing /app/data/T0002/210882/b3694rp/odoo-210882/addons/base_report_creator/__terp__.py
2026-02-03 10:07:55,948 - Knowledge - INFO - Fast-tracked /app/data/T0002/210882/b3694rp/odoo-210882/addons/base_report_creator/__terp__.py (ext=.py, size=1755)
2026-02-03 10:07:56,036 - Knowledge - INFO - Worker kw15 processing /app/data/T0002/210882/b3694rp/odoo-210882/addons/base_report_creator/base_report_creator_view.xml
2026-02-03 10:07:56,051 - Knowledge - INFO - Fast-tracked /app/data/T0002/210882/b3694rp/odoo-210882/addons/base_report_creator/base_report_creator_view.xml (ext=.xml, size=7244)
2026-02-03 10:07:56,051 - Knowledge - INFO - Worker kw15 processing /app/data/T0002/210882/b3694rp/odoo-210882/addons/base_report_creator/wizard/report_menu_create.py
2026-02-03 10:07:56,540 - Knowledge - INFO - [LLM_CALL] Completed: account_move_line.py:chunk1, Duration: 22390ms, PromptTokens: 2110, CompletionTokens: 277, Cost: $0.00032
2026-02-03 10:07:56,540 - Knowledge - INFO - done ingest for /app/data/T0002/210882/b3694rp/odoo-210882/addons/l10n_ch/account_move_line.py
2026-02-03 10:07:56,644 - Knowledge - INFO - Fast-tracked /app/data/T0002/210882/b3694rp/odoo-210882/addons/base_report_creator/wizard/report_menu_create.py (small file (2914 bytes))
2026-02-03 10:07:56,645 - Knowledge - INFO - Async storage completed for 8 embeddings
2026-02-03 10:07:59,949 - Knowledge - INFO - process ingested knowledge for /app/data/T0002/210882/b3694rp/odoo-210882/addons/crm_configuration/wizard/__init__.py
2026-02-03 10:08:02,562 - Knowledge - INFO - [LLM_CALL] Completed: bvr_import.py:chunk1, Duration: 30222ms, PromptTokens: 5460, CompletionTokens: 424, Cost: $0.00072
2026-02-03 10:08:02,583 - Knowledge - INFO - done ingest for /app/data/T0002/210882/b3694rp/odoo-210882/addons/l10n_ch/wizard/bvr_import.py
2026-02-03 10:08:09,259 - Knowledge - INFO - [WEBSOCKET] Sent: Type=progress_update, Size: 292, Duration: 0ms
2026-02-03 10:08:09,276 - Knowledge - INFO - process ingested knowledge for /app/data/T0002/210882/b3694rp/odoo-210882/addons/crm_configuration/wizard/wizard_opportunity_set.py
2026-02-03 10:08:09,339 - Knowledge - INFO - [WEBSOCKET] Sent: Type=unknown, Size: ?, Duration: 80ms
2026-02-03 10:08:09,346 - Knowledge - INFO - Progress: 57.1% | Files: 721/1263 | Rate: 1.13 files/sec | Queue: 489
2026-02-03 10:08:14,851 - Knowledge - INFO - [LLM_CALL] Completed: dta_wizard.py:chunk1, Duration: 55210ms, PromptTokens: 11960, CompletionTokens: 592, Cost: $0.00143
2026-02-03 10:08:15,060 - Knowledge - INFO - done ingest for /app/data/T0002/210882/b3694rp/odoo-210882/addons/l10n_ch/wizard/dta_wizard.py
2026-02-03 10:08:18,247 - Knowledge - INFO - [LLM_CALL] Completed: wizard_bvr.py:chunk1, Duration: 46600ms, PromptTokens: 2440, CompletionTokens: 308, Cost: $0.00037
2026-02-03 10:08:18,265 - Knowledge - INFO - done ingest for /app/data/T0002/210882/b3694rp/odoo-210882/addons/l10n_ch/wizard/wizard_bvr.py
2026-02-03 10:08:19,639 - Knowledge - INFO - [LLM_CALL] Completed: bvr.py:chunk1, Duration: 60685ms, PromptTokens: 2960, CompletionTokens: 502, Cost: $0.00050
2026-02-03 10:08:19,643 - Knowledge - INFO - done ingest for /app/data/T0002/210882/b3694rp/odoo-210882/addons/l10n_ch/report/bvr.py
2026-02-03 10:08:19,844 - Knowledge - INFO - [kw18] Queue=489, InProgress=0, PendingWorkers=20/20, Completed=727/1263 (57.6%)
2026-02-03 10:08:19,857 - Knowledge - INFO - Batch sizing: calculated=6, max_allowed=10, queue=489, active_workers=20/20
2026-02-03 10:08:20,062 - Knowledge - INFO - Processing batch of 8 files
2026-02-03 10:08:20,064 - Knowledge - INFO - process ingested knowledge for /app/data/T0002/210882/b3694rp/odoo-210882/addons/hr_timesheet_sheet/wizard/wizard_timesheet_current.py
2026-02-03 10:08:22,177 - Knowledge - INFO - [LLM_CALL] Completed: journal_config.py:chunk1, Duration: 49130ms, PromptTokens: 3220, CompletionTokens: 455, Cost: $0.00050
2026-02-03 10:08:22,258 - Knowledge - INFO - done ingest for /app/data/T0002/210882/b3694rp/odoo-210882/addons/l10n_ch/wizard/journal_config.py
2026-02-03 10:08:25,570 - Knowledge - INFO - Processing batch of 8 files
2026-02-03 10:08:25,571 - Knowledge - INFO - process ingested knowledge for /app/data/T0002/210882/b3694rp/odoo-210882/addons/subscription/__terp__.py
2026-02-03 10:08:25,641 - Knowledge - INFO - process ingested knowledge for /app/data/T0002/210882/b3694rp/odoo-210882/addons/crm_configuration/crm_fund_menu.xml
2026-02-03 10:08:26,347 - Knowledge - INFO - process ingested knowledge for /app/data/T0002/210882/b3694rp/odoo-210882/addons/hr_timesheet_sheet/wizard/__init__.py
2026-02-03 10:08:27,560 - Knowledge - INFO - [kw4] Queue=489, InProgress=0, PendingWorkers=20/20, Completed=733/1263 (58.0%)
2026-02-03 10:08:27,563 - Knowledge - INFO - Batch sizing: calculated=6, max_allowed=10, queue=489, active_workers=20/20
2026-02-03 10:08:27,670 - Knowledge - INFO - [kw2] Queue=489, InProgress=0, PendingWorkers=20/20, Completed=734/1263 (58.1%)
2026-02-03 10:08:27,736 - Knowledge - INFO - Batch sizing: calculated=6, max_allowed=10, queue=489, active_workers=20/20
2026-02-03 10:08:27,745 - Knowledge - INFO - process ingested knowledge for /app/data/T0002/210882/b3694rp/odoo-210882/addons/crm_configuration/crm_fund_demo.xml
2026-02-03 10:08:27,842 - Knowledge - INFO - process ingested knowledge for /app/data/T0002/210882/b3694rp/odoo-210882/addons/hr_timesheet_sheet/__init__.py
2026-02-03 10:08:29,549 - Knowledge - INFO - [kw7] Queue=489, InProgress=0, PendingWorkers=20/20, Completed=737/1263 (58.4%)
2026-02-03 10:08:29,550 - Knowledge - INFO - Batch sizing: calculated=6, max_allowed=10, queue=489, active_workers=20/20
2026-02-03 10:08:30,338 - Knowledge - INFO - Async storing batch of 8 embeddings
2026-02-03 10:08:30,339 - Knowledge - INFO - Async storing batch of 8 embeddings
2026-02-03 10:08:30,359 - Knowledge - INFO - process ingested knowledge for /app/data/T0002/210882/b3694rp/odoo-210882/addons/subscription/__init__.py
2026-02-03 10:08:30,466 - Knowledge - INFO - Async storing batch of 8 embeddings
2026-02-03 10:08:30,537 - Knowledge - INFO - Worker kw4 processing /app/data/T0002/210882/b3694rp/odoo-210882/addons/base_report_creator/wizard/base_report_creator_open.py
2026-02-03 10:08:30,537 - Knowledge - INFO - Worker kw18 processing /app/data/T0002/210882/b3694rp/odoo-210882/addons/sale/test/bug461801.xml
2026-02-03 10:08:30,782 - Knowledge - INFO - Worker kw2 processing /app/data/T0002/210882/b3694rp/odoo-210882/addons/sale/sale_wizard.xml
2026-02-03 10:08:30,838 - Knowledge - INFO - [kw12] Queue=471, InProgress=0, PendingWorkers=20/20, Completed=737/1263 (58.4%)
2026-02-03 10:08:30,845 - Knowledge - INFO - Processing batch of 8 files
2026-02-03 10:08:30,943 - Knowledge - INFO - Worker kw4 processing /app/data/T0002/210882/b3694rp/odoo-210882/addons/base_report_creator/wizard/__init__.py
2026-02-03 10:08:30,972 - Knowledge - INFO - Fast-tracked /app/data/T0002/210882/b3694rp/odoo-210882/addons/sale/test/bug461801.xml (ext=.xml, size=3750)
2026-02-03 10:08:31,041 - Knowledge - INFO - Batch sizing: calculated=6, max_allowed=10, queue=471, active_workers=20/20
2026-02-03 10:08:31,164 - Knowledge - INFO - process ingested knowledge for /app/data/T0002/210882/b3694rp/odoo-210882/addons/report_intrastat/report/invoice.py
2026-02-03 10:08:31,267 - Knowledge - INFO - process ingested knowledge for /app/data/T0002/210882/b3694rp/odoo-210882/addons/l10n_ch/dta.py
2026-02-03 10:08:31,273 - Knowledge - INFO - process ingested knowledge for /app/data/T0002/210882/b3694rp/odoo-210882/addons/hr_timesheet_sheet/process/hr_timesheet_sheet_process.xml
2026-02-03 10:08:31,274 - Knowledge - INFO - Fast-tracked /app/data/T0002/210882/b3694rp/odoo-210882/addons/sale/sale_wizard.xml (ext=.xml, size=761)
2026-02-03 10:08:31,276 - Knowledge - INFO - Async storing batch of 8 embeddings
2026-02-03 10:08:31,342 - Knowledge - INFO - Fast-tracked /app/data/T0002/210882/b3694rp/odoo-210882/addons/base_report_creator/wizard/__init__.py (ext=.py, size=1145)
2026-02-03 10:08:31,362 - Knowledge - INFO - Worker kw18 processing /app/data/T0002/210882/b3694rp/odoo-210882/addons/sale/test/sale_test.xml
2026-02-03 10:08:32,437 - Knowledge - INFO - Processing batch of 8 files
2026-02-03 10:08:32,765 - Knowledge - INFO - Worker kw2 processing /app/data/T0002/210882/b3694rp/odoo-210882/addons/sale/sale_sequence.xml
2026-02-03 10:08:32,858 - Knowledge - INFO - Worker kw7 processing /app/data/T0002/210882/b3694rp/odoo-210882/addons/sale/mrp.py
2026-02-03 10:08:32,977 - Knowledge - INFO - Worker kw4 processing /app/data/T0002/210882/b3694rp/odoo-210882/addons/base_report_creator/wizard/wiz_set_filter_fields.py
2026-02-03 10:08:33,051 - Knowledge - INFO - process ingested knowledge for /app/data/T0002/210882/b3694rp/odoo-210882/addons/project_mrp/__init__.py
2026-02-03 10:08:33,139 - Knowledge - INFO - Worker kw4 processing /app/data/T0002/210882/b3694rp/odoo-210882/addons/base_report_creator/__init__.py
2026-02-03 10:08:33,169 - Knowledge - INFO - Fast-tracked /app/data/T0002/210882/b3694rp/odoo-210882/addons/sale/sale_sequence.xml (ext=.xml, size=586)
2026-02-03 10:08:33,257 - Knowledge - INFO - Worker kw7 processing /app/data/T0002/210882/b3694rp/odoo-210882/addons/sale/sale_workflow.xml
2026-02-03 10:08:33,343 - Knowledge - INFO - Fast-tracked /app/data/T0002/210882/b3694rp/odoo-210882/addons/sale/test/sale_test.xml (ext=.xml, size=20810)
2026-02-03 10:08:33,636 - Knowledge - INFO - [kw11] Queue=465, InProgress=0, PendingWorkers=20/20, Completed=742/1263 (58.7%)
2026-02-03 10:08:33,659 - Knowledge - INFO - [kw1] Queue=465, InProgress=0, PendingWorkers=20/20, Completed=742/1263 (58.7%)
2026-02-03 10:08:33,669 - Knowledge - INFO - [kw20] Queue=465, InProgress=0, PendingWorkers=20/20, Completed=742/1263 (58.7%)
2026-02-03 10:08:33,675 - Knowledge - INFO - Worker kw2 processing /app/data/T0002/210882/b3694rp/odoo-210882/addons/sale/sale.py
2026-02-03 10:08:33,675 - Knowledge - INFO - Fast-tracked /app/data/T0002/210882/b3694rp/odoo-210882/addons/base_report_creator/__init__.py (ext=.py, size=1099)
2026-02-03 10:08:33,876 - Knowledge - INFO - Worker kw18 processing /app/data/T0002/210882/b3694rp/odoo-210882/addons/sale/sale_demo.xml
2026-02-03 10:08:33,877 - Knowledge - INFO - Fast-tracked /app/data/T0002/210882/b3694rp/odoo-210882/addons/sale/sale_workflow.xml (ext=.xml, size=11639)
2026-02-03 10:08:33,939 - Knowledge - INFO - Batch sizing: calculated=6, max_allowed=10, queue=465, active_workers=20/20
2026-02-03 10:08:34,043 - Knowledge - INFO - Batch sizing: calculated=6, max_allowed=10, queue=465, active_workers=20/20
2026-02-03 10:08:34,059 - Knowledge - INFO - Batch sizing: calculated=6, max_allowed=10, queue=465, active_workers=20/20
2026-02-03 10:08:34,342 - Knowledge - INFO - Worker kw2 processing /app/data/T0002/210882/b3694rp/odoo-210882/addons/sale/report/sale_prepare_allot.py
2026-02-03 10:08:34,348 - Knowledge - INFO - Worker kw4 processing /app/data/T0002/210882/b3694rp/odoo-210882/addons/sale/test/invoice_packing.xml
2026-02-03 10:08:34,536 - Knowledge - INFO - Worker kw7 processing /app/data/T0002/210882/b3694rp/odoo-210882/addons/sale/__terp__.py
2026-02-03 10:08:34,552 - Knowledge - INFO - Fast-tracked /app/data/T0002/210882/b3694rp/odoo-210882/addons/sale/sale_demo.xml (ext=.xml, size=9162)
2026-02-03 10:08:34,738 - Knowledge - INFO - Fast-tracked /app/data/T0002/210882/b3694rp/odoo-210882/addons/sale/report/sale_prepare_allot.py (ext=.py, size=1940)
2026-02-03 10:08:34,757 - Knowledge - INFO - Worker kw18 processing /app/data/T0002/210882/b3694rp/odoo-210882/addons/sale/security/sale_security.xml
2026-02-03 10:08:34,758 - Knowledge - INFO - Worker kw7 processing /app/data/T0002/210882/b3694rp/odoo-210882/addons/sale/sale_view.xml
2026-02-03 10:08:34,758 - Knowledge - INFO - Fast-tracked /app/data/T0002/210882/b3694rp/odoo-210882/addons/sale/test/invoice_packing.xml (ext=.xml, size=7462)
2026-02-03 10:08:34,847 - Knowledge - INFO - Worker kw2 processing /app/data/T0002/210882/b3694rp/odoo-210882/addons/sale/report/order.py
2026-02-03 10:08:34,874 - Knowledge - INFO - Fast-tracked /app/data/T0002/210882/b3694rp/odoo-210882/addons/sale/security/sale_security.xml (ext=.xml, size=471)
2026-02-03 10:08:34,953 - Knowledge - INFO - Worker kw4 processing /app/data/T0002/210882/b3694rp/odoo-210882/addons/sale/test/bug399817.xml
2026-02-03 10:08:34,962 - Knowledge - INFO - Fast-tracked /app/data/T0002/210882/b3694rp/odoo-210882/addons/sale/sale_view.xml (ext=.xml, size=30759)
2026-02-03 10:08:34,981 - Knowledge - INFO - Worker kw18 processing /app/data/T0002/210882/b3694rp/odoo-210882/addons/sale/mrp_view.xml
2026-02-03 10:08:35,043 - Knowledge - INFO - Fast-tracked /app/data/T0002/210882/b3694rp/odoo-210882/addons/sale/report/order.py (ext=.py, size=1445)
2026-02-03 10:08:35,161 - Knowledge - INFO - Fast-tracked /app/data/T0002/210882/b3694rp/odoo-210882/addons/sale/test/bug399817.xml (ext=.xml, size=3061)
2026-02-03 10:08:35,162 - Knowledge - INFO - Worker kw7 processing /app/data/T0002/210882/b3694rp/odoo-210882/addons/sale/wizard/make_invoice_advance.py
2026-02-03 10:08:35,245 - Knowledge - INFO - Worker kw2 processing /app/data/T0002/210882/b3694rp/odoo-210882/addons/sale/report/__init__.py
2026-02-03 10:08:35,246 - Knowledge - INFO - Fast-tracked /app/data/T0002/210882/b3694rp/odoo-210882/addons/sale/mrp_view.xml (ext=.xml, size=557)
2026-02-03 10:08:35,351 - Knowledge - INFO - Worker kw7 processing /app/data/T0002/210882/b3694rp/odoo-210882/addons/sale/wizard/make_invoice.py
2026-02-03 10:08:35,351 - Knowledge - INFO - Fast-tracked /app/data/T0002/210882/b3694rp/odoo-210882/addons/base_report_creator/wizard/base_report_creator_open.py (small file (2256 bytes))
2026-02-03 10:08:35,354 - Knowledge - INFO - Fast-tracked /app/data/T0002/210882/b3694rp/odoo-210882/addons/sale/report/__init__.py (ext=.py, size=1096)
2026-02-03 10:08:35,365 - Knowledge - INFO - Worker kw18 processing /app/data/T0002/210882/b3694rp/odoo-210882/addons/sale/product.py
2026-02-03 10:08:35,465 - Knowledge - INFO - Fast-tracked /app/data/T0002/210882/b3694rp/odoo-210882/addons/sale/mrp.py (small file (2936 bytes))
2026-02-03 10:08:35,468 - Knowledge - INFO - Async storing batch of 8 embeddings
2026-02-03 10:08:35,469 - Knowledge - INFO - process ingested knowledge for /app/data/T0002/210882/b3694rp/odoo-210882/addons/report_intrastat/report/__init__.py
2026-02-03 10:08:35,472 - Knowledge - INFO - Worker kw12 processing /app/data/T0002/210882/b3694rp/odoo-210882/addons/sale/wizard/__init__.py
2026-02-03 10:08:35,546 - Knowledge - INFO - Async storage completed for 8 embeddings
2026-02-03 10:08:35,552 - Knowledge - INFO - process ingested knowledge for /app/data/T0002/210882/b3694rp/odoo-210882/addons/project_mrp/project_workflow.xml
2026-02-03 10:08:35,556 - Knowledge - INFO - Async storage completed for 8 embeddings
2026-02-03 10:08:35,556 - Knowledge - INFO - Fast-tracked /app/data/T0002/210882/b3694rp/odoo-210882/addons/sale/product.py (small file (3006 bytes))
2026-02-03 10:08:35,565 - Knowledge - INFO - Fast-tracked /app/data/T0002/210882/b3694rp/odoo-210882/addons/sale/__terp__.py (small file (2441 bytes))
2026-02-03 10:08:35,874 - Knowledge - INFO - Fast-tracked /app/data/T0002/210882/b3694rp/odoo-210882/addons/sale/wizard/__init__.py (ext=.py, size=1157)
2026-02-03 10:08:36,071 - Knowledge - INFO - Async storage completed for 8 embeddings
2026-02-03 10:08:36,148 - Knowledge - INFO - Worker kw12 processing /app/data/T0002/210882/b3694rp/odoo-210882/addons/sale/wizard/wizard_sale_line_invoice.py
2026-02-03 10:08:36,241 - Knowledge - INFO - Async storing batch of 8 embeddings
2026-02-03 10:08:36,257 - Knowledge - INFO - Async storing batch of 8 embeddings
2026-02-03 10:08:36,270 - Knowledge - INFO - Worker kw12 processing /app/data/T0002/210882/b3694rp/odoo-210882/addons/sale/stock_view.xml
2026-02-03 10:08:36,273 - Knowledge - INFO - Worker kw1 processing /app/data/T0002/210882/b3694rp/odoo-210882/addons/sale/sale_report.xml
2026-02-03 10:08:36,347 - Knowledge - INFO - Worker kw20 processing /app/data/T0002/210882/b3694rp/odoo-210882/addons/base_vat/__terp__.py
2026-02-03 10:08:36,545 - Knowledge - INFO - Async storage completed for 8 embeddings
2026-02-03 10:08:36,556 - Knowledge - INFO - Fast-tracked /app/data/T0002/210882/b3694rp/odoo-210882/addons/sale/stock_view.xml (ext=.xml, size=1183)
2026-02-03 10:08:36,645 - Knowledge - INFO - Fast-tracked /app/data/T0002/210882/b3694rp/odoo-210882/addons/sale/sale_report.xml (ext=.xml, size=231)
2026-02-03 10:08:36,681 - Knowledge - INFO - Fast-tracked /app/data/T0002/210882/b3694rp/odoo-210882/addons/base_vat/__terp__.py (ext=.py, size=1428)
2026-02-03 10:08:36,779 - Knowledge - INFO - Worker kw12 processing /app/data/T0002/210882/b3694rp/odoo-210882/addons/sale/sale_data.xml
2026-02-03 10:08:36,781 - Knowledge - INFO - Worker kw1 processing /app/data/T0002/210882/b3694rp/odoo-210882/addons/sale/process/sale_process.xml
2026-02-03 10:08:37,058 - Knowledge - INFO - Worker kw20 processing /app/data/T0002/210882/b3694rp/odoo-210882/addons/base_vat/base_vat_data.xml
2026-02-03 10:08:37,072 - Knowledge - INFO - process ingested knowledge for /app/data/T0002/210882/b3694rp/odoo-210882/addons/l10n_ch/zip_code_default.xml
2026-02-03 10:08:37,138 - Knowledge - INFO - process ingested knowledge for /app/data/T0002/210882/b3694rp/odoo-210882/addons/project_mrp/process/project_mrp_process.xml
2026-02-03 10:08:37,150 - Knowledge - INFO - process ingested knowledge for /app/data/T0002/210882/b3694rp/odoo-210882/addons/report_intrastat/report_intrastat_view.xml
2026-02-03 10:08:37,260 - Knowledge - INFO - Fast-tracked /app/data/T0002/210882/b3694rp/odoo-210882/addons/sale/sale_data.xml (ext=.xml, size=1126)
2026-02-03 10:08:37,343 - Knowledge - INFO - Fast-tracked /app/data/T0002/210882/b3694rp/odoo-210882/addons/sale/process/sale_process.xml (ext=.xml, size=18887)
2026-02-03 10:08:37,440 - Knowledge - INFO - Fast-tracked /app/data/T0002/210882/b3694rp/odoo-210882/addons/base_vat/base_vat_data.xml (ext=.xml, size=665)
2026-02-03 10:08:37,650 - Knowledge - INFO - Worker kw12 processing /app/data/T0002/210882/b3694rp/odoo-210882/addons/sale/stock.py
2026-02-03 10:08:37,667 - Knowledge - INFO - Worker kw1 processing /app/data/T0002/210882/b3694rp/odoo-210882/addons/mrp_jit/test/mrp_jit_test.xml
2026-02-03 10:08:37,737 - Knowledge - INFO - Worker kw20 processing /app/data/T0002/210882/b3694rp/odoo-210882/addons/base_vat/partner.py
2026-02-03 10:08:37,941 - Knowledge - INFO - Worker kw12 processing /app/data/T0002/210882/b3694rp/odoo-210882/addons/sale/__init__.py
2026-02-03 10:08:37,975 - Knowledge - INFO - Fast-tracked /app/data/T0002/210882/b3694rp/odoo-210882/addons/mrp_jit/test/mrp_jit_test.xml (ext=.xml, size=19262)
2026-02-03 10:08:38,036 - Knowledge - INFO - Worker kw1 processing /app/data/T0002/210882/b3694rp/odoo-210882/addons/mrp_jit/mrp_jit.xml
2026-02-03 10:08:38,055 - Knowledge - INFO - Worker kw20 processing /app/data/T0002/210882/b3694rp/odoo-210882/addons/base_vat/__init__.py
2026-02-03 10:08:38,058 - Knowledge - INFO - Fast-tracked /app/data/T0002/210882/b3694rp/odoo-210882/addons/sale/__init__.py (ext=.py, size=1273)
2026-02-03 10:08:38,149 - Knowledge - INFO - Fast-tracked /app/data/T0002/210882/b3694rp/odoo-210882/addons/mrp_jit/mrp_jit.xml (ext=.xml, size=349)
2026-02-03 10:08:38,257 - Knowledge - INFO - Worker kw1 processing /app/data/T0002/210882/b3694rp/odoo-210882/addons/mrp_jit/__terp__.py
2026-02-03 10:08:38,337 - Knowledge - INFO - Fast-tracked /app/data/T0002/210882/b3694rp/odoo-210882/addons/base_vat/__init__.py (ext=.py, size=1074)
2026-02-03 10:08:38,371 - Knowledge - INFO - Worker kw1 processing /app/data/T0002/210882/b3694rp/odoo-210882/addons/mrp_jit/__init__.py
2026-02-03 10:08:38,374 - Knowledge - INFO - Worker kw20 processing /app/data/T0002/210882/b3694rp/odoo-210882/addons/project_gtd/project_gtd_demo.xml
2026-02-03 10:08:38,466 - Knowledge - INFO - [LLM_CALL] Completed: opae_wizard.py:chunk1, Duration: 67215ms, PromptTokens: 12038, CompletionTokens: 767, Cost: $0.00151
2026-02-03 10:08:38,542 - Knowledge - INFO - Fast-tracked /app/data/T0002/210882/b3694rp/odoo-210882/addons/mrp_jit/__init__.py (ext=.py, size=1058)
2026-02-03 10:08:38,663 - Knowledge - INFO - done ingest for /app/data/T0002/210882/b3694rp/odoo-210882/addons/l10n_ch/wizard/opae_wizard.py
2026-02-03 10:08:38,743 - Knowledge - INFO - Fast-tracked /app/data/T0002/210882/b3694rp/odoo-210882/addons/project_gtd/project_gtd_demo.xml (ext=.xml, size=4576)
2026-02-03 10:08:38,773 - Knowledge - INFO - Fast-tracked /app/data/T0002/210882/b3694rp/odoo-210882/addons/mrp_jit/__terp__.py (small file (2042 bytes))
2026-02-03 10:08:38,842 - Knowledge - INFO - Worker kw20 processing /app/data/T0002/210882/b3694rp/odoo-210882/addons/project_gtd/project_gtd_wizard.xml
2026-02-03 10:08:38,869 - Knowledge - INFO - Async storage completed for 8 embeddings
2026-02-03 10:08:39,076 - Knowledge - INFO - Fast-tracked /app/data/T0002/210882/b3694rp/odoo-210882/addons/project_gtd/project_gtd_wizard.xml (ext=.xml, size=668)
2026-02-03 10:08:39,168 - Knowledge - INFO - Async storing batch of 8 embeddings
2026-02-03 10:08:39,171 - Knowledge - INFO - process ingested knowledge for /app/data/T0002/210882/b3694rp/odoo-210882/addons/project_mrp/mrp.py
2026-02-03 10:08:39,247 - Knowledge - INFO - Async storage completed for 8 embeddings
2026-02-03 10:08:39,270 - Knowledge - INFO - process ingested knowledge for /app/data/T0002/210882/b3694rp/odoo-210882/addons/l10n_ch/account_journal_view.xml
2026-02-03 10:08:39,343 - Knowledge - INFO - process ingested knowledge for /app/data/T0002/210882/b3694rp/odoo-210882/addons/account_analytic_default/account_analytic_default.py
2026-02-03 10:08:39,348 - Knowledge - INFO - process ingested knowledge for /app/data/T0002/210882/b3694rp/odoo-210882/addons/report_intrastat/__terp__.py
2026-02-03 10:08:39,656 - Knowledge - INFO - Async storage completed for 8 embeddings
2026-02-03 10:08:39,675 - Knowledge - INFO - Worker kw11 processing /app/data/T0002/210882/b3694rp/odoo-210882/addons/project_gtd/project_gtd.py
2026-02-03 10:08:39,860 - Knowledge - WARNING - Timeout processing /app/data/T0002/210882/b3694rp/odoo-210882/addons/hr_timesheet_sheet/hr_timesheet_sheet.py after 90s - using fallback metadata
2026-02-03 10:08:40,076 - Knowledge - INFO - Worker kw11 processing /app/data/T0002/210882/b3694rp/odoo-210882/addons/project_gtd/__terp__.py
2026-02-03 10:08:40,164 - Knowledge - INFO - Worker kw11 processing /app/data/T0002/210882/b3694rp/odoo-210882/addons/project_gtd/project_gtd_view.xml
2026-02-03 10:08:40,253 - Knowledge - INFO - Fast-tracked /app/data/T0002/210882/b3694rp/odoo-210882/addons/project_gtd/project_gtd_view.xml (ext=.xml, size=10378)
2026-02-03 10:08:40,258 - Knowledge - INFO - Worker kw11 processing /app/data/T0002/210882/b3694rp/odoo-210882/addons/project_gtd/wizard/project_gtd_fill.py
2026-02-03 10:08:40,469 - Knowledge - INFO - Worker kw11 processing /app/data/T0002/210882/b3694rp/odoo-210882/addons/project_gtd/wizard/project_gtd_empty.py
2026-02-03 10:08:40,556 - Knowledge - INFO - Worker kw11 processing /app/data/T0002/210882/b3694rp/odoo-210882/addons/project_gtd/wizard/project_gtd_daily.py
2026-02-03 10:08:40,558 - Knowledge - INFO - [WEBSOCKET] Sent: Type=progress_update, Size: 292, Duration: 0ms
2026-02-03 10:08:40,565 - Knowledge - INFO - process ingested knowledge for /app/data/T0002/210882/b3694rp/odoo-210882/addons/project_mrp/project.py
2026-02-03 10:08:40,638 - Knowledge - INFO - process ingested knowledge for /app/data/T0002/210882/b3694rp/odoo-210882/addons/account_analytic_default/account_analytic_default_view.xml
2026-02-03 10:08:40,638 - Knowledge - INFO - [WEBSOCKET] Sent: Type=unknown, Size: ?, Duration: 80ms
2026-02-03 10:08:40,664 - Knowledge - INFO - Progress: 59.5% | Files: 753/1263 | Rate: 1.10 files/sec | Queue: 441
2026-02-03 10:08:41,062 - Knowledge - INFO - Processing batch of 8 files
2026-02-03 10:08:41,141 - Knowledge - INFO - process ingested knowledge for /app/data/T0002/210882/b3694rp/odoo-210882/addons/report_intrastat/report_intrastat_data.xml
2026-02-03 10:08:41,147 - Knowledge - INFO - process ingested knowledge for /app/data/T0002/210882/b3694rp/odoo-210882/addons/project_mrp/__terp__.py
2026-02-03 10:08:41,164 - Knowledge - INFO - process ingested knowledge for /app/data/T0002/210882/b3694rp/odoo-210882/addons/l10n_ch/invoice.py
2026-02-03 10:08:41,177 - Knowledge - INFO - [kw8] Queue=441, InProgress=0, PendingWorkers=20/20, Completed=758/1263 (60.0%)
2026-02-03 10:08:41,179 - Knowledge - INFO - process ingested knowledge for /app/data/T0002/210882/b3694rp/odoo-210882/addons/l10n_ch/company_view.xml
2026-02-03 10:08:41,249 - Knowledge - INFO - [kw3] Queue=441, InProgress=0, PendingWorkers=20/20, Completed=758/1263 (60.0%)
2026-02-03 10:08:41,281 - Knowledge - INFO - Fast-tracked /app/data/T0002/210882/b3694rp/odoo-210882/addons/project_gtd/__terp__.py (small file (2126 bytes))
2026-02-03 10:08:41,363 - Knowledge - INFO - Processing batch of 8 files
2026-02-03 10:08:41,773 - Knowledge - INFO - Batch sizing: calculated=6, max_allowed=10, queue=441, active_workers=20/20
2026-02-03 10:08:42,038 - Knowledge - INFO - Batch sizing: calculated=6, max_allowed=10, queue=441, active_workers=20/20
2026-02-03 10:08:42,061 - Knowledge - INFO - process ingested knowledge for /app/data/T0002/210882/b3694rp/odoo-210882/addons/account_analytic_default/__terp__.py
2026-02-03 10:08:42,148 - Knowledge - INFO - process ingested knowledge for /app/data/T0002/210882/b3694rp/odoo-210882/addons/l10n_ch/bvr_wizard.xml
2026-02-03 10:08:42,257 - Knowledge - INFO - Fast-tracked /app/data/T0002/210882/b3694rp/odoo-210882/addons/project_gtd/wizard/project_gtd_fill.py (small file (2900 bytes))
2026-02-03 10:08:42,274 - Knowledge - INFO - Async storing batch of 8 embeddings
2026-02-03 10:08:42,361 - Knowledge - INFO - process ingested knowledge for /app/data/T0002/210882/b3694rp/odoo-210882/addons/l10n_ch/account_invoice.xml
2026-02-03 10:08:42,371 - Knowledge - INFO - Async storing batch of 8 embeddings
2026-02-03 10:08:42,461 - Knowledge - INFO - Fast-tracked /app/data/T0002/210882/b3694rp/odoo-210882/addons/project_gtd/wizard/project_gtd_empty.py (small file (2272 bytes))
2026-02-03 10:08:42,645 - Knowledge - INFO - Worker kw3 processing /app/data/T0002/210882/b3694rp/odoo-210882/addons/account/test/invoice_basic_test.xml
2026-02-03 10:08:42,651 - Knowledge - INFO - Worker kw8 processing /app/data/T0002/210882/b3694rp/odoo-210882/addons/project_gtd/wizard/__init__.py
2026-02-03 10:08:42,667 - Knowledge - INFO - Fast-tracked /app/data/T0002/210882/b3694rp/odoo-210882/addons/account/test/invoice_basic_test.xml (ext=.xml, size=3255)
2026-02-03 10:08:42,768 - Knowledge - INFO - Fast-tracked /app/data/T0002/210882/b3694rp/odoo-210882/addons/project_gtd/wizard/project_gtd_daily.py (small file (2381 bytes))
2026-02-03 10:08:42,768 - Knowledge - INFO - Fast-tracked /app/data/T0002/210882/b3694rp/odoo-210882/addons/project_gtd/wizard/__init__.py (ext=.py, size=1132)
2026-02-03 10:08:42,769 - Knowledge - INFO - Worker kw3 processing /app/data/T0002/210882/b3694rp/odoo-210882/addons/account/company_view.xml
2026-02-03 10:08:42,851 - Knowledge - INFO - Fast-tracked /app/data/T0002/210882/b3694rp/odoo-210882/addons/account/company_view.xml (ext=.xml, size=2370)
2026-02-03 10:08:42,967 - Knowledge - INFO - Async storage completed for 8 embeddings
2026-02-03 10:08:43,037 - Knowledge - INFO - Worker kw8 processing /app/data/T0002/210882/b3694rp/odoo-210882/addons/project_gtd/__init__.py
2026-02-03 10:08:43,057 - Knowledge - INFO - Worker kw3 processing /app/data/T0002/210882/b3694rp/odoo-210882/addons/account/account_end_fy.xml
2026-02-03 10:08:43,359 - Knowledge - INFO - Fast-tracked /app/data/T0002/210882/b3694rp/odoo-210882/addons/project_gtd/__init__.py (ext=.py, size=1090)
2026-02-03 10:08:43,554 - Knowledge - INFO - Worker kw8 processing /app/data/T0002/210882/b3694rp/odoo-210882/addons/account/account_demo.xml
2026-02-03 10:08:43,576 - Knowledge - INFO - Fast-tracked /app/data/T0002/210882/b3694rp/odoo-210882/addons/account/account_end_fy.xml (ext=.xml, size=702)
2026-02-03 10:08:43,642 - Knowledge - INFO - Worker kw3 processing /app/data/T0002/210882/b3694rp/odoo-210882/addons/account/security/account_security.xml
2026-02-03 10:08:43,643 - Knowledge - INFO - Fast-tracked /app/data/T0002/210882/b3694rp/odoo-210882/addons/account/account_demo.xml (ext=.xml, size=5383)
2026-02-03 10:08:43,678 - Knowledge - INFO - Fast-tracked /app/data/T0002/210882/b3694rp/odoo-210882/addons/account/security/account_security.xml (ext=.xml, size=1356)
2026-02-03 10:08:43,736 - Knowledge - INFO - process ingested knowledge for /app/data/T0002/210882/b3694rp/odoo-210882/addons/account_analytic_default/__init__.py
2026-02-03 10:08:43,751 - Knowledge - INFO - Worker kw8 processing /app/data/T0002/210882/b3694rp/odoo-210882/addons/account/sequence.py
2026-02-03 10:08:43,766 - Knowledge - INFO - process ingested knowledge for /app/data/T0002/210882/b3694rp/odoo-210882/addons/l10n_ch/bank_ch.xml
2026-02-03 10:08:43,845 - Knowledge - INFO - Worker kw3 processing /app/data/T0002/210882/b3694rp/odoo-210882/addons/account/product.py
2026-02-03 10:08:43,872 - Knowledge - INFO - process ingested knowledge for /app/data/T0002/210882/b3694rp/odoo-210882/addons/report_intrastat/__init__.py
2026-02-03 10:08:43,974 - Knowledge - INFO - Worker kw8 processing /app/data/T0002/210882/b3694rp/odoo-210882/addons/account/test/test_parent_structure.py
2026-02-03 10:08:43,975 - Knowledge - INFO - process ingested knowledge for /app/data/T0002/210882/b3694rp/odoo-210882/addons/l10n_ch/l10n_ch_wizard.xml
2026-02-03 10:08:44,052 - Knowledge - INFO - process ingested knowledge for /app/data/T0002/210882/b3694rp/odoo-210882/addons/l10n_ch/report/bvr.py
2026-02-03 10:08:44,053 - Knowledge - INFO - Worker kw3 processing /app/data/T0002/210882/b3694rp/odoo-210882/addons/account/invoice.py
2026-02-03 10:08:44,239 - Knowledge - INFO - Fast-tracked /app/data/T0002/210882/b3694rp/odoo-210882/addons/account/test/test_parent_structure.py (ext=.py, size=2010)
2026-02-03 10:08:44,565 - Knowledge - INFO - Worker kw8 processing /app/data/T0002/210882/b3694rp/odoo-210882/addons/account/test/invoice_bug452854_test.xml
2026-02-03 10:08:44,770 - Knowledge - INFO - Fast-tracked /app/data/T0002/210882/b3694rp/odoo-210882/addons/account/test/invoice_bug452854_test.xml (ext=.xml, size=2818)
2026-02-03 10:08:44,961 - Knowledge - INFO - Fast-tracked /app/data/T0002/210882/b3694rp/odoo-210882/addons/account/sequence.py (small file (2658 bytes))
2026-02-03 10:08:44,966 - Knowledge - INFO - Async storage completed for 8 embeddings
2026-02-03 10:08:45,063 - Knowledge - INFO - Processing batch of 8 files
2026-02-03 10:08:45,068 - Knowledge - INFO - process ingested knowledge for /app/data/T0002/210882/b3694rp/odoo-210882/addons/crm_configuration/process/crm_configuration_process.xml
2026-02-03 10:08:45,458 - Knowledge - INFO - Split /app/data/T0002/210882/b3694rp/odoo-210882/addons/account/invoice.py (65542 bytes) into 3 chunks of ~32KB
2026-02-03 10:08:45,647 - Knowledge - INFO - process ingested knowledge for /app/data/T0002/210882/b3694rp/odoo-210882/addons/report_intrastat/intrastat_report.xml
2026-02-03 10:08:45,772 - Knowledge - INFO - process ingested knowledge for /app/data/T0002/210882/b3694rp/odoo-210882/addons/l10n_ch/bank_view.xml
2026-02-03 10:08:45,877 - Knowledge - INFO - Async storage completed for 8 embeddings
2026-02-03 10:08:46,038 - Knowledge - INFO - process ingested knowledge for /app/data/T0002/210882/b3694rp/odoo-210882/addons/l10n_ch/report/__init__.py
2026-02-03 10:08:46,058 - Knowledge - INFO - process ingested knowledge for /app/data/T0002/210882/b3694rp/odoo-210882/addons/crm_configuration/crm_lead_data.xml
2026-02-03 10:08:46,147 - Knowledge - INFO - process ingested knowledge for /app/data/T0002/210882/b3694rp/odoo-210882/addons/report_intrastat/report_intrastat.py
2026-02-03 10:08:46,377 - Knowledge - INFO - process ingested knowledge for /app/data/T0002/210882/b3694rp/odoo-210882/addons/subscription/subscription.py
2026-02-03 10:08:48,760 - Knowledge - INFO - process ingested knowledge for /app/data/T0002/210882/b3694rp/odoo-210882/addons/l10n_ch/demo/data_demo.xml
2026-02-03 10:08:48,870 - Knowledge - INFO - process ingested knowledge for /app/data/T0002/210882/b3694rp/odoo-210882/addons/l10n_ch/readme.txt
2026-02-03 10:08:48,984 - Knowledge - INFO - Processing batch of 6 files
2026-02-03 10:08:48,984 - Knowledge - INFO - process ingested knowledge for /app/data/T0002/210882/b3694rp/odoo-210882/addons/sale/test/bug461801.xml
2026-02-03 10:08:51,573 - Knowledge - INFO - Processing batch of 6 files
2026-02-03 10:08:51,652 - Knowledge - INFO - process ingested knowledge for /app/data/T0002/210882/b3694rp/odoo-210882/addons/sale/sale_report.xml
2026-02-03 10:08:53,237 - Knowledge - INFO - process ingested knowledge for /app/data/T0002/210882/b3694rp/odoo-210882/addons/hr_timesheet_sheet/hr_timesheet_sheet.py
2026-02-03 10:08:53,251 - Knowledge - INFO - process ingested knowledge for /app/data/T0002/210882/b3694rp/odoo-210882/addons/l10n_ch/payment.py
2026-02-03 10:08:53,266 - Knowledge - INFO - process ingested knowledge for /app/data/T0002/210882/b3694rp/odoo-210882/addons/l10n_ch/dta_view.xml
2026-02-03 10:08:57,360 - Knowledge - INFO - process ingested knowledge for /app/data/T0002/210882/b3694rp/odoo-210882/addons/hr_timesheet_sheet/hr_timesheet_sheet_demo.xml
2026-02-03 10:08:57,549 - Knowledge - INFO - process ingested knowledge for /app/data/T0002/210882/b3694rp/odoo-210882/addons/l10n_ch/bvr_view.xml
2026-02-03 10:08:57,651 - Knowledge - INFO - process ingested knowledge for /app/data/T0002/210882/b3694rp/odoo-210882/addons/l10n_ch/company.py
2026-02-03 10:08:57,767 - Knowledge - INFO - process ingested knowledge for /app/data/T0002/210882/b3694rp/odoo-210882/addons/sale/process/sale_process.xml
2026-02-03 10:08:57,838 - Knowledge - INFO - Processing batch of 8 files
2026-02-03 10:08:57,844 - Knowledge - INFO - process ingested knowledge for /app/data/T0002/210882/b3694rp/odoo-210882/addons/subscription/subscription_view.xml
2026-02-03 10:08:58,038 - Knowledge - INFO - process ingested knowledge for /app/data/T0002/210882/b3694rp/odoo-210882/addons/l10n_ch/wizard/opae_wizard.py
2026-02-03 10:09:00,337 - Knowledge - INFO - process ingested knowledge for /app/data/T0002/210882/b3694rp/odoo-210882/addons/l10n_ch/bank.py
2026-02-03 10:09:01,464 - Knowledge - INFO - [LLM_CALL] Completed: wiz_set_filter_fields.py:chunk1, Duration: 25998ms, PromptTokens: 5934, CompletionTokens: 547, Cost: $0.00081
2026-02-03 10:09:01,464 - Knowledge - INFO - done ingest for /app/data/T0002/210882/b3694rp/odoo-210882/addons/base_report_creator/wizard/wiz_set_filter_fields.py
2026-02-03 10:09:03,567 - Knowledge - INFO - process ingested knowledge for /app/data/T0002/210882/b3694rp/odoo-210882/addons/mrp_jit/test/mrp_jit_test.xml
2026-02-03 10:09:03,649 - Knowledge - INFO - process ingested knowledge for /app/data/T0002/210882/b3694rp/odoo-210882/addons/sale/test/sale_test.xml
2026-02-03 10:09:05,743 - Knowledge - INFO - process ingested knowledge for /app/data/T0002/210882/b3694rp/odoo-210882/addons/l10n_ch/wizard/wizard_bvr.py
2026-02-03 10:09:05,854 - Knowledge - INFO - process ingested knowledge for /app/data/T0002/210882/b3694rp/odoo-210882/addons/l10n_ch/partner.py
2026-02-03 10:09:06,063 - Knowledge - INFO - process ingested knowledge for /app/data/T0002/210882/b3694rp/odoo-210882/addons/hr_timesheet_sheet/hr_timesheet_sheet_view.xml
2026-02-03 10:09:06,253 - Knowledge - INFO - process ingested knowledge for /app/data/T0002/210882/b3694rp/odoo-210882/addons/mrp_jit/mrp_jit.xml
2026-02-03 10:09:06,360 - Knowledge - INFO - process ingested knowledge for /app/data/T0002/210882/b3694rp/odoo-210882/addons/sale/sale_demo.xml
2026-02-03 10:09:09,449 - Knowledge - INFO - [LLM_CALL] Completed: make_invoice.py:chunk1, Duration: 33003ms, PromptTokens: 2488, CompletionTokens: 295, Cost: $0.00037
2026-02-03 10:09:09,451 - Knowledge - INFO - done ingest for /app/data/T0002/210882/b3694rp/odoo-210882/addons/sale/wizard/make_invoice.py
2026-02-03 10:09:10,670 - Knowledge - INFO - process ingested knowledge for /app/data/T0002/210882/b3694rp/odoo-210882/addons/l10n_ch/wizard/bvr_import.py
2026-02-03 10:09:11,943 - Knowledge - INFO - process ingested knowledge for /app/data/T0002/210882/b3694rp/odoo-210882/addons/hr_timesheet_sheet/hr_timesheet_workflow.xml
2026-02-03 10:09:11,953 - Knowledge - INFO - process ingested knowledge for /app/data/T0002/210882/b3694rp/odoo-210882/addons/mrp_jit/__terp__.py
2026-02-03 10:09:11,969 - Knowledge - INFO - process ingested knowledge for /app/data/T0002/210882/b3694rp/odoo-210882/addons/l10n_ch/__terp__.py
2026-02-03 10:09:12,042 - Knowledge - INFO - Processing batch of 6 files
2026-02-03 10:09:12,154 - Knowledge - INFO - process ingested knowledge for /app/data/T0002/210882/b3694rp/odoo-210882/addons/project_gtd/wizard/__init__.py
2026-02-03 10:09:13,249 - Knowledge - INFO - process ingested knowledge for /app/data/T0002/210882/b3694rp/odoo-210882/addons/l10n_ch/wizard/__init__.py
2026-02-03 10:09:16,440 - Knowledge - INFO - process ingested knowledge for /app/data/T0002/210882/b3694rp/odoo-210882/addons/sale/security/sale_security.xml
2026-02-03 10:09:16,445 - Knowledge - INFO - [LLM_CALL] Completed: project_gtd.py:chunk1, Duration: 35483ms, PromptTokens: 4912, CompletionTokens: 535, Cost: $0.00071
2026-02-03 10:09:16,548 - Knowledge - INFO - done ingest for /app/data/T0002/210882/b3694rp/odoo-210882/addons/project_gtd/project_gtd.py
2026-02-03 10:09:16,957 - Knowledge - INFO - [LLM_CALL] Completed: make_invoice_advance.py:chunk1, Duration: 40707ms, PromptTokens: 3912, CompletionTokens: 476, Cost: $0.00058
2026-02-03 10:09:17,037 - Knowledge - INFO - done ingest for /app/data/T0002/210882/b3694rp/odoo-210882/addons/sale/wizard/make_invoice_advance.py
2026-02-03 10:09:18,142 - Knowledge - INFO - process ingested knowledge for /app/data/T0002/210882/b3694rp/odoo-210882/addons/mrp_jit/__init__.py
2026-02-03 10:09:18,245 - Knowledge - INFO - process ingested knowledge for /app/data/T0002/210882/b3694rp/odoo-210882/addons/l10n_ch/wizard/dta_wizard.py
2026-02-03 10:09:20,047 - Knowledge - INFO - process ingested knowledge for /app/data/T0002/210882/b3694rp/odoo-210882/addons/l10n_ch/wizard/journal_config.py
2026-02-03 10:09:20,953 - Knowledge - INFO - process ingested knowledge for /app/data/T0002/210882/b3694rp/odoo-210882/addons/hr_timesheet_sheet/__terp__.py
2026-02-03 10:09:20,982 - Knowledge - INFO - process ingested knowledge for /app/data/T0002/210882/b3694rp/odoo-210882/addons/sale/mrp_view.xml
2026-02-03 10:09:21,141 - Knowledge - INFO - process ingested knowledge for /app/data/T0002/210882/b3694rp/odoo-210882/addons/project_gtd/__init__.py
2026-02-03 10:09:21,241 - Knowledge - INFO - [WEBSOCKET] Sent: Type=progress_update, Size: 294, Duration: 0ms
2026-02-03 10:09:21,257 - Knowledge - INFO - [WEBSOCKET] Sent: Type=unknown, Size: ?, Duration: 16ms
2026-02-03 10:09:21,344 - Knowledge - INFO - Progress: 62.4% | Files: 788/1263 | Rate: 1.11 files/sec | Queue: 429
2026-02-03 10:09:21,557 - Knowledge - INFO - [LLM_CALL] Completed: wizard_sale_line_invoice.py:chunk1, Duration: 42812ms, PromptTokens: 2936, CompletionTokens: 406, Cost: $0.00046
2026-02-03 10:09:21,563 - Knowledge - INFO - done ingest for /app/data/T0002/210882/b3694rp/odoo-210882/addons/sale/wizard/wizard_sale_line_invoice.py
2026-02-03 10:09:22,463 - Knowledge - INFO - process ingested knowledge for /app/data/T0002/210882/b3694rp/odoo-210882/addons/l10n_ch/dta_data.xml
2026-02-03 10:09:23,959 - Knowledge - INFO - process ingested knowledge for /app/data/T0002/210882/b3694rp/odoo-210882/addons/hr_timesheet_sheet/wizard/wizard_timesheet_department.py
2026-02-03 10:09:26,280 - Knowledge - INFO - [kw5] Queue=429, InProgress=0, PendingWorkers=20/20, Completed=788/1263 (62.4%)
2026-02-03 10:09:26,352 - Knowledge - INFO - Batch sizing: calculated=6, max_allowed=10, queue=429, active_workers=20/20
2026-02-03 10:09:27,450 - Knowledge - INFO - process ingested knowledge for /app/data/T0002/210882/b3694rp/odoo-210882/addons/l10n_ch/account_move_line.py
2026-02-03 10:09:30,269 - Knowledge - INFO - [LLM_CALL] Completed: product.py:chunk1, Duration: 45533ms, PromptTokens: 2122, CompletionTokens: 307, Cost: $0.00034
2026-02-03 10:09:30,344 - Knowledge - INFO - done ingest for /app/data/T0002/210882/b3694rp/odoo-210882/addons/account/product.py
2026-02-03 10:09:31,154 - Knowledge - INFO - process ingested knowledge for /app/data/T0002/210882/b3694rp/odoo-210882/addons/account/account_demo.xml
2026-02-03 10:09:33,073 - Knowledge - INFO - Async storing batch of 8 embeddings
2026-02-03 10:09:33,674 - Knowledge - INFO - Worker kw5 processing /app/data/T0002/210882/b3694rp/odoo-210882/addons/account/account.py
2026-02-03 10:09:33,953 - Knowledge - INFO - Fast-tracked /app/data/T0002/210882/b3694rp/odoo-210882/addons/account/account.py (ext=.py, size=121502)
2026-02-03 10:09:33,976 - Knowledge - INFO - Worker kw5 processing /app/data/T0002/210882/b3694rp/odoo-210882/addons/account/account_wizard.xml
2026-02-03 10:09:34,169 - Knowledge - INFO - [LLM_CALL] Completed: partner.py:chunk1, Duration: 54707ms, PromptTokens: 20940, CompletionTokens: 1155, Cost: $0.00256
2026-02-03 10:09:34,272 - Knowledge - INFO - Fast-tracked /app/data/T0002/210882/b3694rp/odoo-210882/addons/account/account_wizard.xml (ext=.xml, size=8213)
2026-02-03 10:09:34,272 - Knowledge - INFO - done ingest for /app/data/T0002/210882/b3694rp/odoo-210882/addons/base_vat/partner.py
2026-02-03 10:09:34,365 - Knowledge - INFO - Worker kw5 processing /app/data/T0002/210882/b3694rp/odoo-210882/addons/account/account_assert_test.xml
2026-02-03 10:09:34,738 - Knowledge - INFO - process ingested knowledge for /app/data/T0002/210882/b3694rp/odoo-210882/addons/sale/product.py
2026-02-03 10:09:34,762 - Knowledge - INFO - Fast-tracked /app/data/T0002/210882/b3694rp/odoo-210882/addons/account/account_assert_test.xml (ext=.xml, size=1542)
2026-02-03 10:09:34,864 - Knowledge - INFO - process ingested knowledge for /app/data/T0002/210882/b3694rp/odoo-210882/addons/l10n_ch/data.xml
2026-02-03 10:09:34,936 - Knowledge - INFO - Worker kw5 processing /app/data/T0002/210882/b3694rp/odoo-210882/addons/account/report/partner_balance.py
2026-02-03 10:09:34,937 - Knowledge - INFO - Processing batch of 6 files
2026-02-03 10:09:35,243 - Knowledge - INFO - process ingested knowledge for /app/data/T0002/210882/b3694rp/odoo-210882/addons/base_report_creator/wizard/base_report_creator_open.py
2026-02-03 10:09:35,261 - Knowledge - INFO - Worker kw5 processing /app/data/T0002/210882/b3694rp/odoo-210882/addons/account/report/aged_trial_balance.py
2026-02-03 10:09:35,440 - Knowledge - INFO - Worker kw5 processing /app/data/T0002/210882/b3694rp/odoo-210882/addons/account/report/transfer.xml
2026-02-03 10:09:35,470 - Knowledge - INFO - Fast-tracked /app/data/T0002/210882/b3694rp/odoo-210882/addons/account/report/transfer.xml (ext=.xml, size=454)
2026-02-03 10:09:36,670 - Knowledge - INFO - Async storage completed for 8 embeddings
2026-02-03 10:09:37,942 - Knowledge - INFO - [LLM_CALL] Completed: stock.py:chunk1, Duration: 58992ms, PromptTokens: 4834, CompletionTokens: 800, Cost: $0.00080
2026-02-03 10:09:37,948 - Knowledge - INFO - done ingest for /app/data/T0002/210882/b3694rp/odoo-210882/addons/sale/stock.py
2026-02-03 10:09:38,074 - Knowledge - INFO - process ingested knowledge for /app/data/T0002/210882/b3694rp/odoo-210882/addons/account/sequence.py
2026-02-03 10:09:42,063 - Knowledge - INFO - process ingested knowledge for /app/data/T0002/210882/b3694rp/odoo-210882/addons/base_report_creator/wizard/__init__.py
2026-02-03 10:09:43,352 - Knowledge - INFO - process ingested knowledge for /app/data/T0002/210882/b3694rp/odoo-210882/addons/account/test/test_parent_structure.py
2026-02-03 10:09:45,260 - Knowledge - INFO - [kw14] Queue=423, InProgress=0, PendingWorkers=20/20, Completed=795/1263 (62.9%)
2026-02-03 10:09:45,266 - Knowledge - INFO - Batch sizing: calculated=6, max_allowed=10, queue=423, active_workers=20/20
2026-02-03 10:09:48,637 - Knowledge - INFO - process ingested knowledge for /app/data/T0002/210882/b3694rp/odoo-210882/addons/base_report_creator/wizard/wiz_set_filter_fields.py
2026-02-03 10:09:50,648 - Knowledge - INFO - process ingested knowledge for /app/data/T0002/210882/b3694rp/odoo-210882/addons/account/test/invoice_bug452854_test.xml
2026-02-03 10:09:52,841 - Knowledge - INFO - Async storing batch of 8 embeddings
2026-02-03 10:09:53,038 - Knowledge - INFO - Worker kw14 processing /app/data/T0002/210882/b3694rp/odoo-210882/addons/account/report/invoice.py
2026-02-03 10:09:53,375 - Knowledge - INFO - Fast-tracked /app/data/T0002/210882/b3694rp/odoo-210882/addons/account/report/invoice.py (ext=.py, size=1489)
2026-02-03 10:09:53,458 - Knowledge - INFO - Worker kw14 processing /app/data/T0002/210882/b3694rp/odoo-210882/addons/account/report/rml_parse.py
2026-02-03 10:09:53,773 - Knowledge - INFO - Worker kw14 processing /app/data/T0002/210882/b3694rp/odoo-210882/addons/account/report/central_journal.py
2026-02-03 10:09:53,973 - Knowledge - INFO - Worker kw14 processing /app/data/T0002/210882/b3694rp/odoo-210882/addons/account/report/account_tax_code.py
2026-02-03 10:09:54,260 - Knowledge - INFO - Worker kw14 processing /app/data/T0002/210882/b3694rp/odoo-210882/addons/account/report/account_journal.py
2026-02-03 10:09:54,546 - Knowledge - INFO - Worker kw14 processing /app/data/T0002/210882/b3694rp/odoo-210882/addons/account/report/overdue.py
2026-02-03 10:09:54,837 - Knowledge - INFO - [LLM_CALL] Completed: invoice.py:chunk1, Duration: 69379ms, PromptTokens: 15476, CompletionTokens: 1379, Cost: $0.00210
2026-02-03 10:09:56,152 - Knowledge - INFO - Fast-tracked /app/data/T0002/210882/b3694rp/odoo-210882/addons/account/report/account_tax_code.py (small file (2666 bytes))
2026-02-03 10:09:56,449 - Knowledge - INFO - process ingested knowledge for /app/data/T0002/210882/b3694rp/odoo-210882/addons/base_report_creator/__init__.py
2026-02-03 10:09:56,854 - Knowledge - INFO - Async storage completed for 8 embeddings
2026-02-03 10:09:57,755 - Knowledge - INFO - [kw17] Queue=417, InProgress=0, PendingWorkers=20/20, Completed=799/1263 (63.3%)
2026-02-03 10:09:57,757 - Knowledge - INFO - Batch sizing: calculated=6, max_allowed=10, queue=417, active_workers=20/20
2026-02-03 10:09:58,173 - Knowledge - INFO - [LLM_CALL] Completed: sale.py:chunk1, Duration: 82633ms, PromptTokens: 27788, CompletionTokens: 2140, Cost: $0.00363
2026-02-03 10:09:58,242 - Knowledge - INFO - done ingest for /app/data/T0002/210882/b3694rp/odoo-210882/addons/sale/sale.py
2026-02-03 10:10:02,455 - Knowledge - INFO - process ingested knowledge for /app/data/T0002/210882/b3694rp/odoo-210882/addons/sale/test/invoice_packing.xml
2026-02-03 10:10:02,648 - Knowledge - INFO - [kw13] Queue=417, InProgress=0, PendingWorkers=20/20, Completed=804/1263 (63.7%)
2026-02-03 10:10:02,741 - Knowledge - INFO - Batch sizing: calculated=6, max_allowed=10, queue=417, active_workers=20/20
2026-02-03 10:10:06,251 - Knowledge - INFO - [LLM_CALL] Completed: aged_trial_balance.py:chunk1, Duration: 29874ms, PromptTokens: 5406, CompletionTokens: 503, Cost: $0.00074
2026-02-03 10:10:06,339 - Knowledge - INFO - done ingest for /app/data/T0002/210882/b3694rp/odoo-210882/addons/account/report/aged_trial_balance.py
2026-02-03 10:10:08,368 - Knowledge - INFO - process ingested knowledge for /app/data/T0002/210882/b3694rp/odoo-210882/addons/sale/test/bug399817.xml
2026-02-03 10:10:08,439 - Knowledge - INFO - Async storing batch of 8 embeddings
2026-02-03 10:10:08,460 - Knowledge - INFO - Async storing batch of 8 embeddings
2026-02-03 10:10:08,668 - Knowledge - INFO - Worker kw17 processing /app/data/T0002/210882/b3694rp/odoo-210882/addons/account/report/account_balance.py
2026-02-03 10:10:08,867 - Knowledge - INFO - Worker kw17 processing /app/data/T0002/210882/b3694rp/odoo-210882/addons/account/report/third_party_ledger.py
2026-02-03 10:10:09,037 - Knowledge - INFO - Processing batch of 6 files
2026-02-03 10:10:09,039 - Knowledge - INFO - process ingested knowledge for /app/data/T0002/210882/b3694rp/odoo-210882/addons/sale/mrp.py
2026-02-03 10:10:09,040 - Knowledge - INFO - Worker kw17 processing /app/data/T0002/210882/b3694rp/odoo-210882/addons/account/report/general_ledger.py
2026-02-03 10:10:09,058 - Knowledge - INFO - Worker kw13 processing /app/data/T0002/210882/b3694rp/odoo-210882/addons/account/account_invoice_workflow.xml
2026-02-03 10:10:09,337 - Knowledge - INFO - Worker kw17 processing /app/data/T0002/210882/b3694rp/odoo-210882/addons/account/report/__init__.py
2026-02-03 10:10:09,454 - Knowledge - INFO - Fast-tracked /app/data/T0002/210882/b3694rp/odoo-210882/addons/account/account_invoice_workflow.xml (ext=.xml, size=7063)
2026-02-03 10:10:09,461 - Knowledge - INFO - Worker kw13 processing /app/data/T0002/210882/b3694rp/odoo-210882/addons/account/sequence_view.xml
2026-02-03 10:10:09,537 - Knowledge - INFO - Fast-tracked /app/data/T0002/210882/b3694rp/odoo-210882/addons/account/report/__init__.py (ext=.py, size=1320)
2026-02-03 10:10:09,537 - Knowledge - INFO - Worker kw17 processing /app/data/T0002/210882/b3694rp/odoo-210882/addons/account/report/general_journal.py
2026-02-03 10:10:09,540 - Knowledge - INFO - Worker kw17 processing /app/data/T0002/210882/b3694rp/odoo-210882/addons/account/report/tax_report.py
2026-02-03 10:10:09,552 - Knowledge - INFO - Fast-tracked /app/data/T0002/210882/b3694rp/odoo-210882/addons/account/sequence_view.xml (ext=.xml, size=1230)
2026-02-03 10:10:09,553 - Knowledge - INFO - Worker kw13 processing /app/data/T0002/210882/b3694rp/odoo-210882/addons/account/account_invoice_view.xml
2026-02-03 10:10:09,636 - Knowledge - INFO - Fast-tracked /app/data/T0002/210882/b3694rp/odoo-210882/addons/account/account_invoice_view.xml (ext=.xml, size=40183)
2026-02-03 10:10:09,670 - Knowledge - INFO - Worker kw13 processing /app/data/T0002/210882/b3694rp/odoo-210882/addons/account/product_view.xml
2026-02-03 10:10:09,771 - Knowledge - INFO - Fast-tracked /app/data/T0002/210882/b3694rp/odoo-210882/addons/account/product_view.xml (ext=.xml, size=3546)
2026-02-03 10:10:09,778 - Knowledge - INFO - Worker kw13 processing /app/data/T0002/210882/b3694rp/odoo-210882/addons/account/data/account_invoice.xml
2026-02-03 10:10:09,862 - Knowledge - INFO - Fast-tracked /app/data/T0002/210882/b3694rp/odoo-210882/addons/account/data/account_invoice.xml (ext=.xml, size=3050)
2026-02-03 10:10:09,863 - Knowledge - INFO - Worker kw13 processing /app/data/T0002/210882/b3694rp/odoo-210882/addons/account/data/account_data2.xml
2026-02-03 10:10:09,974 - Knowledge - INFO - Fast-tracked /app/data/T0002/210882/b3694rp/odoo-210882/addons/account/data/account_data2.xml (ext=.xml, size=15049)
2026-02-03 10:10:10,056 - Knowledge - INFO - Async storage completed for 8 embeddings
2026-02-03 10:10:10,745 - Knowledge - INFO - Processing batch of 6 files
2026-02-03 10:10:10,746 - Knowledge - INFO - process ingested knowledge for /app/data/T0002/210882/b3694rp/odoo-210882/addons/project_gtd/project_gtd.py
2026-02-03 10:10:12,053 - Knowledge - INFO - Async storage completed for 8 embeddings
2026-02-03 10:10:16,958 - Knowledge - INFO - process ingested knowledge for /app/data/T0002/210882/b3694rp/odoo-210882/addons/project_gtd/__terp__.py
2026-02-03 10:10:17,864 - Knowledge - INFO - [WEBSOCKET] Sent: Type=progress_update, Size: 293, Duration: 0ms
2026-02-03 10:10:17,874 - Knowledge - INFO - [WEBSOCKET] Sent: Type=unknown, Size: ?, Duration: 10ms
2026-02-03 10:10:17,874 - Knowledge - INFO - Progress: 64.5% | Files: 815/1263 | Rate: 1.04 files/sec | Queue: 405
2026-02-03 10:10:18,776 - Knowledge - INFO - Processing batch of 6 files
2026-02-03 10:10:18,842 - Knowledge - INFO - process ingested knowledge for /app/data/T0002/210882/b3694rp/odoo-210882/addons/base_vat/__terp__.py
2026-02-03 10:10:20,576 - Knowledge - INFO - process ingested knowledge for /app/data/T0002/210882/b3694rp/odoo-210882/addons/project_gtd/project_gtd_view.xml
2026-02-03 10:10:20,592 - Knowledge - INFO - [kw16] Queue=405, InProgress=0, PendingWorkers=20/20, Completed=820/1263 (64.9%)
2026-02-03 10:10:20,679 - Knowledge - INFO - Batch sizing: calculated=6, max_allowed=10, queue=405, active_workers=20/20
2026-02-03 10:10:21,485 - Knowledge - INFO - [kw9] Queue=405, InProgress=0, PendingWorkers=20/20, Completed=820/1263 (64.9%)
2026-02-03 10:10:21,485 - Knowledge - INFO - Batch sizing: calculated=6, max_allowed=10, queue=405, active_workers=20/20
2026-02-03 10:10:21,504 - Knowledge - INFO - process ingested knowledge for /app/data/T0002/210882/b3694rp/odoo-210882/addons/sale/sale_workflow.xml
2026-02-03 10:10:21,551 - Knowledge - INFO - process ingested knowledge for /app/data/T0002/210882/b3694rp/odoo-210882/addons/base_vat/base_vat_data.xml
2026-02-03 10:10:22,068 - Knowledge - INFO - Processing batch of 6 files
2026-02-03 10:10:22,068 - Knowledge - INFO - process ingested knowledge for /app/data/T0002/210882/b3694rp/odoo-210882/addons/sale/wizard/__init__.py
2026-02-03 10:10:22,673 - Knowledge - INFO - [kw1] Queue=405, InProgress=0, PendingWorkers=20/20, Completed=823/1263 (65.2%)
2026-02-03 10:10:22,679 - Knowledge - INFO - Batch sizing: calculated=6, max_allowed=10, queue=405, active_workers=20/20
2026-02-03 10:10:23,037 - Knowledge - WARNING - Timeout processing /app/data/T0002/210882/b3694rp/odoo-210882/addons/base_report_creator/base_report_creator.py after 90s - using fallback metadata
2026-02-03 10:10:25,037 - Knowledge - INFO - process ingested knowledge for /app/data/T0002/210882/b3694rp/odoo-210882/addons/project_gtd/wizard/project_gtd_fill.py
2026-02-03 10:10:26,050 - Knowledge - INFO - [LLM_CALL] Completed: partner_balance.py:chunk1, Duration: 50207ms, PromptTokens: 9430, CompletionTokens: 916, Cost: $0.00131
2026-02-03 10:10:26,051 - Knowledge - INFO - done ingest for /app/data/T0002/210882/b3694rp/odoo-210882/addons/account/report/partner_balance.py
2026-02-03 10:10:26,162 - Knowledge - INFO - Async storing batch of 8 embeddings
2026-02-03 10:10:26,253 - Knowledge - INFO - process ingested knowledge for /app/data/T0002/210882/b3694rp/odoo-210882/addons/sale/__terp__.py
2026-02-03 10:10:26,253 - Knowledge - INFO - Worker kw9 processing /app/data/T0002/210882/b3694rp/odoo-210882/addons/account/account_view.xml
2026-02-03 10:10:26,459 - Knowledge - INFO - Fast-tracked /app/data/T0002/210882/b3694rp/odoo-210882/addons/account/account_view.xml (ext=.xml, size=89356)
2026-02-03 10:10:26,459 - Knowledge - INFO - Worker kw9 processing /app/data/T0002/210882/b3694rp/odoo-210882/addons/account/company.py
2026-02-03 10:10:26,662 - Knowledge - INFO - Worker kw9 processing /app/data/T0002/210882/b3694rp/odoo-210882/addons/account/__terp__.py
2026-02-03 10:10:26,752 - Knowledge - INFO - Worker kw9 processing /app/data/T0002/210882/b3694rp/odoo-210882/addons/account/wizard/wizard_aged_trial_balance.py
2026-02-03 10:10:26,756 - Knowledge - INFO - Worker kw9 processing /app/data/T0002/210882/b3694rp/odoo-210882/addons/account/wizard/wizard_account_balance_report.py
2026-02-03 10:10:26,774 - Knowledge - INFO - Worker kw9 processing /app/data/T0002/210882/b3694rp/odoo-210882/addons/account/wizard/wizard_open_closed_fiscalyear.py
2026-02-03 10:10:27,240 - Knowledge - INFO - Fast-tracked /app/data/T0002/210882/b3694rp/odoo-210882/addons/account/__terp__.py (small file (2610 bytes))
2026-02-03 10:10:27,251 - Knowledge - INFO - Processing batch of 6 files
2026-02-03 10:10:27,257 - Knowledge - INFO - process ingested knowledge for /app/data/T0002/210882/b3694rp/odoo-210882/addons/sale/sale_wizard.xml
2026-02-03 10:10:27,564 - Knowledge - INFO - Fast-tracked /app/data/T0002/210882/b3694rp/odoo-210882/addons/account/wizard/wizard_open_closed_fiscalyear.py (small file (2672 bytes))
2026-02-03 10:10:27,565 - Knowledge - INFO - Async storage completed for 8 embeddings
2026-02-03 10:10:27,747 - Knowledge - INFO - process ingested knowledge for /app/data/T0002/210882/b3694rp/odoo-210882/addons/sale/wizard/wizard_sale_line_invoice.py
2026-02-03 10:10:28,352 - Knowledge - INFO - Async storing batch of 8 embeddings
2026-02-03 10:10:28,370 - Knowledge - INFO - process ingested knowledge for /app/data/T0002/210882/b3694rp/odoo-210882/addons/base_vat/partner.py
2026-02-03 10:10:28,374 - Knowledge - INFO - Worker kw16 processing /app/data/T0002/210882/b3694rp/odoo-210882/addons/account/wizard/wizard_invoice_state.py
2026-02-03 10:10:28,452 - Knowledge - INFO - Worker kw16 processing /app/data/T0002/210882/b3694rp/odoo-210882/addons/account/wizard/wizard_move_line_select.py
2026-02-03 10:10:28,556 - Knowledge - INFO - Worker kw16 processing /app/data/T0002/210882/b3694rp/odoo-210882/addons/account/wizard/wizard_use_model.py
2026-02-03 10:10:28,580 - Knowledge - INFO - Worker kw16 processing /app/data/T0002/210882/b3694rp/odoo-210882/addons/account/wizard/wizard_general_ledger_report.py
2026-02-03 10:10:28,662 - Knowledge - INFO - Worker kw16 processing /app/data/T0002/210882/b3694rp/odoo-210882/addons/account/wizard/wizard_vat.py
2026-02-03 10:10:28,736 - Knowledge - INFO - Worker kw16 processing /app/data/T0002/210882/b3694rp/odoo-210882/addons/account/wizard/wizard_journal.py
2026-02-03 10:10:28,964 - Knowledge - INFO - Fast-tracked /app/data/T0002/210882/b3694rp/odoo-210882/addons/account/wizard/wizard_invoice_state.py (small file (2037 bytes))
2026-02-03 10:10:29,268 - Knowledge - INFO - Fast-tracked /app/data/T0002/210882/b3694rp/odoo-210882/addons/account/wizard/wizard_move_line_select.py (small file (2810 bytes))
2026-02-03 10:10:30,168 - Knowledge - INFO - process ingested knowledge for /app/data/T0002/210882/b3694rp/odoo-210882/addons/sale/sale_sequence.xml
2026-02-03 10:10:30,171 - Knowledge - INFO - Async storing batch of 6 embeddings
2026-02-03 10:10:30,172 - Knowledge - INFO - Worker kw1 processing /app/data/T0002/210882/b3694rp/odoo-210882/addons/account/wizard/wizard_central_journal.py
2026-02-03 10:10:30,239 - Knowledge - INFO - Processing batch of 6 files
2026-02-03 10:10:30,250 - Knowledge - INFO - process ingested knowledge for /app/data/T0002/210882/b3694rp/odoo-210882/addons/account/account_invoice_workflow.xml
2026-02-03 10:10:30,267 - Knowledge - INFO - Worker kw1 processing /app/data/T0002/210882/b3694rp/odoo-210882/addons/account/wizard/wizard_reconcile_select.py
2026-02-03 10:10:31,255 - Knowledge - INFO - Fast-tracked /app/data/T0002/210882/b3694rp/odoo-210882/addons/account/wizard/wizard_vat.py (small file (2587 bytes))
2026-02-03 10:10:31,274 - Knowledge - INFO - Worker kw1 processing /app/data/T0002/210882/b3694rp/odoo-210882/addons/account/wizard/wizard_subscription_generate.py
2026-02-03 10:10:31,372 - Knowledge - INFO - Worker kw1 processing /app/data/T0002/210882/b3694rp/odoo-210882/addons/account/wizard/wizard_bank_reconcile.py
2026-02-03 10:10:31,446 - Knowledge - INFO - Worker kw1 processing /app/data/T0002/210882/b3694rp/odoo-210882/addons/account/wizard/wizard_print_journal.py
2026-02-03 10:10:31,637 - Knowledge - INFO - Worker kw1 processing /app/data/T0002/210882/b3694rp/odoo-210882/addons/account/wizard/wizard_account_duplicate.py
2026-02-03 10:10:31,853 - Knowledge - INFO - Fast-tracked /app/data/T0002/210882/b3694rp/odoo-210882/addons/account/wizard/wizard_central_journal.py (small file (2895 bytes))
2026-02-03 10:10:31,962 - Knowledge - INFO - Fast-tracked /app/data/T0002/210882/b3694rp/odoo-210882/addons/account/wizard/wizard_reconcile_select.py (small file (2261 bytes))
2026-02-03 10:10:31,969 - Knowledge - INFO - process ingested knowledge for /app/data/T0002/210882/b3694rp/odoo-210882/addons/project_gtd/wizard/project_gtd_empty.py
2026-02-03 10:10:32,050 - Knowledge - INFO - [kw18] Queue=387, InProgress=0, PendingWorkers=20/20, Completed=828/1263 (65.6%)
2026-02-03 10:10:32,060 - Knowledge - INFO - Async storage completed for 8 embeddings
2026-02-03 10:10:32,074 - Knowledge - INFO - process ingested knowledge for /app/data/T0002/210882/b3694rp/odoo-210882/addons/sale/sale_view.xml
2026-02-03 10:10:32,151 - Knowledge - INFO - Fast-tracked /app/data/T0002/210882/b3694rp/odoo-210882/addons/account/wizard/wizard_subscription_generate.py (small file (2286 bytes))
2026-02-03 10:10:32,247 - Knowledge - INFO - Batch sizing: calculated=6, max_allowed=10, queue=387, active_workers=20/20
2026-02-03 10:10:32,475 - Knowledge - INFO - Fast-tracked /app/data/T0002/210882/b3694rp/odoo-210882/addons/account/wizard/wizard_bank_reconcile.py (small file (2619 bytes))
2026-02-03 10:10:32,652 - Knowledge - INFO - Fast-tracked /app/data/T0002/210882/b3694rp/odoo-210882/addons/account/wizard/wizard_print_journal.py (small file (2918 bytes))
2026-02-03 10:10:32,843 - Knowledge - INFO - Fast-tracked /app/data/T0002/210882/b3694rp/odoo-210882/addons/account/wizard/wizard_account_duplicate.py (small file (2018 bytes))
2026-02-03 10:10:32,849 - Knowledge - INFO - Async storage completed for 6 embeddings
2026-02-03 10:10:33,567 - Knowledge - INFO - process ingested knowledge for /app/data/T0002/210882/b3694rp/odoo-210882/addons/sale/stock_view.xml
2026-02-03 10:10:33,657 - Knowledge - INFO - process ingested knowledge for /app/data/T0002/210882/b3694rp/odoo-210882/addons/sale/sale.py
2026-02-03 10:10:33,744 - Knowledge - INFO - [kw6] Queue=387, InProgress=0, PendingWorkers=20/20, Completed=829/1263 (65.6%)
2026-02-03 10:10:33,749 - Knowledge - INFO - [LLM_CALL] Completed: account_journal.py:chunk1, Duration: 37402ms, PromptTokens: 2622, CompletionTokens: 397, Cost: $0.00042
2026-02-03 10:10:33,750 - Knowledge - INFO - process ingested knowledge for /app/data/T0002/210882/b3694rp/odoo-210882/addons/project_gtd/wizard/project_gtd_daily.py
2026-02-03 10:10:33,750 - Knowledge - INFO - Batch sizing: calculated=6, max_allowed=10, queue=387, active_workers=20/20
2026-02-03 10:10:33,762 - Knowledge - INFO - process ingested knowledge for /app/data/T0002/210882/b3694rp/odoo-210882/addons/base_vat/__init__.py
2026-02-03 10:10:33,763 - Knowledge - INFO - done ingest for /app/data/T0002/210882/b3694rp/odoo-210882/addons/account/report/account_journal.py
2026-02-03 10:10:33,771 - Knowledge - INFO - Async storing batch of 6 embeddings
2026-02-03 10:10:33,844 - Knowledge - INFO - [kw8] Queue=381, InProgress=0, PendingWorkers=20/20, Completed=831/1263 (65.8%)
2026-02-03 10:10:33,846 - Knowledge - INFO - process ingested knowledge for /app/data/T0002/210882/b3694rp/odoo-210882/addons/account/sequence_view.xml
2026-02-03 10:10:33,857 - Knowledge - INFO - process ingested knowledge for /app/data/T0002/210882/b3694rp/odoo-210882/addons/sale/report/sale_prepare_allot.py
2026-02-03 10:10:33,964 - Knowledge - INFO - Worker kw18 processing /app/data/T0002/210882/b3694rp/odoo-210882/addons/account/wizard/wizard_unreconcile.py
2026-02-03 10:10:34,048 - Knowledge - INFO - Batch sizing: calculated=6, max_allowed=10, queue=381, active_workers=20/20
2026-02-03 10:10:34,143 - Knowledge - INFO - process ingested knowledge for /app/data/T0002/210882/b3694rp/odoo-210882/addons/sale/wizard/make_invoice_advance.py
2026-02-03 10:10:34,266 - Knowledge - INFO - Worker kw18 processing /app/data/T0002/210882/b3694rp/odoo-210882/addons/account/wizard/wizard_automatic_reconcile.py
2026-02-03 10:10:34,644 - Knowledge - INFO - Worker kw18 processing /app/data/T0002/210882/b3694rp/odoo-210882/addons/account/wizard/wizard_journal_select.py
2026-02-03 10:10:34,773 - Knowledge - INFO - Worker kw18 processing /app/data/T0002/210882/b3694rp/odoo-210882/addons/account/wizard/wizard_state_open.py
2026-02-03 10:10:34,962 - Knowledge - INFO - Worker kw18 processing /app/data/T0002/210882/b3694rp/odoo-210882/addons/account/wizard/wizard_account_chart.py
2026-02-03 10:10:35,058 - Knowledge - INFO - Worker kw18 processing /app/data/T0002/210882/b3694rp/odoo-210882/addons/account/wizard/wizard_pay_invoice.py
2026-02-03 10:10:35,280 - Knowledge - INFO - process ingested knowledge for /app/data/T0002/210882/b3694rp/odoo-210882/addons/project_gtd/project_gtd_demo.xml
2026-02-03 10:10:35,377 - Knowledge - INFO - [LLM_CALL] Completed: invoice.py:chunk2, Duration: 40407ms, PromptTokens: 18588, CompletionTokens: 1379, Cost: $0.00241
2026-02-03 10:10:36,272 - Knowledge - WARNING - Timeout processing /app/data/T0002/210882/b3694rp/odoo-210882/addons/account/invoice.py after 90s - using fallback metadata
2026-02-03 10:10:36,774 - Knowledge - INFO - Fast-tracked /app/data/T0002/210882/b3694rp/odoo-210882/addons/account/wizard/wizard_journal_select.py (small file (2042 bytes))
2026-02-03 10:10:36,936 - Knowledge - INFO - Fast-tracked /app/data/T0002/210882/b3694rp/odoo-210882/addons/account/wizard/wizard_state_open.py (small file (2229 bytes))
2026-02-03 10:10:36,968 - Knowledge - INFO - process ingested knowledge for /app/data/T0002/210882/b3694rp/odoo-210882/addons/account/account_invoice_view.xml
2026-02-03 10:10:36,974 - Knowledge - INFO - Async storing batch of 8 embeddings
2026-02-03 10:10:37,039 - Knowledge - INFO - process ingested knowledge for /app/data/T0002/210882/b3694rp/odoo-210882/addons/sale/report/order.py
2026-02-03 10:10:37,051 - Knowledge - INFO - process ingested knowledge for /app/data/T0002/210882/b3694rp/odoo-210882/addons/sale/wizard/make_invoice.py
2026-02-03 10:10:37,548 - Knowledge - INFO - Worker kw6 processing /app/data/T0002/210882/b3694rp/odoo-210882/addons/account/wizard/wizard_unreconcile_select.py
2026-02-03 10:10:37,757 - Knowledge - INFO - Async storage completed for 6 embeddings
2026-02-03 10:10:37,872 - Knowledge - INFO - Worker kw6 processing /app/data/T0002/210882/b3694rp/odoo-210882/addons/account/wizard/wizard_partner_balance_report.py
2026-02-03 10:10:38,243 - Knowledge - INFO - Worker kw6 processing /app/data/T0002/210882/b3694rp/odoo-210882/addons/account/wizard/wizard_third_party_ledger.py
2026-02-03 10:10:38,451 - Knowledge - INFO - Worker kw6 processing /app/data/T0002/210882/b3694rp/odoo-210882/addons/account/wizard/wizard_validate_account_move.py
2026-02-03 10:10:38,538 - Knowledge - INFO - Worker kw6 processing /app/data/T0002/210882/b3694rp/odoo-210882/addons/account/wizard/wizard_reconcile.py
2026-02-03 10:10:38,642 - Knowledge - INFO - Worker kw6 processing /app/data/T0002/210882/b3694rp/odoo-210882/addons/account/wizard/wizard_refund.py
2026-02-03 10:10:38,942 - Knowledge - INFO - Fast-tracked /app/data/T0002/210882/b3694rp/odoo-210882/addons/account/wizard/wizard_unreconcile_select.py (small file (2208 bytes))
2026-02-03 10:10:39,076 - Knowledge - INFO - process ingested knowledge for /app/data/T0002/210882/b3694rp/odoo-210882/addons/sale/sale_data.xml
2026-02-03 10:10:39,077 - Knowledge - INFO - process ingested knowledge for /app/data/T0002/210882/b3694rp/odoo-210882/addons/sale/stock.py
2026-02-03 10:10:39,138 - Knowledge - INFO - Async storing batch of 6 embeddings
2026-02-03 10:10:39,150 - Knowledge - INFO - process ingested knowledge for /app/data/T0002/210882/b3694rp/odoo-210882/addons/sale/report/__init__.py
2026-02-03 10:10:39,165 - Knowledge - INFO - process ingested knowledge for /app/data/T0002/210882/b3694rp/odoo-210882/addons/project_gtd/project_gtd_wizard.xml
2026-02-03 10:10:39,175 - Knowledge - INFO - Worker kw8 processing /app/data/T0002/210882/b3694rp/odoo-210882/addons/account/wizard/wizard_statement_from_invoice.py
2026-02-03 10:10:39,244 - Knowledge - INFO - [kw19] Queue=369, InProgress=0, PendingWorkers=20/20, Completed=839/1263 (66.4%)
2026-02-03 10:10:39,245 - Knowledge - INFO - process ingested knowledge for /app/data/T0002/210882/b3694rp/odoo-210882/addons/account/product_view.xml
2026-02-03 10:10:39,300 - Knowledge - INFO - Worker kw8 processing /app/data/T0002/210882/b3694rp/odoo-210882/addons/account/wizard/__init__.py
2026-02-03 10:10:39,391 - Knowledge - INFO - Batch sizing: calculated=6, max_allowed=10, queue=369, active_workers=20/20
2026-02-03 10:10:39,554 - Knowledge - INFO - Worker kw8 processing /app/data/T0002/210882/b3694rp/odoo-210882/addons/account/wizard/wizard_period_close.py
2026-02-03 10:10:39,685 - Knowledge - INFO - Worker kw8 processing /app/data/T0002/210882/b3694rp/odoo-210882/addons/account/wizard/wizard_fiscalyear_close_state.py
2026-02-03 10:10:39,861 - Knowledge - INFO - [LLM_CALL] Completed: central_journal.py:chunk1, Duration: 44102ms, PromptTokens: 2634, CompletionTokens: 413, Cost: $0.00043
2026-02-03 10:10:40,060 - Knowledge - INFO - Worker kw8 processing /app/data/T0002/210882/b3694rp/odoo-210882/addons/account/wizard/wizard_fiscalyear_close.py
2026-02-03 10:10:40,075 - Knowledge - INFO - done ingest for /app/data/T0002/210882/b3694rp/odoo-210882/addons/account/report/central_journal.py
2026-02-03 10:10:40,076 - Knowledge - INFO - [kw10] Queue=369, InProgress=0, PendingWorkers=20/20, Completed=841/1263 (66.6%)
2026-02-03 10:10:40,137 - Knowledge - INFO - process ingested knowledge for /app/data/T0002/210882/b3694rp/odoo-210882/addons/sale/__init__.py
2026-02-03 10:10:40,167 - Knowledge - INFO - Batch sizing: calculated=6, max_allowed=10, queue=369, active_workers=20/20
2026-02-03 10:10:40,238 - Knowledge - INFO - Worker kw8 processing /app/data/T0002/210882/b3694rp/odoo-210882/addons/account/wizard/wizard_general_journal.py
2026-02-03 10:10:40,254 - Knowledge - INFO - process ingested knowledge for /app/data/T0002/210882/b3694rp/odoo-210882/addons/account/data/account_invoice.xml
2026-02-03 10:10:40,738 - Knowledge - INFO - Processing batch of 8 files
2026-02-03 10:10:40,739 - Knowledge - INFO - process ingested knowledge for /app/data/T0002/210882/b3694rp/odoo-210882/addons/l10n_ch/__init__.py
2026-02-03 10:10:40,840 - Knowledge - INFO - Async storage completed for 8 embeddings
2026-02-03 10:10:41,065 - Knowledge - INFO - Fast-tracked /app/data/T0002/210882/b3694rp/odoo-210882/addons/account/wizard/__init__.py (small file (2099 bytes))
2026-02-03 10:10:41,249 - Knowledge - INFO - Fast-tracked /app/data/T0002/210882/b3694rp/odoo-210882/addons/account/wizard/wizard_period_close.py (small file (2080 bytes))
2026-02-03 10:10:41,347 - Knowledge - INFO - Fast-tracked /app/data/T0002/210882/b3694rp/odoo-210882/addons/account/wizard/wizard_fiscalyear_close_state.py (small file (2769 bytes))
2026-02-03 10:10:41,955 - Knowledge - INFO - Fast-tracked /app/data/T0002/210882/b3694rp/odoo-210882/addons/account/wizard/wizard_general_journal.py (small file (2901 bytes))
2026-02-03 10:10:41,962 - Knowledge - INFO - Async storage completed for 6 embeddings
2026-02-03 10:10:42,747 - Knowledge - INFO - Async storing batch of 8 embeddings
2026-02-03 10:10:43,356 - Knowledge - INFO - Worker kw19 processing /app/data/T0002/210882/b3694rp/odoo-210882/addons/account/account_move_line.py
2026-02-03 10:10:43,540 - Knowledge - INFO - Worker kw19 processing /app/data/T0002/210882/b3694rp/odoo-210882/addons/account/demo/account_minimal.xml
2026-02-03 10:10:44,059 - Knowledge - INFO - Fast-tracked /app/data/T0002/210882/b3694rp/odoo-210882/addons/account/demo/account_minimal.xml (ext=.xml, size=14254)
2026-02-03 10:10:44,065 - Knowledge - INFO - Worker kw19 processing /app/data/T0002/210882/b3694rp/odoo-210882/addons/account/partner_view.xml
2026-02-03 10:10:44,271 - Knowledge - INFO - Fast-tracked /app/data/T0002/210882/b3694rp/odoo-210882/addons/account/partner_view.xml (ext=.xml, size=6026)
2026-02-03 10:10:44,336 - Knowledge - INFO - Worker kw19 processing /app/data/T0002/210882/b3694rp/odoo-210882/addons/account/account_bank_statement.py
2026-02-03 10:10:44,355 - Knowledge - INFO - Worker kw19 processing /app/data/T0002/210882/b3694rp/odoo-210882/addons/account/partner.py
2026-02-03 10:10:44,671 - Knowledge - INFO - Worker kw19 processing /app/data/T0002/210882/b3694rp/odoo-210882/addons/account/project/project_view.xml
2026-02-03 10:10:44,841 - Knowledge - INFO - Fast-tracked /app/data/T0002/210882/b3694rp/odoo-210882/addons/account/project/project_view.xml (ext=.xml, size=19914)
2026-02-03 10:10:45,261 - Knowledge - INFO - process ingested knowledge for /app/data/T0002/210882/b3694rp/odoo-210882/addons/account/data/account_data2.xml
2026-02-03 10:10:47,245 - Knowledge - INFO - Async storage completed for 8 embeddings
2026-02-03 10:10:49,852 - Knowledge - INFO - Async storing batch of 8 embeddings
2026-02-03 10:10:49,962 - Knowledge - INFO - Worker kw10 processing /app/data/T0002/210882/b3694rp/odoo-210882/addons/account/project/analytic_account_demo.xml
2026-02-03 10:10:50,276 - Knowledge - INFO - Fast-tracked /app/data/T0002/210882/b3694rp/odoo-210882/addons/account/project/analytic_account_demo.xml (ext=.xml, size=11766)
2026-02-03 10:10:50,372 - Knowledge - INFO - Worker kw10 processing /app/data/T0002/210882/b3694rp/odoo-210882/addons/account/project/report/quantity_cost_ledger.py
2026-02-03 10:10:50,547 - Knowledge - INFO - Worker kw10 processing /app/data/T0002/210882/b3694rp/odoo-210882/addons/account/project/report/cost_ledger.py
2026-02-03 10:10:50,671 - Knowledge - INFO - Worker kw10 processing /app/data/T0002/210882/b3694rp/odoo-210882/addons/account/project/report/analytic_journal.py
2026-02-03 10:10:50,746 - Knowledge - INFO - Worker kw10 processing /app/data/T0002/210882/b3694rp/odoo-210882/addons/account/project/report/account_journal.py
2026-02-03 10:10:50,866 - Knowledge - INFO - Worker kw10 processing /app/data/T0002/210882/b3694rp/odoo-210882/addons/account/project/report/inverted_analytic_balance.py
2026-02-03 10:10:53,070 - Knowledge - INFO - [LLM_CALL] Completed: overdue.py:chunk1, Duration: 56330ms, PromptTokens: 2576, CompletionTokens: 479, Cost: $0.00045
2026-02-03 10:10:53,136 - Knowledge - INFO - done ingest for /app/data/T0002/210882/b3694rp/odoo-210882/addons/account/report/overdue.py
2026-02-03 10:10:53,167 - Knowledge - INFO - process ingested knowledge for /app/data/T0002/210882/b3694rp/odoo-210882/addons/l10n_ch/l10n_ch_report.xml
2026-02-03 10:10:53,237 - Knowledge - INFO - Processing batch of 6 files
2026-02-03 10:10:53,364 - Knowledge - INFO - Fast-tracked /app/data/T0002/210882/b3694rp/odoo-210882/addons/account/project/report/account_journal.py (small file (2137 bytes))
2026-02-03 10:10:53,464 - Knowledge - INFO - process ingested knowledge for /app/data/T0002/210882/b3694rp/odoo-210882/addons/account/account.py
2026-02-03 10:10:53,464 - Knowledge - INFO - Processing batch of 6 files
2026-02-03 10:10:53,565 - Knowledge - INFO - process ingested knowledge for /app/data/T0002/210882/b3694rp/odoo-210882/addons/account/test/invoice_basic_test.xml
2026-02-03 10:10:53,772 - Knowledge - INFO - Async storage completed for 8 embeddings
2026-02-03 10:10:55,665 - Knowledge - INFO - Processing batch of 6 files
2026-02-03 10:10:55,752 - Knowledge - INFO - process ingested knowledge for /app/data/T0002/210882/b3694rp/odoo-210882/addons/account/wizard/wizard_central_journal.py
2026-02-03 10:11:01,737 - Knowledge - INFO - process ingested knowledge for /app/data/T0002/210882/b3694rp/odoo-210882/addons/base_report_creator/base_report_creator_demo.xml
2026-02-03 10:11:01,960 - Knowledge - INFO - process ingested knowledge for /app/data/T0002/210882/b3694rp/odoo-210882/addons/account/account_wizard.xml
2026-02-03 10:11:02,043 - Knowledge - INFO - [LLM_CALL] Completed: wizard_account_balance_report.py:chunk1, Duration: 34498ms, PromptTokens: 4004, CompletionTokens: 365, Cost: $0.00055
2026-02-03 10:11:02,158 - Knowledge - INFO - process ingested knowledge for /app/data/T0002/210882/b3694rp/odoo-210882/addons/account/wizard/wizard_reconcile_select.py
2026-02-03 10:11:02,261 - Knowledge - INFO - done ingest for /app/data/T0002/210882/b3694rp/odoo-210882/addons/account/wizard/wizard_account_balance_report.py
2026-02-03 10:11:02,373 - Knowledge - INFO - [WEBSOCKET] Sent: Type=progress_update, Size: 293, Duration: 0ms
2026-02-03 10:11:02,670 - Knowledge - INFO - [WEBSOCKET] Sent: Type=unknown, Size: ?, Duration: 297ms
2026-02-03 10:11:02,837 - Knowledge - INFO - Progress: 67.5% | Files: 852/1263 | Rate: 1.04 files/sec | Queue: 357
2026-02-03 10:11:03,847 - Knowledge - INFO - [LLM_CALL] Completed: rml_parse.py:chunk1, Duration: 68795ms, PromptTokens: 3590, CompletionTokens: 634, Cost: $0.00061
2026-02-03 10:11:03,875 - Knowledge - INFO - done ingest for /app/data/T0002/210882/b3694rp/odoo-210882/addons/account/report/rml_parse.py
2026-02-03 10:11:06,668 - Knowledge - INFO - process ingested knowledge for /app/data/T0002/210882/b3694rp/odoo-210882/addons/base_report_creator/base_report_creator_wizard.xml
2026-02-03 10:11:11,255 - Knowledge - INFO - process ingested knowledge for /app/data/T0002/210882/b3694rp/odoo-210882/addons/account/wizard/wizard_subscription_generate.py
2026-02-03 10:11:11,536 - Knowledge - INFO - [kw4] Queue=357, InProgress=0, PendingWorkers=20/20, Completed=852/1263 (67.5%)
2026-02-03 10:11:11,544 - Knowledge - INFO - process ingested knowledge for /app/data/T0002/210882/b3694rp/odoo-210882/addons/account/company_view.xml
2026-02-03 10:11:11,638 - Knowledge - INFO - Batch sizing: calculated=6, max_allowed=10, queue=357, active_workers=20/20
2026-02-03 10:11:13,374 - Knowledge - INFO - process ingested knowledge for /app/data/T0002/210882/b3694rp/odoo-210882/addons/base_report_creator/base_report_creator.py
2026-02-03 10:11:13,551 - Knowledge - INFO - [LLM_CALL] Completed: wizard_aged_trial_balance.py:chunk1, Duration: 46280ms, PromptTokens: 3096, CompletionTokens: 370, Cost: $0.00046
2026-02-03 10:11:13,644 - Knowledge - INFO - done ingest for /app/data/T0002/210882/b3694rp/odoo-210882/addons/account/wizard/wizard_aged_trial_balance.py
2026-02-03 10:11:17,537 - Knowledge - INFO - process ingested knowledge for /app/data/T0002/210882/b3694rp/odoo-210882/addons/account/wizard/wizard_bank_reconcile.py
2026-02-03 10:11:17,554 - Knowledge - INFO - [kw11] Queue=357, InProgress=0, PendingWorkers=20/20, Completed=853/1263 (67.5%)
2026-02-03 10:11:17,655 - Knowledge - INFO - process ingested knowledge for /app/data/T0002/210882/b3694rp/odoo-210882/addons/account/account_end_fy.xml
2026-02-03 10:11:17,857 - Knowledge - INFO - Batch sizing: calculated=6, max_allowed=10, queue=357, active_workers=20/20
2026-02-03 10:11:19,176 - Knowledge - INFO - [LLM_CALL] Completed: wizard_statement_from_invoice.py:chunk1, Duration: 38414ms, PromptTokens: 4242, CompletionTokens: 314, Cost: $0.00055
2026-02-03 10:11:19,177 - Knowledge - INFO - done ingest for /app/data/T0002/210882/b3694rp/odoo-210882/addons/account/wizard/wizard_statement_from_invoice.py
2026-02-03 10:11:20,145 - Knowledge - INFO - [LLM_CALL] Completed: company.py:chunk1, Duration: 53290ms, PromptTokens: 2652, CompletionTokens: 421, Cost: $0.00043
2026-02-03 10:11:20,252 - Knowledge - INFO - done ingest for /app/data/T0002/210882/b3694rp/odoo-210882/addons/account/company.py
2026-02-03 10:11:21,669 - Knowledge - INFO - [LLM_CALL] Completed: wizard_automatic_reconcile.py:chunk1, Duration: 45505ms, PromptTokens: 6548, CompletionTokens: 285, Cost: $0.00077
2026-02-03 10:11:21,738 - Knowledge - INFO - done ingest for /app/data/T0002/210882/b3694rp/odoo-210882/addons/account/wizard/wizard_automatic_reconcile.py
2026-02-03 10:11:22,965 - Knowledge - INFO - process ingested knowledge for /app/data/T0002/210882/b3694rp/odoo-210882/addons/account/account_assert_test.xml
2026-02-03 10:11:24,369 - Knowledge - INFO - process ingested knowledge for /app/data/T0002/210882/b3694rp/odoo-210882/addons/account/wizard/wizard_print_journal.py
2026-02-03 10:11:24,448 - Knowledge - INFO - process ingested knowledge for /app/data/T0002/210882/b3694rp/odoo-210882/addons/account/security/account_security.xml
2026-02-03 10:11:24,645 - Knowledge - INFO - Async storing batch of 6 embeddings
2026-02-03 10:11:24,862 - Knowledge - INFO - Worker kw11 processing /app/data/T0002/210882/b3694rp/odoo-210882/addons/account/project/report/analytic_balance.py
2026-02-03 10:11:24,969 - Knowledge - INFO - Worker kw11 processing /app/data/T0002/210882/b3694rp/odoo-210882/addons/account/project/report/analytic_check.py
2026-02-03 10:11:25,136 - Knowledge - INFO - Worker kw11 processing /app/data/T0002/210882/b3694rp/odoo-210882/addons/account/project/report/__init__.py
2026-02-03 10:11:25,643 - Knowledge - INFO - Fast-tracked /app/data/T0002/210882/b3694rp/odoo-210882/addons/account/project/report/__init__.py (ext=.py, size=1209)
2026-02-03 10:11:25,643 - Knowledge - INFO - Worker kw11 processing /app/data/T0002/210882/b3694rp/odoo-210882/addons/account/project/project_demo.xml
2026-02-03 10:11:25,944 - Knowledge - INFO - Fast-tracked /app/data/T0002/210882/b3694rp/odoo-210882/addons/account/project/project_demo.xml (ext=.xml, size=763)
2026-02-03 10:11:25,950 - Knowledge - INFO - Worker kw11 processing /app/data/T0002/210882/b3694rp/odoo-210882/addons/account/project/project.py
2026-02-03 10:11:25,983 - Knowledge - INFO - Worker kw11 processing /app/data/T0002/210882/b3694rp/odoo-210882/addons/account/project/project_report.xml
2026-02-03 10:11:26,151 - Knowledge - INFO - Fast-tracked /app/data/T0002/210882/b3694rp/odoo-210882/addons/account/project/project_report.xml (ext=.xml, size=2814)
2026-02-03 10:11:26,863 - Knowledge - INFO - [LLM_CALL] Completed: wizard_use_model.py:chunk1, Duration: 57418ms, PromptTokens: 3198, CompletionTokens: 450, Cost: $0.00050
2026-02-03 10:11:27,154 - Knowledge - INFO - done ingest for /app/data/T0002/210882/b3694rp/odoo-210882/addons/account/wizard/wizard_use_model.py
2026-02-03 10:11:29,068 - Knowledge - INFO - [LLM_CALL] Completed: wizard_fiscalyear_close.py:chunk1, Duration: 47532ms, PromptTokens: 7024, CompletionTokens: 457, Cost: $0.00089
2026-02-03 10:11:29,074 - Knowledge - INFO - done ingest for /app/data/T0002/210882/b3694rp/odoo-210882/addons/account/wizard/wizard_fiscalyear_close.py
2026-02-03 10:11:29,675 - Knowledge - INFO - Async storage completed for 6 embeddings
2026-02-03 10:11:29,863 - Knowledge - INFO - Async storing batch of 6 embeddings
2026-02-03 10:11:29,875 - Knowledge - INFO - process ingested knowledge for /app/data/T0002/210882/b3694rp/odoo-210882/addons/account/report/partner_balance.py
2026-02-03 10:11:30,243 - Knowledge - INFO - Worker kw4 processing /app/data/T0002/210882/b3694rp/odoo-210882/addons/account/project/wizard/wizard_account_analytic_balance_report.py
2026-02-03 10:11:30,265 - Knowledge - INFO - Worker kw4 processing /app/data/T0002/210882/b3694rp/odoo-210882/addons/account/project/wizard/wizard_account_analytic_inverted_balance_report.py
2026-02-03 10:11:30,459 - Knowledge - INFO - Fast-tracked /app/data/T0002/210882/b3694rp/odoo-210882/addons/account/project/wizard/wizard_account_analytic_inverted_balance_report.py (ext=.py, size=1962)
2026-02-03 10:11:30,459 - Knowledge - INFO - Worker kw4 processing /app/data/T0002/210882/b3694rp/odoo-210882/addons/account/project/wizard/wizard_analytic_account_chart.py
2026-02-03 10:11:30,643 - Knowledge - INFO - Worker kw4 processing /app/data/T0002/210882/b3694rp/odoo-210882/addons/account/project/wizard/wizard_account_analytic_analytic_check.py
2026-02-03 10:11:30,753 - Knowledge - INFO - [LLM_CALL] Completed: wizard_journal.py:chunk1, Duration: 59208ms, PromptTokens: 2712, CompletionTokens: 383, Cost: $0.00042
2026-02-03 10:11:30,754 - Knowledge - INFO - done ingest for /app/data/T0002/210882/b3694rp/odoo-210882/addons/account/wizard/wizard_journal.py
2026-02-03 10:11:30,754 - Knowledge - INFO - Fast-tracked /app/data/T0002/210882/b3694rp/odoo-210882/addons/account/project/wizard/wizard_account_analytic_analytic_check.py (ext=.py, size=1958)
2026-02-03 10:11:30,866 - Knowledge - INFO - Worker kw4 processing /app/data/T0002/210882/b3694rp/odoo-210882/addons/account/project/wizard/wizard_account_analytic_cost_ledger_for_journal_report.py
2026-02-03 10:11:31,051 - Knowledge - INFO - Worker kw4 processing /app/data/T0002/210882/b3694rp/odoo-210882/addons/account/project/wizard/wizard_account_analytic_journal_report.py
2026-02-03 10:11:31,148 - Knowledge - INFO - process ingested knowledge for /app/data/T0002/210882/b3694rp/odoo-210882/addons/account/wizard/wizard_account_duplicate.py
2026-02-03 10:11:31,237 - Knowledge - INFO - Fast-tracked /app/data/T0002/210882/b3694rp/odoo-210882/addons/account/project/wizard/wizard_account_analytic_journal_report.py (ext=.py, size=1945)
2026-02-03 10:11:31,542 - Knowledge - INFO - Fast-tracked /app/data/T0002/210882/b3694rp/odoo-210882/addons/account/project/wizard/wizard_account_analytic_balance_report.py (small file (2110 bytes))
2026-02-03 10:11:31,674 - Knowledge - INFO - Fast-tracked /app/data/T0002/210882/b3694rp/odoo-210882/addons/account/project/wizard/wizard_analytic_account_chart.py (small file (3009 bytes))
2026-02-03 10:11:31,844 - Knowledge - INFO - Fast-tracked /app/data/T0002/210882/b3694rp/odoo-210882/addons/account/project/wizard/wizard_account_analytic_cost_ledger_for_journal_report.py (small file (2403 bytes))
2026-02-03 10:11:31,851 - Knowledge - INFO - Async storage completed for 6 embeddings
2026-02-03 10:11:32,437 - Knowledge - INFO - process ingested knowledge for /app/data/T0002/210882/b3694rp/odoo-210882/addons/account/product.py
2026-02-03 10:11:32,755 - Knowledge - INFO - [LLM_CALL] Completed: account_balance.py:chunk1, Duration: 82612ms, PromptTokens: 3646, CompletionTokens: 546, Cost: $0.00058
2026-02-03 10:11:32,756 - Knowledge - INFO - done ingest for /app/data/T0002/210882/b3694rp/odoo-210882/addons/account/report/account_balance.py
2026-02-03 10:11:33,641 - Knowledge - INFO - process ingested knowledge for /app/data/T0002/210882/b3694rp/odoo-210882/addons/account/report/aged_trial_balance.py
2026-02-03 10:11:33,753 - Knowledge - INFO - process ingested knowledge for /app/data/T0002/210882/b3694rp/odoo-210882/addons/base_report_creator/__terp__.py
2026-02-03 10:11:35,267 - Knowledge - INFO - [kw7] Queue=345, InProgress=0, PendingWorkers=20/20, Completed=859/1263 (68.0%)
2026-02-03 10:11:35,361 - Knowledge - INFO - Batch sizing: calculated=6, max_allowed=10, queue=345, active_workers=20/20
2026-02-03 10:11:35,368 - Knowledge - INFO - process ingested knowledge for /app/data/T0002/210882/b3694rp/odoo-210882/addons/account/report/transfer.xml
2026-02-03 10:11:35,447 - Knowledge - INFO - process ingested knowledge for /app/data/T0002/210882/b3694rp/odoo-210882/addons/account/invoice.py
2026-02-03 10:11:35,638 - Knowledge - INFO - [kw12] Queue=345, InProgress=0, PendingWorkers=20/20, Completed=862/1263 (68.3%)
2026-02-03 10:11:35,639 - Knowledge - INFO - Batch sizing: calculated=6, max_allowed=10, queue=345, active_workers=20/20
2026-02-03 10:11:35,849 - Knowledge - INFO - [kw2] Queue=345, InProgress=0, PendingWorkers=20/20, Completed=862/1263 (68.3%)
2026-02-03 10:11:35,855 - Knowledge - INFO - Batch sizing: calculated=6, max_allowed=10, queue=345, active_workers=20/20
2026-02-03 10:11:35,941 - Knowledge - INFO - process ingested knowledge for /app/data/T0002/210882/b3694rp/odoo-210882/addons/base_report_creator/base_report_creator_view.xml
2026-02-03 10:11:35,952 - Knowledge - INFO - [kw20] Queue=345, InProgress=0, PendingWorkers=20/20, Completed=862/1263 (68.3%)
2026-02-03 10:11:35,954 - Knowledge - INFO - Async storing batch of 6 embeddings
2026-02-03 10:11:36,167 - Knowledge - INFO - Batch sizing: calculated=6, max_allowed=10, queue=345, active_workers=20/20
2026-02-03 10:11:36,463 - Knowledge - INFO - Worker kw12 processing /app/data/T0002/210882/b3694rp/odoo-210882/addons/account/project/wizard/wizard_account_analytic_cost_ledger_report.py
2026-02-03 10:11:36,574 - Knowledge - INFO - Fast-tracked /app/data/T0002/210882/b3694rp/odoo-210882/addons/account/project/wizard/wizard_account_analytic_cost_ledger_report.py (ext=.py, size=1950)
2026-02-03 10:11:36,673 - Knowledge - INFO - Worker kw12 processing /app/data/T0002/210882/b3694rp/odoo-210882/addons/account/project/wizard/__init__.py
2026-02-03 10:11:37,048 - Knowledge - INFO - Fast-tracked /app/data/T0002/210882/b3694rp/odoo-210882/addons/account/project/wizard/__init__.py (ext=.py, size=1437)
2026-02-03 10:11:37,065 - Knowledge - INFO - Worker kw12 processing /app/data/T0002/210882/b3694rp/odoo-210882/addons/account/project/wizard/wizard_account_analytic_line.py
2026-02-03 10:11:37,153 - Knowledge - INFO - Worker kw12 processing /app/data/T0002/210882/b3694rp/odoo-210882/addons/account/project/__init__.py
2026-02-03 10:11:37,177 - Knowledge - INFO - Fast-tracked /app/data/T0002/210882/b3694rp/odoo-210882/addons/account/project/__init__.py (ext=.py, size=1103)
2026-02-03 10:11:37,242 - Knowledge - INFO - Worker kw12 processing /app/data/T0002/210882/b3694rp/odoo-210882/addons/account/__init__.py
2026-02-03 10:11:37,267 - Knowledge - INFO - Fast-tracked /app/data/T0002/210882/b3694rp/odoo-210882/addons/account/__init__.py (ext=.py, size=1275)
2026-02-03 10:11:37,339 - Knowledge - INFO - Worker kw12 processing /app/data/T0002/210882/b3694rp/odoo-210882/addons/account/account_report.xml
2026-02-03 10:11:37,370 - Knowledge - INFO - Fast-tracked /app/data/T0002/210882/b3694rp/odoo-210882/addons/account/account_report.xml (ext=.xml, size=4193)
2026-02-03 10:11:37,547 - Knowledge - INFO - [LLM_CALL] Completed: wizard_general_ledger_report.py:chunk1, Duration: 67584ms, PromptTokens: 4592, CompletionTokens: 424, Cost: $0.00063
2026-02-03 10:11:37,570 - Knowledge - INFO - done ingest for /app/data/T0002/210882/b3694rp/odoo-210882/addons/account/wizard/wizard_general_ledger_report.py
2026-02-03 10:11:37,576 - Knowledge - INFO - Fast-tracked /app/data/T0002/210882/b3694rp/odoo-210882/addons/account/project/wizard/wizard_account_analytic_line.py (small file (2819 bytes))
2026-02-03 10:11:37,644 - Knowledge - INFO - Async storage completed for 6 embeddings
2026-02-03 10:11:38,039 - Knowledge - INFO - [LLM_CALL] Completed: wizard_account_chart.py:chunk1, Duration: 60981ms, PromptTokens: 2388, CompletionTokens: 427, Cost: $0.00041
2026-02-03 10:11:38,046 - Knowledge - INFO - done ingest for /app/data/T0002/210882/b3694rp/odoo-210882/addons/account/wizard/wizard_account_chart.py
2026-02-03 10:11:38,447 - Knowledge - INFO - Async storing batch of 6 embeddings
2026-02-03 10:11:38,547 - Knowledge - INFO - Worker kw7 processing /app/data/T0002/210882/b3694rp/odoo-210882/addons/account/account_analytic_line.py
2026-02-03 10:11:38,755 - Knowledge - INFO - Worker kw7 processing /app/data/T0002/210882/b3694rp/odoo-210882/addons/account/process/statement_process.xml
2026-02-03 10:11:38,768 - Knowledge - INFO - Fast-tracked /app/data/T0002/210882/b3694rp/odoo-210882/addons/account/process/statement_process.xml (ext=.xml, size=5468)
2026-02-03 10:11:38,774 - Knowledge - INFO - Worker kw7 processing /app/data/T0002/210882/b3694rp/odoo-210882/addons/account/process/supplier_invoice_process.xml
2026-02-03 10:11:38,839 - Knowledge - INFO - Fast-tracked /app/data/T0002/210882/b3694rp/odoo-210882/addons/account/process/supplier_invoice_process.xml (ext=.xml, size=11515)
2026-02-03 10:11:38,852 - Knowledge - INFO - Worker kw7 processing /app/data/T0002/210882/b3694rp/odoo-210882/addons/account/process/customer_invoice_process.xml
2026-02-03 10:11:39,050 - Knowledge - INFO - Fast-tracked /app/data/T0002/210882/b3694rp/odoo-210882/addons/account/process/customer_invoice_process.xml (ext=.xml, size=13639)
2026-02-03 10:11:39,060 - Knowledge - INFO - Worker kw7 processing /app/data/T0002/210882/b3694rp/odoo-210882/addons/account/account_menuitem.xml
2026-02-03 10:11:39,166 - Knowledge - INFO - Fast-tracked /app/data/T0002/210882/b3694rp/odoo-210882/addons/account/account_menuitem.xml (ext=.xml, size=1602)
2026-02-03 10:11:39,169 - Knowledge - INFO - Worker kw7 processing /app/data/T0002/210882/b3694rp/odoo-210882/addons/report_crm/report_crm.py
2026-02-03 10:11:40,386 - Knowledge - INFO - Async storage completed for 6 embeddings
2026-02-03 10:11:40,669 - Knowledge - INFO - process ingested knowledge for /app/data/T0002/210882/b3694rp/odoo-210882/addons/base_report_creator/wizard/report_menu_create.py
2026-02-03 10:11:40,754 - Knowledge - INFO - [kw13] Queue=333, InProgress=0, PendingWorkers=20/20, Completed=865/1263 (68.5%)
2026-02-03 10:11:40,771 - Knowledge - INFO - Batch sizing: calculated=6, max_allowed=10, queue=333, active_workers=20/20
2026-02-03 10:11:41,554 - Knowledge - INFO - [LLM_CALL] Completed: wizard_unreconcile.py:chunk1, Duration: 66012ms, PromptTokens: 2388, CompletionTokens: 361, Cost: $0.00038
2026-02-03 10:11:41,554 - Knowledge - INFO - done ingest for /app/data/T0002/210882/b3694rp/odoo-210882/addons/account/wizard/wizard_unreconcile.py
2026-02-03 10:11:42,438 - Knowledge - INFO - Async storing batch of 6 embeddings
2026-02-03 10:11:43,668 - Knowledge - INFO - Worker kw2 processing /app/data/T0002/210882/b3694rp/odoo-210882/addons/report_crm/report_crm_view.xml
2026-02-03 10:11:43,867 - Knowledge - INFO - Fast-tracked /app/data/T0002/210882/b3694rp/odoo-210882/addons/report_crm/report_crm_view.xml (ext=.xml, size=13021)
2026-02-03 10:11:43,973 - Knowledge - INFO - Worker kw2 processing /app/data/T0002/210882/b3694rp/odoo-210882/addons/report_crm/__terp__.py
2026-02-03 10:11:44,252 - Knowledge - INFO - Fast-tracked /app/data/T0002/210882/b3694rp/odoo-210882/addons/report_crm/__terp__.py (ext=.py, size=1570)
2026-02-03 10:11:44,261 - Knowledge - INFO - Worker kw2 processing /app/data/T0002/210882/b3694rp/odoo-210882/addons/report_crm/__init__.py
2026-02-03 10:11:44,664 - Knowledge - INFO - Fast-tracked /app/data/T0002/210882/b3694rp/odoo-210882/addons/report_crm/__init__.py (ext=.py, size=1077)
2026-02-03 10:11:44,765 - Knowledge - INFO - Worker kw2 processing /app/data/T0002/210882/b3694rp/odoo-210882/addons/stock_no_autopicking/stock_no_autopicking.py
2026-02-03 10:11:44,858 - Knowledge - INFO - Fast-tracked /app/data/T0002/210882/b3694rp/odoo-210882/addons/stock_no_autopicking/stock_no_autopicking.py (ext=.py, size=1549)
2026-02-03 10:11:44,937 - Knowledge - INFO - Worker kw2 processing /app/data/T0002/210882/b3694rp/odoo-210882/addons/stock_no_autopicking/stock_no_autopicking_view.xml
2026-02-03 10:11:45,247 - Knowledge - INFO - Fast-tracked /app/data/T0002/210882/b3694rp/odoo-210882/addons/stock_no_autopicking/stock_no_autopicking_view.xml (ext=.xml, size=493)
2026-02-03 10:11:45,452 - Knowledge - INFO - Worker kw2 processing /app/data/T0002/210882/b3694rp/odoo-210882/addons/stock_no_autopicking/__terp__.py
2026-02-03 10:11:45,669 - Knowledge - INFO - Fast-tracked /app/data/T0002/210882/b3694rp/odoo-210882/addons/stock_no_autopicking/__terp__.py (ext=.py, size=1792)
2026-02-03 10:11:45,748 - Knowledge - INFO - Async storage completed for 6 embeddings
2026-02-03 10:11:45,867 - Knowledge - INFO - Async storing batch of 6 embeddings
2026-02-03 10:11:45,950 - Knowledge - INFO - Async storing batch of 6 embeddings
2026-02-03 10:11:46,236 - Knowledge - INFO - Processing batch of 6 files
2026-02-03 10:11:46,248 - Knowledge - INFO - Worker kw20 processing /app/data/T0002/210882/b3694rp/odoo-210882/addons/stock_no_autopicking/__init__.py
2026-02-03 10:11:46,462 - Knowledge - INFO - process ingested knowledge for /app/data/T0002/210882/b3694rp/odoo-210882/addons/account/report/invoice.py
2026-02-03 10:11:46,677 - Knowledge - INFO - Fast-tracked /app/data/T0002/210882/b3694rp/odoo-210882/addons/stock_no_autopicking/__init__.py (ext=.py, size=1086)
2026-02-03 10:11:46,743 - Knowledge - INFO - Worker kw20 processing /app/data/T0002/210882/b3694rp/odoo-210882/addons/document_ics/document_view.xml
2026-02-03 10:11:46,765 - Knowledge - INFO - Worker kw13 processing /app/data/T0002/210882/b3694rp/odoo-210882/addons/document_ics/document_ics_config_wizard.py
2026-02-03 10:11:47,058 - Knowledge - INFO - Fast-tracked /app/data/T0002/210882/b3694rp/odoo-210882/addons/document_ics/document_view.xml (ext=.xml, size=2030)
2026-02-03 10:11:47,148 - Knowledge - INFO - Worker kw13 processing /app/data/T0002/210882/b3694rp/odoo-210882/addons/document_ics/__init__.py
2026-02-03 10:11:47,157 - Knowledge - INFO - Worker kw20 processing /app/data/T0002/210882/b3694rp/odoo-210882/addons/document_ics/document_demo.xml
2026-02-03 10:11:47,460 - Knowledge - INFO - Fast-tracked /app/data/T0002/210882/b3694rp/odoo-210882/addons/document_ics/document_demo.xml (ext=.xml, size=2369)
2026-02-03 10:11:47,547 - Knowledge - INFO - Worker kw20 processing /app/data/T0002/210882/b3694rp/odoo-210882/addons/document_ics/document.py
2026-02-03 10:11:47,564 - Knowledge - INFO - Fast-tracked /app/data/T0002/210882/b3694rp/odoo-210882/addons/document_ics/__init__.py (ext=.py, size=1107)
2026-02-03 10:11:47,636 - Knowledge - INFO - Worker kw13 processing /app/data/T0002/210882/b3694rp/odoo-210882/addons/document_ics/document_data.xml
2026-02-03 10:11:47,643 - Knowledge - INFO - Worker kw20 processing /app/data/T0002/210882/b3694rp/odoo-210882/addons/document_ics/__terp__.py
2026-02-03 10:11:47,858 - Knowledge - INFO - Fast-tracked /app/data/T0002/210882/b3694rp/odoo-210882/addons/document_ics/document_data.xml (ext=.xml, size=699)
2026-02-03 10:11:47,858 - Knowledge - INFO - Worker kw13 processing /app/data/T0002/210882/b3694rp/odoo-210882/addons/profile_association/profile_association.py
2026-02-03 10:11:47,960 - Knowledge - INFO - Worker kw13 processing /app/data/T0002/210882/b3694rp/odoo-210882/addons/profile_association/profile_association.xml
2026-02-03 10:11:48,054 - Knowledge - INFO - Fast-tracked /app/data/T0002/210882/b3694rp/odoo-210882/addons/document_ics/__terp__.py (ext=.py, size=1657)
2026-02-03 10:11:48,175 - Knowledge - INFO - Worker kw20 processing /app/data/T0002/210882/b3694rp/odoo-210882/addons/document_ics/document_ics_config_wizard.xml
2026-02-03 10:11:48,272 - Knowledge - INFO - Fast-tracked /app/data/T0002/210882/b3694rp/odoo-210882/addons/document_ics/document_ics_config_wizard.xml (ext=.xml, size=2281)
2026-02-03 10:11:48,370 - Knowledge - INFO - Fast-tracked /app/data/T0002/210882/b3694rp/odoo-210882/addons/profile_association/profile_association.xml (ext=.xml, size=2381)
2026-02-03 10:11:48,450 - Knowledge - INFO - Worker kw13 processing /app/data/T0002/210882/b3694rp/odoo-210882/addons/profile_association/__terp__.py
2026-02-03 10:11:48,662 - Knowledge - INFO - Fast-tracked /app/data/T0002/210882/b3694rp/odoo-210882/addons/profile_association/__terp__.py (ext=.py, size=1450)
2026-02-03 10:11:49,349 - Knowledge - INFO - Async storage completed for 6 embeddings
2026-02-03 10:11:49,871 - Knowledge - INFO - [LLM_CALL] Completed: partner.py:chunk1, Duration: 62835ms, PromptTokens: 4520, CompletionTokens: 533, Cost: $0.00067
2026-02-03 10:11:49,968 - Knowledge - INFO - done ingest for /app/data/T0002/210882/b3694rp/odoo-210882/addons/account/partner.py
2026-02-03 10:11:50,450 - Knowledge - INFO - Async storage completed for 6 embeddings
2026-02-03 10:11:52,942 - Knowledge - INFO - process ingested knowledge for /app/data/T0002/210882/b3694rp/odoo-210882/addons/account/report/rml_parse.py
2026-02-03 10:11:56,451 - Knowledge - INFO - Processing batch of 6 files
2026-02-03 10:11:56,457 - Knowledge - INFO - process ingested knowledge for /app/data/T0002/210882/b3694rp/odoo-210882/addons/account/wizard/wizard_statement_from_invoice.py
2026-02-03 10:11:56,563 - Knowledge - INFO - Processing batch of 6 files
2026-02-03 10:11:56,750 - Knowledge - INFO - process ingested knowledge for /app/data/T0002/210882/b3694rp/odoo-210882/addons/account/account_view.xml
2026-02-03 10:11:58,063 - Knowledge - INFO - [LLM_CALL] Completed: general_ledger.py:chunk1, Duration: 107201ms, PromptTokens: 7946, CompletionTokens: 950, Cost: $0.00117
2026-02-03 10:11:58,248 - Knowledge - INFO - done ingest for /app/data/T0002/210882/b3694rp/odoo-210882/addons/account/report/general_ledger.py
2026-02-03 10:11:59,857 - Knowledge - INFO - process ingested knowledge for /app/data/T0002/210882/b3694rp/odoo-210882/addons/account/report/central_journal.py
2026-02-03 10:12:02,461 - Knowledge - INFO - [LLM_CALL] Completed: quantity_cost_ledger.py:chunk1, Duration: 71101ms, PromptTokens: 3608, CompletionTokens: 410, Cost: $0.00052
2026-02-03 10:12:02,561 - Knowledge - INFO - done ingest for /app/data/T0002/210882/b3694rp/odoo-210882/addons/account/project/report/quantity_cost_ledger.py
2026-02-03 10:12:02,562 - Knowledge - INFO - process ingested knowledge for /app/data/T0002/210882/b3694rp/odoo-210882/addons/account/wizard/__init__.py
2026-02-03 10:12:02,766 - Knowledge - INFO - process ingested knowledge for /app/data/T0002/210882/b3694rp/odoo-210882/addons/account/company.py
2026-02-03 10:12:04,975 - Knowledge - INFO - process ingested knowledge for /app/data/T0002/210882/b3694rp/odoo-210882/addons/account/report/account_tax_code.py
2026-02-03 10:12:06,357 - Knowledge - INFO - [LLM_CALL] Completed: wizard_pay_invoice.py:chunk1, Duration: 88784ms, PromptTokens: 5182, CompletionTokens: 424, Cost: $0.00069
2026-02-03 10:12:06,358 - Knowledge - INFO - done ingest for /app/data/T0002/210882/b3694rp/odoo-210882/addons/account/wizard/wizard_pay_invoice.py
2026-02-03 10:12:06,640 - Knowledge - INFO - [LLM_CALL] Completed: wizard_partner_balance_report.py:chunk1, Duration: 87602ms, PromptTokens: 3616, CompletionTokens: 356, Cost: $0.00050
2026-02-03 10:12:06,640 - Knowledge - INFO - done ingest for /app/data/T0002/210882/b3694rp/odoo-210882/addons/account/wizard/wizard_partner_balance_report.py
2026-02-03 10:12:09,459 - Knowledge - INFO - process ingested knowledge for /app/data/T0002/210882/b3694rp/odoo-210882/addons/account/wizard/wizard_period_close.py
2026-02-03 10:12:10,943 - Knowledge - INFO - Processing batch of 6 files
2026-02-03 10:12:10,943 - Knowledge - INFO - process ingested knowledge for /app/data/T0002/210882/b3694rp/odoo-210882/addons/account/project/wizard/wizard_account_analytic_balance_report.py
2026-02-03 10:12:11,778 - Knowledge - INFO - process ingested knowledge for /app/data/T0002/210882/b3694rp/odoo-210882/addons/account/report/account_journal.py
2026-02-03 10:12:15,677 - Knowledge - INFO - [LLM_CALL] Completed: wizard_validate_account_move.py:chunk1, Duration: 95910ms, PromptTokens: 2536, CompletionTokens: 346, Cost: $0.00039
2026-02-03 10:12:15,749 - Knowledge - INFO - done ingest for /app/data/T0002/210882/b3694rp/odoo-210882/addons/account/wizard/wizard_validate_account_move.py
2026-02-03 10:12:15,751 - Knowledge - INFO - process ingested knowledge for /app/data/T0002/210882/b3694rp/odoo-210882/addons/account/__terp__.py
2026-02-03 10:12:15,761 - Knowledge - INFO - process ingested knowledge for /app/data/T0002/210882/b3694rp/odoo-210882/addons/account/wizard/wizard_fiscalyear_close_state.py
2026-02-03 10:12:15,771 - Knowledge - INFO - process ingested knowledge for /app/data/T0002/210882/b3694rp/odoo-210882/addons/account/project/wizard/wizard_account_analytic_inverted_balance_report.py
2026-02-03 10:12:15,857 - Knowledge - INFO - process ingested knowledge for /app/data/T0002/210882/b3694rp/odoo-210882/addons/account/report/overdue.py
2026-02-03 10:12:19,465 - Knowledge - INFO - process ingested knowledge for /app/data/T0002/210882/b3694rp/odoo-210882/addons/account/wizard/wizard_aged_trial_balance.py
2026-02-03 10:12:21,237 - Knowledge - INFO - process ingested knowledge for /app/data/T0002/210882/b3694rp/odoo-210882/addons/account/wizard/wizard_fiscalyear_close.py
2026-02-03 10:12:24,674 - Knowledge - INFO - [WEBSOCKET] Sent: Type=progress_update, Size: 294, Duration: 0ms
2026-02-03 10:12:24,776 - Knowledge - INFO - [WEBSOCKET] Sent: Type=unknown, Size: ?, Duration: 102ms
2026-02-03 10:12:24,777 - Knowledge - INFO - process ingested knowledge for /app/data/T0002/210882/b3694rp/odoo-210882/addons/account/wizard/wizard_account_balance_report.py
2026-02-03 10:12:24,847 - Knowledge - INFO - Progress: 70.6% | Files: 893/1263 | Rate: 0.99 files/sec | Queue: 315
2026-02-03 10:12:24,971 - Knowledge - INFO - process ingested knowledge for /app/data/T0002/210882/b3694rp/odoo-210882/addons/account/project/wizard/wizard_analytic_account_chart.py
2026-02-03 10:12:25,036 - Knowledge - INFO - [kw5] Queue=315, InProgress=0, PendingWorkers=20/20, Completed=894/1263 (70.8%)
2026-02-03 10:12:25,137 - Knowledge - INFO - Batch sizing: calculated=6, max_allowed=10, queue=315, active_workers=20/20
2026-02-03 10:12:25,164 - Knowledge - INFO - [kw1] Queue=315, InProgress=0, PendingWorkers=20/20, Completed=895/1263 (70.9%)
2026-02-03 10:12:25,244 - Knowledge - INFO - process ingested knowledge for /app/data/T0002/210882/b3694rp/odoo-210882/addons/account/wizard/wizard_general_journal.py
2026-02-03 10:12:25,346 - Knowledge - INFO - Batch sizing: calculated=6, max_allowed=10, queue=315, active_workers=20/20
2026-02-03 10:12:25,347 - Knowledge - INFO - [kw3] Queue=315, InProgress=0, PendingWorkers=20/20, Completed=895/1263 (70.9%)
2026-02-03 10:12:25,374 - Knowledge - INFO - Batch sizing: calculated=6, max_allowed=10, queue=315, active_workers=20/20
2026-02-03 10:12:25,449 - Knowledge - INFO - Processing batch of 6 files
2026-02-03 10:12:25,449 - Knowledge - INFO - process ingested knowledge for /app/data/T0002/210882/b3694rp/odoo-210882/addons/report_crm/report_crm_view.xml
2026-02-03 10:12:25,450 - Knowledge - INFO - process ingested knowledge for /app/data/T0002/210882/b3694rp/odoo-210882/addons/account/wizard/wizard_open_closed_fiscalyear.py
2026-02-03 10:12:25,478 - Knowledge - INFO - process ingested knowledge for /app/data/T0002/210882/b3694rp/odoo-210882/addons/account/project/wizard/wizard_account_analytic_analytic_check.py
2026-02-03 10:12:25,765 - Knowledge - INFO - Processing batch of 6 files
2026-02-03 10:12:25,942 - Knowledge - INFO - process ingested knowledge for /app/data/T0002/210882/b3694rp/odoo-210882/addons/account/wizard/wizard_invoice_state.py
2026-02-03 10:12:27,245 - Knowledge - INFO - [LLM_CALL] Completed: wizard_third_party_ledger.py:chunk1, Duration: 107680ms, PromptTokens: 4260, CompletionTokens: 446, Cost: $0.00060
2026-02-03 10:12:27,336 - Knowledge - INFO - done ingest for /app/data/T0002/210882/b3694rp/odoo-210882/addons/account/wizard/wizard_third_party_ledger.py
2026-02-03 10:12:28,037 - Knowledge - INFO - Async storing batch of 6 embeddings
2026-02-03 10:12:28,077 - Knowledge - INFO - Async storing batch of 6 embeddings
2026-02-03 10:12:28,154 - Knowledge - INFO - Worker kw3 processing /app/data/T0002/210882/b3694rp/odoo-210882/addons/profile_association/__init__.py
2026-02-03 10:12:28,157 - Knowledge - INFO - process ingested knowledge for /app/data/T0002/210882/b3694rp/odoo-210882/addons/report_crm/__terp__.py
2026-02-03 10:12:28,339 - Knowledge - INFO - Fast-tracked /app/data/T0002/210882/b3694rp/odoo-210882/addons/profile_association/__init__.py (ext=.py, size=1084)
2026-02-03 10:12:28,340 - Knowledge - INFO - Worker kw3 processing /app/data/T0002/210882/b3694rp/odoo-210882/addons/hr_timesheet_invoice/hr_timesheet_invoice_demo.xml
2026-02-03 10:12:28,346 - Knowledge - INFO - Processing batch of 6 files
2026-02-03 10:12:28,372 - Knowledge - INFO - Fast-tracked /app/data/T0002/210882/b3694rp/odoo-210882/addons/hr_timesheet_invoice/hr_timesheet_invoice_demo.xml (ext=.xml, size=1430)
2026-02-03 10:12:28,452 - Knowledge - INFO - process ingested knowledge for /app/data/T0002/210882/b3694rp/odoo-210882/addons/account/project/wizard/wizard_account_analytic_cost_ledger_report.py
2026-02-03 10:12:28,475 - Knowledge - INFO - Worker kw3 processing /app/data/T0002/210882/b3694rp/odoo-210882/addons/hr_timesheet_invoice/hr_timesheet_invoice.py
2026-02-03 10:12:28,651 - Knowledge - INFO - Worker kw3 processing /app/data/T0002/210882/b3694rp/odoo-210882/addons/hr_timesheet_invoice/report/cost_ledger.py
2026-02-03 10:12:28,744 - Knowledge - INFO - process ingested knowledge for /app/data/T0002/210882/b3694rp/odoo-210882/addons/account/project/wizard/wizard_account_analytic_cost_ledger_for_journal_report.py
2026-02-03 10:12:28,746 - Knowledge - INFO - Worker kw3 processing /app/data/T0002/210882/b3694rp/odoo-210882/addons/hr_timesheet_invoice/report/account_analytic_profit.py
2026-02-03 10:12:28,778 - Knowledge - INFO - Worker kw5 processing /app/data/T0002/210882/b3694rp/odoo-210882/addons/hr_timesheet_invoice/hr_timesheet_invoice_wizard.xml
2026-02-03 10:12:28,836 - Knowledge - INFO - Async storing batch of 6 embeddings
2026-02-03 10:12:29,370 - Knowledge - INFO - Fast-tracked /app/data/T0002/210882/b3694rp/odoo-210882/addons/hr_timesheet_invoice/hr_timesheet_invoice_wizard.xml (ext=.xml, size=394)
2026-02-03 10:12:29,470 - Knowledge - INFO - Worker kw1 processing /app/data/T0002/210882/b3694rp/odoo-210882/addons/hr_timesheet_invoice/wizard/__init__.py
2026-02-03 10:12:29,538 - Knowledge - INFO - Worker kw3 processing /app/data/T0002/210882/b3694rp/odoo-210882/addons/hr_timesheet_invoice/report/__init__.py
2026-02-03 10:12:29,553 - Knowledge - INFO - Worker kw5 processing /app/data/T0002/210882/b3694rp/odoo-210882/addons/hr_timesheet_invoice/hr_timesheet_invoice_view.xml
2026-02-03 10:12:29,864 - Knowledge - INFO - Fast-tracked /app/data/T0002/210882/b3694rp/odoo-210882/addons/hr_timesheet_invoice/report/__init__.py (ext=.py, size=1109)
2026-02-03 10:12:29,874 - Knowledge - INFO - Fast-tracked /app/data/T0002/210882/b3694rp/odoo-210882/addons/hr_timesheet_invoice/wizard/__init__.py (ext=.py, size=1216)
2026-02-03 10:12:29,974 - Knowledge - INFO - Fast-tracked /app/data/T0002/210882/b3694rp/odoo-210882/addons/hr_timesheet_invoice/hr_timesheet_invoice_view.xml (ext=.xml, size=10738)
2026-02-03 10:12:30,352 - Knowledge - INFO - [LLM_CALL] Completed: profile_association.py:chunk1, Duration: 40503ms, PromptTokens: 2242, CompletionTokens: 280, Cost: $0.00034
2026-02-03 10:12:30,376 - Knowledge - INFO - Worker kw1 processing /app/data/T0002/210882/b3694rp/odoo-210882/addons/hr_timesheet_invoice/wizard/hr_timesheet_invoice_create.py
2026-02-03 10:12:30,466 - Knowledge - INFO - Worker kw5 processing /app/data/T0002/210882/b3694rp/odoo-210882/addons/hr_timesheet_invoice/__terp__.py
2026-02-03 10:12:30,662 - Knowledge - INFO - Fast-tracked /app/data/T0002/210882/b3694rp/odoo-210882/addons/hr_timesheet_invoice/__terp__.py (ext=.py, size=1820)
2026-02-03 10:12:30,752 - Knowledge - INFO - done ingest for /app/data/T0002/210882/b3694rp/odoo-210882/addons/profile_association/profile_association.py
2026-02-03 10:12:30,854 - Knowledge - INFO - Worker kw5 processing /app/data/T0002/210882/b3694rp/odoo-210882/addons/hr_timesheet_invoice/wizard/hr_timesheet_final_invoice_create.py
2026-02-03 10:12:30,947 - Knowledge - INFO - Worker kw1 processing /app/data/T0002/210882/b3694rp/odoo-210882/addons/hr_timesheet_invoice/__init__.py
2026-02-03 10:12:31,042 - Knowledge - INFO - Worker kw5 processing /app/data/T0002/210882/b3694rp/odoo-210882/addons/hr_timesheet_invoice/wizard/wizard_account_analytic_cost_ledger_report.py
2026-02-03 10:12:31,151 - Knowledge - INFO - process ingested knowledge for /app/data/T0002/210882/b3694rp/odoo-210882/addons/report_crm/__init__.py
2026-02-03 10:12:31,458 - Knowledge - INFO - Fast-tracked /app/data/T0002/210882/b3694rp/odoo-210882/addons/hr_timesheet_invoice/__init__.py (ext=.py, size=1115)
2026-02-03 10:12:31,464 - Knowledge - INFO - Fast-tracked /app/data/T0002/210882/b3694rp/odoo-210882/addons/hr_timesheet_invoice/wizard/wizard_account_analytic_cost_ledger_report.py (ext=.py, size=1993)
2026-02-03 10:12:31,838 - Knowledge - INFO - Worker kw1 processing /app/data/T0002/210882/b3694rp/odoo-210882/addons/hr_timesheet_invoice/hr_timesheet_invoice_report.xml
2026-02-03 10:12:31,874 - Knowledge - INFO - Worker kw5 processing /app/data/T0002/210882/b3694rp/odoo-210882/addons/hr_timesheet_invoice/wizard/account_analytic_profit.py
2026-02-03 10:12:32,550 - Knowledge - INFO - [LLM_CALL] Completed: document.py:chunk1, Duration: 43791ms, PromptTokens: 4466, CompletionTokens: 550, Cost: $0.00067
2026-02-03 10:12:32,648 - Knowledge - INFO - Fast-tracked /app/data/T0002/210882/b3694rp/odoo-210882/addons/hr_timesheet_invoice/hr_timesheet_invoice_report.xml (ext=.xml, size=1320)
2026-02-03 10:12:33,142 - Knowledge - INFO - done ingest for /app/data/T0002/210882/b3694rp/odoo-210882/addons/document_ics/document.py
2026-02-03 10:12:33,458 - Knowledge - INFO - process ingested knowledge for /app/data/T0002/210882/b3694rp/odoo-210882/addons/account/wizard/wizard_move_line_select.py
2026-02-03 10:12:33,537 - Knowledge - INFO - Worker kw1 processing /app/data/T0002/210882/b3694rp/odoo-210882/addons/report_timesheet/report_timesheet_view.xml
2026-02-03 10:12:34,049 - Knowledge - INFO - Fast-tracked /app/data/T0002/210882/b3694rp/odoo-210882/addons/report_timesheet/report_timesheet_view.xml (ext=.xml, size=16465)
2026-02-03 10:12:34,079 - Knowledge - INFO - Async storage completed for 6 embeddings
2026-02-03 10:12:34,471 - Knowledge - INFO - Worker kw1 processing /app/data/T0002/210882/b3694rp/odoo-210882/addons/report_timesheet/report_timesheet.py
2026-02-03 10:12:35,058 - Knowledge - INFO - Async storage completed for 6 embeddings
2026-02-03 10:12:35,163 - Knowledge - INFO - process ingested knowledge for /app/data/T0002/210882/b3694rp/odoo-210882/addons/account/project/wizard/wizard_account_analytic_journal_report.py
2026-02-03 10:12:35,275 - Knowledge - INFO - process ingested knowledge for /app/data/T0002/210882/b3694rp/odoo-210882/addons/account/project/wizard/__init__.py
2026-02-03 10:12:38,265 - Knowledge - INFO - Async storage completed for 6 embeddings
2026-02-03 10:12:40,775 - Knowledge - INFO - process ingested knowledge for /app/data/T0002/210882/b3694rp/odoo-210882/addons/stock_no_autopicking/stock_no_autopicking.py
2026-02-03 10:12:42,145 - Knowledge - INFO - process ingested knowledge for /app/data/T0002/210882/b3694rp/odoo-210882/addons/account/wizard/wizard_use_model.py
2026-02-03 10:12:42,438 - Knowledge - INFO - [LLM_CALL] Completed: document_ics_config_wizard.py:chunk1, Duration: 53283ms, PromptTokens: 3564, CompletionTokens: 373, Cost: $0.00051
2026-02-03 10:12:42,459 - Knowledge - INFO - done ingest for /app/data/T0002/210882/b3694rp/odoo-210882/addons/document_ics/document_ics_config_wizard.py
2026-02-03 10:12:43,238 - Knowledge - INFO - [LLM_CALL] Completed: inverted_analytic_balance.py:chunk1, Duration: 109501ms, PromptTokens: 3548, CompletionTokens: 477, Cost: $0.00055
2026-02-03 10:12:43,239 - Knowledge - INFO - done ingest for /app/data/T0002/210882/b3694rp/odoo-210882/addons/account/project/report/inverted_analytic_balance.py
2026-02-03 10:12:43,869 - Knowledge - INFO - process ingested knowledge for /app/data/T0002/210882/b3694rp/odoo-210882/addons/stock_no_autopicking/stock_no_autopicking_view.xml
2026-02-03 10:12:43,946 - Knowledge - INFO - process ingested knowledge for /app/data/T0002/210882/b3694rp/odoo-210882/addons/account/project/wizard/wizard_account_analytic_line.py
2026-02-03 10:12:45,642 - Knowledge - INFO - process ingested knowledge for /app/data/T0002/210882/b3694rp/odoo-210882/addons/account/wizard/wizard_general_ledger_report.py
2026-02-03 10:12:47,562 - Knowledge - INFO - [LLM_CALL] Completed: analytic_journal.py:chunk1, Duration: 114619ms, PromptTokens: 2350, CompletionTokens: 502, Cost: $0.00044
2026-02-03 10:12:47,566 - Knowledge - INFO - done ingest for /app/data/T0002/210882/b3694rp/odoo-210882/addons/account/project/report/analytic_journal.py
2026-02-03 10:12:47,940 - Knowledge - INFO - [LLM_CALL] Completed: report_crm.py:chunk1, Duration: 67778ms, PromptTokens: 5228, CompletionTokens: 405, Cost: $0.00068
2026-02-03 10:12:47,940 - Knowledge - INFO - done ingest for /app/data/T0002/210882/b3694rp/odoo-210882/addons/report_crm/report_crm.py
2026-02-03 10:12:48,345 - Knowledge - INFO - [LLM_CALL] Completed: wizard_reconcile.py:chunk1, Duration: 128205ms, PromptTokens: 3936, CompletionTokens: 501, Cost: $0.00059
2026-02-03 10:12:48,443 - Knowledge - INFO - done ingest for /app/data/T0002/210882/b3694rp/odoo-210882/addons/account/wizard/wizard_reconcile.py
2026-02-03 10:12:48,767 - Knowledge - INFO - [LLM_CALL] Completed: third_party_ledger.py:chunk1, Duration: 158291ms, PromptTokens: 9466, CompletionTokens: 920, Cost: $0.00131
2026-02-03 10:12:48,842 - Knowledge - INFO - done ingest for /app/data/T0002/210882/b3694rp/odoo-210882/addons/account/report/third_party_ledger.py
2026-02-03 10:12:49,463 - Knowledge - INFO - [LLM_CALL] Completed: analytic_check.py:chunk1, Duration: 80919ms, PromptTokens: 2872, CompletionTokens: 464, Cost: $0.00047
2026-02-03 10:12:49,464 - Knowledge - INFO - done ingest for /app/data/T0002/210882/b3694rp/odoo-210882/addons/account/project/report/analytic_check.py
2026-02-03 10:12:49,576 - Knowledge - INFO - process ingested knowledge for /app/data/T0002/210882/b3694rp/odoo-210882/addons/stock_no_autopicking/__terp__.py
2026-02-03 10:12:49,663 - Knowledge - INFO - process ingested knowledge for /app/data/T0002/210882/b3694rp/odoo-210882/addons/account/project/__init__.py
2026-02-03 10:12:49,744 - Knowledge - INFO - [kw15] Queue=297, InProgress=0, PendingWorkers=20/20, Completed=902/1263 (71.4%)
2026-02-03 10:12:49,836 - Knowledge - INFO - Batch sizing: calculated=6, max_allowed=10, queue=297, active_workers=20/20
2026-02-03 10:12:51,350 - Knowledge - INFO - [LLM_CALL] Completed: account_bank_statement.py:chunk1, Duration: 125082ms, PromptTokens: 13176, CompletionTokens: 1030, Cost: $0.00173
2026-02-03 10:12:51,559 - Knowledge - INFO - done ingest for /app/data/T0002/210882/b3694rp/odoo-210882/addons/account/account_bank_statement.py
2026-02-03 10:12:52,063 - Knowledge - INFO - [LLM_CALL] Completed: wizard_refund.py:chunk1, Duration: 131496ms, PromptTokens: 5236, CompletionTokens: 482, Cost: $0.00072
2026-02-03 10:12:52,268 - Knowledge - INFO - done ingest for /app/data/T0002/210882/b3694rp/odoo-210882/addons/account/wizard/wizard_refund.py
2026-02-03 10:12:52,655 - Knowledge - INFO - [LLM_CALL] Completed: account_analytic_line.py:chunk1, Duration: 73216ms, PromptTokens: 3682, CompletionTokens: 556, Cost: $0.00059
2026-02-03 10:12:52,661 - Knowledge - INFO - done ingest for /app/data/T0002/210882/b3694rp/odoo-210882/addons/account/account_analytic_line.py
2026-02-03 10:12:55,064 - Knowledge - INFO - [LLM_CALL] Completed: cost_ledger.py:chunk1, Duration: 23110ms, PromptTokens: 3640, CompletionTokens: 525, Cost: $0.00057
2026-02-03 10:12:55,170 - Knowledge - INFO - done ingest for /app/data/T0002/210882/b3694rp/odoo-210882/addons/account/project/report/cost_ledger.py
2026-02-03 10:12:55,254 - Knowledge - INFO - [LLM_CALL] Completed: analytic_balance.py:chunk1, Duration: 87986ms, PromptTokens: 4112, CompletionTokens: 546, Cost: $0.00063
2026-02-03 10:12:55,364 - Knowledge - INFO - done ingest for /app/data/T0002/210882/b3694rp/odoo-210882/addons/account/project/report/analytic_balance.py
2026-02-03 10:12:55,956 - Knowledge - INFO - [LLM_CALL] Completed: general_journal.py:chunk1, Duration: 164798ms, PromptTokens: 3988, CompletionTokens: 509, Cost: $0.00060
2026-02-03 10:12:55,972 - Knowledge - INFO - done ingest for /app/data/T0002/210882/b3694rp/odoo-210882/addons/account/report/general_journal.py
2026-02-03 10:12:57,461 - Knowledge - INFO - process ingested knowledge for /app/data/T0002/210882/b3694rp/odoo-210882/addons/account/wizard/wizard_vat.py
2026-02-03 10:12:59,971 - Knowledge - INFO - Processing batch of 6 files
2026-02-03 10:13:00,080 - Knowledge - INFO - process ingested knowledge for /app/data/T0002/210882/b3694rp/odoo-210882/addons/account/wizard/wizard_unreconcile.py
2026-02-03 10:13:00,541 - Knowledge - INFO - [LLM_CALL] Completed: tax_report.py:chunk1, Duration: 168880ms, PromptTokens: 4930, CompletionTokens: 588, Cost: $0.00073
2026-02-03 10:13:00,561 - Knowledge - INFO - done ingest for /app/data/T0002/210882/b3694rp/odoo-210882/addons/account/report/tax_report.py
2026-02-03 10:13:01,646 - Knowledge - INFO - [LLM_CALL] Completed: project.py:chunk1, Duration: 92204ms, PromptTokens: 7596, CompletionTokens: 659, Cost: $0.00102
2026-02-03 10:13:01,649 - Knowledge - INFO - done ingest for /app/data/T0002/210882/b3694rp/odoo-210882/addons/account/project/project.py
2026-02-03 10:13:02,542 - Knowledge - INFO - Async storing batch of 8 embeddings
2026-02-03 10:13:02,548 - Knowledge - INFO - Worker kw15 processing /app/data/T0002/210882/b3694rp/odoo-210882/addons/report_timesheet/__terp__.py
2026-02-03 10:13:02,573 - Knowledge - INFO - Fast-tracked /app/data/T0002/210882/b3694rp/odoo-210882/addons/report_timesheet/__terp__.py (ext=.py, size=1630)
2026-02-03 10:13:02,577 - Knowledge - INFO - Worker kw15 processing /app/data/T0002/210882/b3694rp/odoo-210882/addons/report_timesheet/__init__.py
2026-02-03 10:13:02,652 - Knowledge - INFO - Fast-tracked /app/data/T0002/210882/b3694rp/odoo-210882/addons/report_timesheet/__init__.py (ext=.py, size=1083)
2026-02-03 10:13:02,667 - Knowledge - INFO - Worker kw15 processing /app/data/T0002/210882/b3694rp/odoo-210882/addons/sale_delivery_report/report/shipping.py
2026-02-03 10:13:02,674 - Knowledge - INFO - Worker kw15 processing /app/data/T0002/210882/b3694rp/odoo-210882/addons/sale_delivery_report/report/__init__.py
2026-02-03 10:13:02,764 - Knowledge - INFO - Fast-tracked /app/data/T0002/210882/b3694rp/odoo-210882/addons/sale_delivery_report/report/__init__.py (ext=.py, size=1074)
2026-02-03 10:13:02,773 - Knowledge - INFO - Worker kw15 processing /app/data/T0002/210882/b3694rp/odoo-210882/addons/sale_delivery_report/delivery_report.xml
2026-02-03 10:13:02,948 - Knowledge - INFO - Fast-tracked /app/data/T0002/210882/b3694rp/odoo-210882/addons/sale_delivery_report/delivery_report.xml (ext=.xml, size=299)
2026-02-03 10:13:02,949 - Knowledge - INFO - Worker kw15 processing /app/data/T0002/210882/b3694rp/odoo-210882/addons/sale_delivery_report/__terp__.py
2026-02-03 10:13:02,960 - Knowledge - INFO - Fast-tracked /app/data/T0002/210882/b3694rp/odoo-210882/addons/sale_delivery_report/__terp__.py (ext=.py, size=1478)
2026-02-03 10:13:03,638 - Knowledge - INFO - Async storage completed for 8 embeddings
2026-02-03 10:13:04,382 - Knowledge - INFO - process ingested knowledge for /app/data/T0002/210882/b3694rp/odoo-210882/addons/account/wizard/wizard_automatic_reconcile.py
2026-02-03 10:13:04,446 - Knowledge - INFO - process ingested knowledge for /app/data/T0002/210882/b3694rp/odoo-210882/addons/account/__init__.py
2026-02-03 10:13:04,455 - Knowledge - INFO - [kw14] Queue=291, InProgress=0, PendingWorkers=20/20, Completed=909/1263 (72.0%)
2026-02-03 10:13:04,462 - Knowledge - INFO - Processing batch of 6 files
2026-02-03 10:13:04,462 - Knowledge - INFO - Batch sizing: calculated=6, max_allowed=10, queue=291, active_workers=20/20
2026-02-03 10:13:04,548 - Knowledge - INFO - process ingested knowledge for /app/data/T0002/210882/b3694rp/odoo-210882/addons/stock_no_autopicking/__init__.py
2026-02-03 10:13:05,979 - Knowledge - INFO - process ingested knowledge for /app/data/T0002/210882/b3694rp/odoo-210882/addons/account/wizard/wizard_journal.py
2026-02-03 10:13:08,142 - Knowledge - INFO - process ingested knowledge for /app/data/T0002/210882/b3694rp/odoo-210882/addons/account/wizard/wizard_journal_select.py
2026-02-03 10:13:08,264 - Knowledge - INFO - process ingested knowledge for /app/data/T0002/210882/b3694rp/odoo-210882/addons/account/account_report.xml
2026-02-03 10:13:08,439 - Knowledge - INFO - Async storing batch of 6 embeddings
2026-02-03 10:13:09,037 - Knowledge - INFO - Worker kw14 processing /app/data/T0002/210882/b3694rp/odoo-210882/addons/sale_delivery_report/__init__.py
2026-02-03 10:13:09,258 - Knowledge - INFO - Fast-tracked /app/data/T0002/210882/b3694rp/odoo-210882/addons/sale_delivery_report/__init__.py (ext=.py, size=1072)
2026-02-03 10:13:09,263 - Knowledge - INFO - Worker kw14 processing /app/data/T0002/210882/b3694rp/odoo-210882/addons/idea/security/idea_security.xml
2026-02-03 10:13:09,558 - Knowledge - INFO - Fast-tracked /app/data/T0002/210882/b3694rp/odoo-210882/addons/idea/security/idea_security.xml (ext=.xml, size=335)
2026-02-03 10:13:09,563 - Knowledge - INFO - Worker kw14 processing /app/data/T0002/210882/b3694rp/odoo-210882/addons/idea/idea_workflow.xml
2026-02-03 10:13:09,659 - Knowledge - INFO - Fast-tracked /app/data/T0002/210882/b3694rp/odoo-210882/addons/idea/idea_workflow.xml (ext=.xml, size=2677)
2026-02-03 10:13:10,778 - Knowledge - INFO - Worker kw14 processing /app/data/T0002/210882/b3694rp/odoo-210882/addons/idea/idea_view.xml
2026-02-03 10:13:10,951 - Knowledge - INFO - Fast-tracked /app/data/T0002/210882/b3694rp/odoo-210882/addons/idea/idea_view.xml (ext=.xml, size=12160)
2026-02-03 10:13:10,952 - Knowledge - INFO - Worker kw14 processing /app/data/T0002/210882/b3694rp/odoo-210882/addons/idea/idea.py
2026-02-03 10:13:11,047 - Knowledge - INFO - Worker kw14 processing /app/data/T0002/210882/b3694rp/odoo-210882/addons/idea/__terp__.py
2026-02-03 10:13:11,154 - Knowledge - INFO - Fast-tracked /app/data/T0002/210882/b3694rp/odoo-210882/addons/idea/__terp__.py (ext=.py, size=1934)
2026-02-03 10:13:11,871 - Knowledge - INFO - Async storage completed for 6 embeddings
2026-02-03 10:13:12,240 - Knowledge - INFO - process ingested knowledge for /app/data/T0002/210882/b3694rp/odoo-210882/addons/account/wizard/wizard_state_open.py
2026-02-03 10:13:12,259 - Knowledge - INFO - process ingested knowledge for /app/data/T0002/210882/b3694rp/odoo-210882/addons/document_ics/document_view.xml
2026-02-03 10:13:12,940 - Knowledge - INFO - [LLM_CALL] Completed: hr_timesheet_final_invoice_create.py:chunk1, Duration: 39395ms, PromptTokens: 4646, CompletionTokens: 433, Cost: $0.00064
2026-02-03 10:13:12,948 - Knowledge - INFO - done ingest for /app/data/T0002/210882/b3694rp/odoo-210882/addons/hr_timesheet_invoice/wizard/hr_timesheet_final_invoice_create.py
2026-02-03 10:13:17,639 - Knowledge - INFO - process ingested knowledge for /app/data/T0002/210882/b3694rp/odoo-210882/addons/account/wizard/wizard_account_chart.py
2026-02-03 10:13:17,848 - Knowledge - INFO - process ingested knowledge for /app/data/T0002/210882/b3694rp/odoo-210882/addons/document_ics/document_demo.xml
2026-02-03 10:13:17,973 - Knowledge - INFO - [LLM_CALL] Completed: shipping.py:chunk1, Duration: 14623ms, PromptTokens: 2488, CompletionTokens: 253, Cost: $0.00035
2026-02-03 10:13:18,047 - Knowledge - INFO - done ingest for /app/data/T0002/210882/b3694rp/odoo-210882/addons/sale_delivery_report/report/shipping.py
2026-02-03 10:13:18,844 - Knowledge - INFO - [LLM_CALL] Completed: report_timesheet.py:chunk1, Duration: 41394ms, PromptTokens: 5102, CompletionTokens: 437, Cost: $0.00068
2026-02-03 10:13:18,850 - Knowledge - INFO - done ingest for /app/data/T0002/210882/b3694rp/odoo-210882/addons/report_timesheet/report_timesheet.py
2026-02-03 10:13:18,851 - Knowledge - INFO - [LLM_CALL] Completed: account_move_line.py:chunk1, Duration: 153509ms, PromptTokens: 23640, CompletionTokens: 1266, Cost: $0.00287
2026-02-03 10:13:18,877 - Knowledge - INFO - done ingest for /app/data/T0002/210882/b3694rp/odoo-210882/addons/account/account_move_line.py
2026-02-03 10:13:18,950 - Knowledge - INFO - [LLM_CALL] Completed: account_analytic_profit.py:chunk1, Duration: 44688ms, PromptTokens: 2342, CompletionTokens: 354, Cost: $0.00038
2026-02-03 10:13:18,950 - Knowledge - INFO - done ingest for /app/data/T0002/210882/b3694rp/odoo-210882/addons/hr_timesheet_invoice/wizard/account_analytic_profit.py
2026-02-03 10:13:22,260 - Knowledge - INFO - [WEBSOCKET] Sent: Type=progress_update, Size: 293, Duration: 0ms
2026-02-03 10:13:22,271 - Knowledge - INFO - process ingested knowledge for /app/data/T0002/210882/b3694rp/odoo-210882/addons/account/wizard/wizard_pay_invoice.py
2026-02-03 10:13:22,370 - Knowledge - INFO - [WEBSOCKET] Sent: Type=unknown, Size: ?, Duration: 110ms
2026-02-03 10:13:22,373 - Knowledge - INFO - Progress: 73.4% | Files: 932/1263 | Rate: 0.97 files/sec | Queue: 285
2026-02-03 10:13:22,374 - Knowledge - INFO - [LLM_CALL] Completed: hr_timesheet_invoice_create.py:chunk1, Duration: 46019ms, PromptTokens: 5868, CompletionTokens: 519, Cost: $0.00079
2026-02-03 10:13:22,374 - Knowledge - INFO - done ingest for /app/data/T0002/210882/b3694rp/odoo-210882/addons/hr_timesheet_invoice/wizard/hr_timesheet_invoice_create.py
2026-02-03 10:13:22,537 - Knowledge - INFO - Processing batch of 6 files
2026-02-03 10:13:22,537 - Knowledge - INFO - process ingested knowledge for /app/data/T0002/210882/b3694rp/odoo-210882/addons/account/account_analytic_line.py
2026-02-03 10:13:23,566 - Knowledge - INFO - Processing batch of 6 files
2026-02-03 10:13:23,636 - Knowledge - INFO - process ingested knowledge for /app/data/T0002/210882/b3694rp/odoo-210882/addons/document_ics/document_ics_config_wizard.py
2026-02-03 10:13:24,147 - Knowledge - INFO - process ingested knowledge for /app/data/T0002/210882/b3694rp/odoo-210882/addons/document_ics/document.py
2026-02-03 10:13:24,258 - Knowledge - INFO - [kw9] Queue=285, InProgress=0, PendingWorkers=20/20, Completed=940/1263 (74.4%)
2026-02-03 10:13:24,261 - Knowledge - INFO - Batch sizing: calculated=6, max_allowed=10, queue=285, active_workers=20/20
2026-02-03 10:13:25,554 - Knowledge - INFO - process ingested knowledge for /app/data/T0002/210882/b3694rp/odoo-210882/addons/account/process/statement_process.xml
2026-02-03 10:13:25,640 - Knowledge - INFO - [kw4] Queue=285, InProgress=0, PendingWorkers=20/20, Completed=942/1263 (74.6%)
2026-02-03 10:13:25,647 - Knowledge - INFO - process ingested knowledge for /app/data/T0002/210882/b3694rp/odoo-210882/addons/document_ics/__init__.py
2026-02-03 10:13:25,648 - Knowledge - INFO - Batch sizing: calculated=6, max_allowed=10, queue=285, active_workers=20/20
2026-02-03 10:13:25,750 - Knowledge - INFO - [kw8] Queue=285, InProgress=0, PendingWorkers=20/20, Completed=942/1263 (74.6%)
2026-02-03 10:13:25,843 - Knowledge - INFO - Batch sizing: calculated=6, max_allowed=10, queue=285, active_workers=20/20
2026-02-03 10:13:26,469 - Knowledge - INFO - Processing batch of 6 files
2026-02-03 10:13:26,538 - Knowledge - INFO - process ingested knowledge for /app/data/T0002/210882/b3694rp/odoo-210882/addons/account/project/report/analytic_balance.py
2026-02-03 10:13:26,646 - Knowledge - INFO - process ingested knowledge for /app/data/T0002/210882/b3694rp/odoo-210882/addons/account/process/supplier_invoice_process.xml
2026-02-03 10:13:26,661 - Knowledge - INFO - process ingested knowledge for /app/data/T0002/210882/b3694rp/odoo-210882/addons/document_ics/__terp__.py
2026-02-03 10:13:26,745 - Knowledge - INFO - process ingested knowledge for /app/data/T0002/210882/b3694rp/odoo-210882/addons/document_ics/document_data.xml
2026-02-03 10:13:26,758 - Knowledge - INFO - Async storing batch of 6 embeddings
2026-02-03 10:13:26,856 - Knowledge - INFO - Processing batch of 6 files
2026-02-03 10:13:26,939 - Knowledge - INFO - Worker kw4 processing /app/data/T0002/210882/b3694rp/odoo-210882/addons/idea/__init__.py
2026-02-03 10:13:26,947 - Knowledge - INFO - process ingested knowledge for /app/data/T0002/210882/b3694rp/odoo-210882/addons/account/wizard/wizard_unreconcile_select.py
2026-02-03 10:13:27,072 - Knowledge - INFO - Fast-tracked /app/data/T0002/210882/b3694rp/odoo-210882/addons/idea/__init__.py (ext=.py, size=1070)
2026-02-03 10:13:27,143 - Knowledge - INFO - Worker kw4 processing /app/data/T0002/210882/b3694rp/odoo-210882/addons/profile_auction/__terp__.py
2026-02-03 10:13:27,157 - Knowledge - INFO - Fast-tracked /app/data/T0002/210882/b3694rp/odoo-210882/addons/profile_auction/__terp__.py (ext=.py, size=1424)
2026-02-03 10:13:27,164 - Knowledge - INFO - Worker kw4 processing /app/data/T0002/210882/b3694rp/odoo-210882/addons/profile_auction/__init__.py
2026-02-03 10:13:27,245 - Knowledge - INFO - Processing batch of 6 files
2026-02-03 10:13:27,256 - Knowledge - INFO - Fast-tracked /app/data/T0002/210882/b3694rp/odoo-210882/addons/profile_auction/__init__.py (ext=.py, size=1058)
2026-02-03 10:13:27,257 - Knowledge - INFO - process ingested knowledge for /app/data/T0002/210882/b3694rp/odoo-210882/addons/account/project/analytic_account_demo.xml
2026-02-03 10:13:27,269 - Knowledge - INFO - Worker kw4 processing /app/data/T0002/210882/b3694rp/odoo-210882/addons/audittrail/security/audittrail_security.xml
2026-02-03 10:13:27,356 - Knowledge - INFO - Fast-tracked /app/data/T0002/210882/b3694rp/odoo-210882/addons/audittrail/security/audittrail_security.xml (ext=.xml, size=245)
2026-02-03 10:13:27,461 - Knowledge - INFO - Worker kw4 processing /app/data/T0002/210882/b3694rp/odoo-210882/addons/audittrail/audittrail_view.xml
2026-02-03 10:13:27,649 - Knowledge - INFO - Fast-tracked /app/data/T0002/210882/b3694rp/odoo-210882/addons/audittrail/audittrail_view.xml (ext=.xml, size=5141)
2026-02-03 10:13:27,656 - Knowledge - INFO - Async storing batch of 6 embeddings
2026-02-03 10:13:27,657 - Knowledge - INFO - Worker kw4 processing /app/data/T0002/210882/b3694rp/odoo-210882/addons/audittrail/audittrail.py
2026-02-03 10:13:27,753 - Knowledge - INFO - process ingested knowledge for /app/data/T0002/210882/b3694rp/odoo-210882/addons/account/project/report/analytic_check.py
2026-02-03 10:13:27,771 - Knowledge - INFO - process ingested knowledge for /app/data/T0002/210882/b3694rp/odoo-210882/addons/account/process/customer_invoice_process.xml
2026-02-03 10:13:27,967 - Knowledge - INFO - Worker kw8 processing /app/data/T0002/210882/b3694rp/odoo-210882/addons/audittrail/audittrail_demo.xml
2026-02-03 10:13:28,078 - Knowledge - INFO - Fast-tracked /app/data/T0002/210882/b3694rp/odoo-210882/addons/audittrail/audittrail_demo.xml (ext=.xml, size=302)
2026-02-03 10:13:28,149 - Knowledge - INFO - Worker kw8 processing /app/data/T0002/210882/b3694rp/odoo-210882/addons/audittrail/__terp__.py
2026-02-03 10:13:28,244 - Knowledge - INFO - Fast-tracked /app/data/T0002/210882/b3694rp/odoo-210882/addons/audittrail/__terp__.py (ext=.py, size=1718)
2026-02-03 10:13:28,251 - Knowledge - INFO - Worker kw8 processing /app/data/T0002/210882/b3694rp/odoo-210882/addons/audittrail/wizard/wizard_view_log.py
2026-02-03 10:13:28,337 - Knowledge - INFO - Worker kw8 processing /app/data/T0002/210882/b3694rp/odoo-210882/addons/audittrail/wizard/__init__.py
2026-02-03 10:13:28,349 - Knowledge - INFO - Async storage completed for 6 embeddings
2026-02-03 10:13:28,441 - Knowledge - INFO - Fast-tracked /app/data/T0002/210882/b3694rp/odoo-210882/addons/audittrail/wizard/__init__.py (ext=.py, size=1080)
2026-02-03 10:13:28,555 - Knowledge - INFO - Worker kw8 processing /app/data/T0002/210882/b3694rp/odoo-210882/addons/audittrail/__init__.py
2026-02-03 10:13:28,738 - Knowledge - INFO - Async storing batch of 6 embeddings
2026-02-03 10:13:28,759 - Knowledge - INFO - Fast-tracked /app/data/T0002/210882/b3694rp/odoo-210882/addons/audittrail/__init__.py (ext=.py, size=1089)
2026-02-03 10:13:28,878 - Knowledge - INFO - Worker kw8 processing /app/data/T0002/210882/b3694rp/odoo-210882/addons/auction/barcode/common.py
2026-02-03 10:13:29,250 - Knowledge - INFO - Worker kw9 processing /app/data/T0002/210882/b3694rp/odoo-210882/addons/auction/barcode/fourstate.py
2026-02-03 10:13:29,272 - Knowledge - INFO - Worker kw9 processing /app/data/T0002/210882/b3694rp/odoo-210882/addons/auction/barcode/usps.py
2026-02-03 10:13:29,537 - Knowledge - INFO - Worker kw9 processing /app/data/T0002/210882/b3694rp/odoo-210882/addons/auction/barcode/code93.py
2026-02-03 10:13:29,549 - Knowledge - INFO - done ingest for /app/data/T0002/210882/b3694rp/odoo-210882/addons/hr_timesheet_invoice/report/cost_ledger.py
2026-02-03 10:13:29,549 - Knowledge - INFO - Worker kw9 processing /app/data/T0002/210882/b3694rp/odoo-210882/addons/auction/barcode/code39.py
2026-02-03 10:13:29,670 - Knowledge - INFO - process ingested knowledge for /app/data/T0002/210882/b3694rp/odoo-210882/addons/profile_association/profile_association.py
2026-02-03 10:13:29,754 - Knowledge - INFO - process ingested knowledge for /app/data/T0002/210882/b3694rp/odoo-210882/addons/account/wizard/wizard_partner_balance_report.py
2026-02-03 10:13:29,770 - Knowledge - INFO - Worker kw9 processing /app/data/T0002/210882/b3694rp/odoo-210882/addons/auction/barcode/code128.py
2026-02-03 10:13:29,776 - Knowledge - INFO - process ingested knowledge for /app/data/T0002/210882/b3694rp/odoo-210882/addons/account/project/report/quantity_cost_ledger.py
2026-02-03 10:13:29,943 - Knowledge - INFO - Async storage completed for 6 embeddings
2026-02-03 10:13:30,161 - Knowledge - INFO - Worker kw9 processing /app/data/T0002/210882/b3694rp/odoo-210882/addons/auction/barcode/test.py
2026-02-03 10:13:30,238 - Knowledge - INFO - [LLM_CALL] Completed: idea.py:chunk1, Duration: 18684ms, PromptTokens: 4734, CompletionTokens: 643, Cost: $0.00073
2026-02-03 10:13:30,340 - Knowledge - INFO - done ingest for /app/data/T0002/210882/b3694rp/odoo-210882/addons/idea/idea.py
2026-02-03 10:13:31,146 - Knowledge - INFO - process ingested knowledge for /app/data/T0002/210882/b3694rp/odoo-210882/addons/account/project/report/__init__.py
2026-02-03 10:13:31,157 - Knowledge - INFO - process ingested knowledge for /app/data/T0002/210882/b3694rp/odoo-210882/addons/account/account_menuitem.xml
2026-02-03 10:13:31,256 - Knowledge - INFO - process ingested knowledge for /app/data/T0002/210882/b3694rp/odoo-210882/addons/document_ics/document_ics_config_wizard.xml
2026-02-03 10:13:31,341 - Knowledge - INFO - process ingested knowledge for /app/data/T0002/210882/b3694rp/odoo-210882/addons/account/wizard/wizard_third_party_ledger.py
2026-02-03 10:13:31,443 - Knowledge - INFO - process ingested knowledge for /app/data/T0002/210882/b3694rp/odoo-210882/addons/account/project/report/cost_ledger.py
2026-02-03 10:13:32,353 - Knowledge - INFO - [WEBSOCKET] Sent: Type=progress_update, Size: 293, Duration: 0ms
2026-02-03 10:13:32,436 - Knowledge - INFO - process ingested knowledge for /app/data/T0002/210882/b3694rp/odoo-210882/addons/account/project/project_demo.xml
2026-02-03 10:13:32,439 - Knowledge - INFO - [WEBSOCKET] Sent: Type=unknown, Size: ?, Duration: 86ms
2026-02-03 10:13:32,456 - Knowledge - INFO - Fast-tracked /app/data/T0002/210882/b3694rp/odoo-210882/addons/auction/barcode/test.py (small file (2103 bytes))
2026-02-03 10:13:32,465 - Knowledge - INFO - process ingested knowledge for /app/data/T0002/210882/b3694rp/odoo-210882/addons/profile_association/profile_association.xml
2026-02-03 10:13:32,537 - Knowledge - INFO - process ingested knowledge for /app/data/T0002/210882/b3694rp/odoo-210882/addons/report_crm/report_crm.py
2026-02-03 10:13:32,537 - Knowledge - INFO - Progress: 76.0% | Files: 961/1263 | Rate: 0.99 files/sec | Queue: 267
2026-02-03 10:13:32,554 - Knowledge - INFO - Async storage completed for 6 embeddings
2026-02-03 10:13:32,778 - Knowledge - INFO - Processing batch of 6 files
2026-02-03 10:13:32,836 - Knowledge - INFO - process ingested knowledge for /app/data/T0002/210882/b3694rp/odoo-210882/addons/report_timesheet/__terp__.py
2026-02-03 10:13:33,341 - Knowledge - INFO - process ingested knowledge for /app/data/T0002/210882/b3694rp/odoo-210882/addons/account/project/report/analytic_journal.py
2026-02-03 10:13:33,349 - Knowledge - INFO - Processing batch of 6 files
2026-02-03 10:13:33,357 - Knowledge - INFO - process ingested knowledge for /app/data/T0002/210882/b3694rp/odoo-210882/addons/account/account_move_line.py
2026-02-03 10:13:34,669 - Knowledge - INFO - done ingest for /app/data/T0002/210882/b3694rp/odoo-210882/addons/hr_timesheet_invoice/report/account_analytic_profit.py
2026-02-03 10:13:34,768 - Knowledge - INFO - Processing batch of 6 files
2026-02-03 10:13:34,769 - Knowledge - INFO - Processing batch of 6 files
2026-02-03 10:13:34,850 - Knowledge - INFO - process ingested knowledge for /app/data/T0002/210882/b3694rp/odoo-210882/addons/hr_timesheet_invoice/hr_timesheet_invoice_wizard.xml
2026-02-03 10:13:34,875 - Knowledge - INFO - process ingested knowledge for /app/data/T0002/210882/b3694rp/odoo-210882/addons/account/report/account_balance.py
2026-02-03 10:13:35,368 - Knowledge - INFO - process ingested knowledge for /app/data/T0002/210882/b3694rp/odoo-210882/addons/profile_association/__terp__.py
2026-02-03 10:13:35,372 - Knowledge - INFO - [kw2] Queue=267, InProgress=0, PendingWorkers=20/20, Completed=966/1263 (76.5%)
2026-02-03 10:13:35,374 - Knowledge - INFO - process ingested knowledge for /app/data/T0002/210882/b3694rp/odoo-210882/addons/account/wizard/wizard_validate_account_move.py
2026-02-03 10:13:35,541 - Knowledge - INFO - Batch sizing: calculated=6, max_allowed=10, queue=267, active_workers=20/20
2026-02-03 10:13:36,164 - Knowledge - INFO - process ingested knowledge for /app/data/T0002/210882/b3694rp/odoo-210882/addons/account/project/report/account_journal.py
2026-02-03 10:13:36,168 - Knowledge - INFO - process ingested knowledge for /app/data/T0002/210882/b3694rp/odoo-210882/addons/account/project/project.py
2026-02-03 10:13:36,270 - Knowledge - INFO - process ingested knowledge for /app/data/T0002/210882/b3694rp/odoo-210882/addons/account/demo/account_minimal.xml
2026-02-03 10:13:36,357 - Knowledge - INFO - process ingested knowledge for /app/data/T0002/210882/b3694rp/odoo-210882/addons/account/report/third_party_ledger.py
2026-02-03 10:13:36,440 - Knowledge - INFO - Async storing batch of 6 embeddings
2026-02-03 10:13:36,446 - Knowledge - INFO - Worker kw2 processing /app/data/T0002/210882/b3694rp/odoo-210882/addons/auction/barcode/__init__.py
2026-02-03 10:13:36,467 - Knowledge - INFO - Fast-tracked /app/data/T0002/210882/b3694rp/odoo-210882/addons/auction/barcode/__init__.py (ext=.py, size=1853)
2026-02-03 10:13:36,468 - Knowledge - INFO - Worker kw2 processing /app/data/T0002/210882/b3694rp/odoo-210882/addons/auction/report/lots_deposit.xml
2026-02-03 10:13:36,637 - Knowledge - INFO - process ingested knowledge for /app/data/T0002/210882/b3694rp/odoo-210882/addons/account/project/report/inverted_analytic_balance.py
2026-02-03 10:13:36,638 - Knowledge - INFO - Fast-tracked /app/data/T0002/210882/b3694rp/odoo-210882/addons/auction/report/lots_deposit.xml (ext=.xml, size=1337)
2026-02-03 10:13:36,652 - Knowledge - INFO - process ingested knowledge for /app/data/T0002/210882/b3694rp/odoo-210882/addons/account/project/project_report.xml
2026-02-03 10:13:36,847 - Knowledge - INFO - process ingested knowledge for /app/data/T0002/210882/b3694rp/odoo-210882/addons/hr_timesheet_invoice/hr_timesheet_invoice_view.xml
2026-02-03 10:13:36,860 - Knowledge - INFO - [kw16] Queue=261, InProgress=0, PendingWorkers=20/20, Completed=969/1263 (76.7%)
2026-02-03 10:13:36,938 - Knowledge - INFO - Worker kw2 processing /app/data/T0002/210882/b3694rp/odoo-210882/addons/auction/report/lots_list_inv.xml
2026-02-03 10:13:36,947 - Knowledge - INFO - process ingested knowledge for /app/data/T0002/210882/b3694rp/odoo-210882/addons/report_timesheet/__init__.py
2026-02-03 10:13:37,059 - Knowledge - INFO - Batch sizing: calculated=6, max_allowed=10, queue=261, active_workers=20/20
2026-02-03 10:13:37,157 - Knowledge - INFO - Fast-tracked /app/data/T0002/210882/b3694rp/odoo-210882/addons/auction/report/lots_list_inv.xml (ext=.xml, size=316)
2026-02-03 10:13:37,245 - Knowledge - INFO - Worker kw2 processing /app/data/T0002/210882/b3694rp/odoo-210882/addons/auction/report/auction_catelog.py
2026-02-03 10:13:37,262 - Knowledge - INFO - Fast-tracked /app/data/T0002/210882/b3694rp/odoo-210882/addons/auction/report/auction_catelog.py (ext=.py, size=1495)
2026-02-03 10:13:37,268 - Knowledge - INFO - Worker kw2 processing /app/data/T0002/210882/b3694rp/odoo-210882/addons/auction/report/auction_result.py
2026-02-03 10:13:37,339 - Knowledge - INFO - Fast-tracked /app/data/T0002/210882/b3694rp/odoo-210882/addons/auction/report/auction_result.py (ext=.py, size=1489)
2026-02-03 10:13:37,357 - Knowledge - INFO - Worker kw2 processing /app/data/T0002/210882/b3694rp/odoo-210882/addons/auction/report/catalog2.py
2026-02-03 10:13:37,774 - Knowledge - INFO - Async storage completed for 6 embeddings
2026-02-03 10:13:37,864 - Knowledge - INFO - process ingested knowledge for /app/data/T0002/210882/b3694rp/odoo-210882/addons/account/report/general_ledger.py
2026-02-03 10:13:41,337 - Knowledge - INFO - process ingested knowledge for /app/data/T0002/210882/b3694rp/odoo-210882/addons/account/partner_view.xml
2026-02-03 10:13:41,371 - Knowledge - INFO - process ingested knowledge for /app/data/T0002/210882/b3694rp/odoo-210882/addons/hr_timesheet_invoice/__terp__.py
2026-02-03 10:13:41,449 - Knowledge - INFO - process ingested knowledge for /app/data/T0002/210882/b3694rp/odoo-210882/addons/sale_delivery_report/report/shipping.py
2026-02-03 10:13:41,458 - Knowledge - INFO - process ingested knowledge for /app/data/T0002/210882/b3694rp/odoo-210882/addons/account/report/__init__.py
2026-02-03 10:13:42,657 - Knowledge - INFO - [LLM_CALL] Completed: hr_timesheet_invoice.py:chunk1, Duration: 71890ms, PromptTokens: 3638, CompletionTokens: 730, Cost: $0.00066
2026-02-03 10:13:42,657 - Knowledge - INFO - done ingest for /app/data/T0002/210882/b3694rp/odoo-210882/addons/hr_timesheet_invoice/hr_timesheet_invoice.py
2026-02-03 10:13:45,370 - Knowledge - INFO - [LLM_CALL] Completed: wizard_view_log.py:chunk1, Duration: 16033ms, PromptTokens: 2292, CompletionTokens: 287, Cost: $0.00034
2026-02-03 10:13:45,370 - Knowledge - INFO - done ingest for /app/data/T0002/210882/b3694rp/odoo-210882/addons/audittrail/wizard/wizard_view_log.py
2026-02-03 10:13:46,254 - Knowledge - INFO - process ingested knowledge for /app/data/T0002/210882/b3694rp/odoo-210882/addons/account/wizard/wizard_reconcile.py
2026-02-03 10:13:46,280 - Knowledge - INFO - process ingested knowledge for /app/data/T0002/210882/b3694rp/odoo-210882/addons/hr_timesheet_invoice/wizard/hr_timesheet_final_invoice_create.py
2026-02-03 10:13:46,280 - Knowledge - INFO - Async storing batch of 6 embeddings
2026-02-03 10:13:46,345 - Knowledge - INFO - [kw12] Queue=255, InProgress=0, PendingWorkers=20/20, Completed=970/1263 (76.8%)
2026-02-03 10:13:46,378 - Knowledge - INFO - process ingested knowledge for /app/data/T0002/210882/b3694rp/odoo-210882/addons/sale_delivery_report/report/__init__.py
2026-02-03 10:13:46,451 - Knowledge - INFO - Batch sizing: calculated=6, max_allowed=10, queue=255, active_workers=20/20
2026-02-03 10:13:46,651 - Knowledge - INFO - Worker kw16 processing /app/data/T0002/210882/b3694rp/odoo-210882/addons/auction/report/lots_list.py
2026-02-03 10:13:46,745 - Knowledge - INFO - Fast-tracked /app/data/T0002/210882/b3694rp/odoo-210882/addons/auction/report/lots_list.py (ext=.py, size=1634)
2026-02-03 10:13:46,754 - Knowledge - INFO - Worker kw16 processing /app/data/T0002/210882/b3694rp/odoo-210882/addons/auction/report/seller_form_report.py
2026-02-03 10:13:46,857 - Knowledge - INFO - Worker kw16 processing /app/data/T0002/210882/b3694rp/odoo-210882/addons/auction/report/buyer_form_report.py
2026-02-03 10:13:46,875 - Knowledge - INFO - Worker kw16 processing /app/data/T0002/210882/b3694rp/odoo-210882/addons/auction/report/ach_bordereau_photo.xml
2026-02-03 10:13:47,068 - Knowledge - INFO - Fast-tracked /app/data/T0002/210882/b3694rp/odoo-210882/addons/auction/report/ach_bordereau_photo.xml (ext=.xml, size=1335)
2026-02-03 10:13:47,068 - Knowledge - INFO - Worker kw16 processing /app/data/T0002/210882/b3694rp/odoo-210882/addons/auction/report/lots_list.xml
2026-02-03 10:13:47,074 - Knowledge - INFO - Fast-tracked /app/data/T0002/210882/b3694rp/odoo-210882/addons/auction/report/lots_list.xml (ext=.xml, size=1140)
2026-02-03 10:13:47,153 - Knowledge - INFO - Worker kw16 processing /app/data/T0002/210882/b3694rp/odoo-210882/addons/auction/report/artists_lots.py
2026-02-03 10:13:47,254 - Knowledge - INFO - Fast-tracked /app/data/T0002/210882/b3694rp/odoo-210882/addons/auction/report/artists_lots.py (ext=.py, size=1952)
2026-02-03 10:13:47,349 - Knowledge - INFO - process ingested knowledge for /app/data/T0002/210882/b3694rp/odoo-210882/addons/account/account_bank_statement.py
2026-02-03 10:13:47,362 - Knowledge - INFO - process ingested knowledge for /app/data/T0002/210882/b3694rp/odoo-210882/addons/account/wizard/wizard_refund.py
2026-02-03 10:13:47,373 - Knowledge - INFO - process ingested knowledge for /app/data/T0002/210882/b3694rp/odoo-210882/addons/account/report/general_journal.py
2026-02-03 10:13:47,760 - Knowledge - INFO - Processing batch of 6 files
2026-02-03 10:13:47,773 - Knowledge - INFO - process ingested knowledge for /app/data/T0002/210882/b3694rp/odoo-210882/addons/hr_timesheet_invoice/wizard/__init__.py
2026-02-03 10:13:48,051 - Knowledge - INFO - Fast-tracked /app/data/T0002/210882/b3694rp/odoo-210882/addons/auction/report/buyer_form_report.py (small file (2795 bytes))
2026-02-03 10:13:48,059 - Knowledge - INFO - Async storage completed for 6 embeddings
2026-02-03 10:13:49,772 - Knowledge - INFO - process ingested knowledge for /app/data/T0002/210882/b3694rp/odoo-210882/addons/sale_delivery_report/delivery_report.xml
2026-02-03 10:13:49,780 - Knowledge - INFO - Async storing batch of 6 embeddings
2026-02-03 10:13:49,857 - Knowledge - INFO - Worker kw12 processing /app/data/T0002/210882/b3694rp/odoo-210882/addons/auction/report/bids_phones_details.py
2026-02-03 10:13:49,936 - Knowledge - INFO - Fast-tracked /app/data/T0002/210882/b3694rp/odoo-210882/addons/auction/report/bids_phones_details.py (ext=.py, size=1513)
2026-02-03 10:13:49,938 - Knowledge - INFO - Worker kw12 processing /app/data/T0002/210882/b3694rp/odoo-210882/addons/auction/report/bids_lots.py
2026-02-03 10:13:50,037 - Knowledge - INFO - Fast-tracked /app/data/T0002/210882/b3694rp/odoo-210882/addons/auction/report/bids_lots.py (ext=.py, size=1463)
2026-02-03 10:13:50,050 - Knowledge - INFO - Worker kw12 processing /app/data/T0002/210882/b3694rp/odoo-210882/addons/auction/report/catalog.xml
2026-02-03 10:13:50,080 - Knowledge - INFO - Fast-tracked /app/data/T0002/210882/b3694rp/odoo-210882/addons/auction/report/catalog.xml (ext=.xml, size=663)
2026-02-03 10:13:50,157 - Knowledge - INFO - Worker kw12 processing /app/data/T0002/210882/b3694rp/odoo-210882/addons/auction/report/content.xml
2026-02-03 10:13:50,253 - Knowledge - INFO - Fast-tracked /app/data/T0002/210882/b3694rp/odoo-210882/addons/auction/report/content.xml (ext=.xml, size=8355)
2026-02-03 10:13:50,264 - Knowledge - INFO - Worker kw12 processing /app/data/T0002/210882/b3694rp/odoo-210882/addons/auction/report/lots_with_vat.xml
2026-02-03 10:13:50,447 - Knowledge - INFO - Fast-tracked /app/data/T0002/210882/b3694rp/odoo-210882/addons/auction/report/lots_with_vat.xml (ext=.xml, size=490)
2026-02-03 10:13:50,550 - Knowledge - INFO - Worker kw12 processing /app/data/T0002/210882/b3694rp/odoo-210882/addons/auction/report/photo_shadow.py
2026-02-03 10:13:50,863 - Knowledge - INFO - Fast-tracked /app/data/T0002/210882/b3694rp/odoo-210882/addons/auction/report/photo_shadow.py (small file (2242 bytes))
2026-02-03 10:13:50,871 - Knowledge - INFO - Async storage completed for 6 embeddings
2026-02-03 10:13:51,469 - Knowledge - INFO - [LLM_CALL] Completed: audittrail.py:chunk1, Duration: 23305ms, PromptTokens: 8358, CompletionTokens: 666, Cost: $0.00110
2026-02-03 10:13:51,474 - Knowledge - INFO - done ingest for /app/data/T0002/210882/b3694rp/odoo-210882/addons/audittrail/audittrail.py
2026-02-03 10:13:52,240 - Knowledge - INFO - [LLM_CALL] Completed: catalog2.py:chunk1, Duration: 14675ms, PromptTokens: 3906, CompletionTokens: 386, Cost: $0.00055
2026-02-03 10:13:52,244 - Knowledge - INFO - done ingest for /app/data/T0002/210882/b3694rp/odoo-210882/addons/auction/report/catalog2.py
2026-02-03 10:13:52,245 - Knowledge - INFO - process ingested knowledge for /app/data/T0002/210882/b3694rp/odoo-210882/addons/hr_timesheet_invoice/wizard/wizard_account_analytic_cost_ledger_report.py
2026-02-03 10:13:52,262 - Knowledge - INFO - process ingested knowledge for /app/data/T0002/210882/b3694rp/odoo-210882/addons/hr_timesheet_invoice/wizard/hr_timesheet_invoice_create.py
2026-02-03 10:13:52,265 - Knowledge - INFO - process ingested knowledge for /app/data/T0002/210882/b3694rp/odoo-210882/addons/sale_delivery_report/__terp__.py
2026-02-03 10:13:52,443 - Knowledge - INFO - Processing batch of 6 files
2026-02-03 10:13:52,444 - Knowledge - INFO - process ingested knowledge for /app/data/T0002/210882/b3694rp/odoo-210882/addons/sale_delivery_report/__init__.py
2026-02-03 10:13:54,749 - Knowledge - INFO - process ingested knowledge for /app/data/T0002/210882/b3694rp/odoo-210882/addons/account/partner.py
2026-02-03 10:13:54,944 - Knowledge - INFO - [LLM_CALL] Completed: fourstate.py:chunk1, Duration: 24396ms, PromptTokens: 3566, CompletionTokens: 162, Cost: $0.00042
2026-02-03 10:13:54,945 - Knowledge - INFO - done ingest for /app/data/T0002/210882/b3694rp/odoo-210882/addons/auction/barcode/fourstate.py
2026-02-03 10:13:55,746 - Knowledge - INFO - process ingested knowledge for /app/data/T0002/210882/b3694rp/odoo-210882/addons/hr_timesheet_invoice/wizard/account_analytic_profit.py
2026-02-03 10:13:55,764 - Knowledge - INFO - [kw18] Queue=249, InProgress=0, PendingWorkers=20/20, Completed=975/1263 (77.2%)
2026-02-03 10:13:55,783 - Knowledge - INFO - Batch sizing: calculated=6, max_allowed=10, queue=249, active_workers=20/20
2026-02-03 10:13:55,845 - Knowledge - INFO - process ingested knowledge for /app/data/T0002/210882/b3694rp/odoo-210882/addons/hr_timesheet_invoice/__init__.py
2026-02-03 10:13:55,855 - Knowledge - INFO - process ingested knowledge for /app/data/T0002/210882/b3694rp/odoo-210882/addons/idea/security/idea_security.xml
2026-02-03 10:13:57,581 - Knowledge - INFO - process ingested knowledge for /app/data/T0002/210882/b3694rp/odoo-210882/addons/account/report/tax_report.py
2026-02-03 10:13:57,639 - Knowledge - INFO - process ingested knowledge for /app/data/T0002/210882/b3694rp/odoo-210882/addons/account/project/project_view.xml
2026-02-03 10:13:57,659 - Knowledge - INFO - [LLM_CALL] Completed: common.py:chunk1, Duration: 27979ms, PromptTokens: 13148, CompletionTokens: 691, Cost: $0.00159
2026-02-03 10:13:57,762 - Knowledge - INFO - done ingest for /app/data/T0002/210882/b3694rp/odoo-210882/addons/auction/barcode/common.py
2026-02-03 10:13:58,668 - Knowledge - INFO - process ingested knowledge for /app/data/T0002/210882/b3694rp/odoo-210882/addons/hr_timesheet_invoice/hr_timesheet_invoice_report.xml
2026-02-03 10:13:58,679 - Knowledge - INFO - Async storing batch of 6 embeddings
2026-02-03 10:13:58,737 - Knowledge - INFO - process ingested knowledge for /app/data/T0002/210882/b3694rp/odoo-210882/addons/idea/idea_workflow.xml
2026-02-03 10:13:59,075 - Knowledge - INFO - Worker kw18 processing /app/data/T0002/210882/b3694rp/odoo-210882/addons/auction/report/lots_list_landscape.xml
2026-02-03 10:13:59,136 - Knowledge - INFO - Fast-tracked /app/data/T0002/210882/b3694rp/odoo-210882/addons/auction/report/lots_list_landscape.xml (ext=.xml, size=1186)
2026-02-03 10:13:59,170 - Knowledge - INFO - Worker kw18 processing /app/data/T0002/210882/b3694rp/odoo-210882/addons/auction/report/auction_invoice.py
2026-02-03 10:13:59,439 - Knowledge - INFO - Fast-tracked /app/data/T0002/210882/b3694rp/odoo-210882/addons/auction/report/auction_invoice.py (ext=.py, size=1950)
2026-02-03 10:13:59,442 - Knowledge - INFO - [LLM_CALL] Completed: seller_form_report.py:chunk1, Duration: 11777ms, PromptTokens: 2328, CompletionTokens: 401, Cost: $0.00039
2026-02-03 10:13:59,448 - Knowledge - INFO - Worker kw18 processing /app/data/T0002/210882/b3694rp/odoo-210882/addons/auction/report/lots_list_landscape.py
2026-02-03 10:13:59,456 - Knowledge - INFO - done ingest for /app/data/T0002/210882/b3694rp/odoo-210882/addons/auction/report/seller_form_report.py
2026-02-03 10:13:59,537 - Knowledge - INFO - Fast-tracked /app/data/T0002/210882/b3694rp/odoo-210882/addons/auction/report/lots_list_landscape.py (ext=.py, size=1515)
2026-02-03 10:13:59,549 - Knowledge - INFO - Worker kw18 processing /app/data/T0002/210882/b3694rp/odoo-210882/addons/auction/report/auction_buyer_result.py
2026-02-03 10:13:59,656 - Knowledge - INFO - Fast-tracked /app/data/T0002/210882/b3694rp/odoo-210882/addons/auction/report/auction_buyer_result.py (ext=.py, size=1519)
2026-02-03 10:13:59,658 - Knowledge - INFO - Worker kw18 processing /app/data/T0002/210882/b3694rp/odoo-210882/addons/auction/report/results.xml
2026-02-03 10:13:59,667 - Knowledge - INFO - Fast-tracked /app/data/T0002/210882/b3694rp/odoo-210882/addons/auction/report/results.xml (ext=.xml, size=522)
2026-02-03 10:13:59,737 - Knowledge - INFO - Worker kw18 processing /app/data/T0002/210882/b3694rp/odoo-210882/addons/auction/report/buyer_list.xml
2026-02-03 10:13:59,758 - Knowledge - INFO - Fast-tracked /app/data/T0002/210882/b3694rp/odoo-210882/addons/auction/report/buyer_list.xml (ext=.xml, size=885)
2026-02-03 10:13:59,767 - Knowledge - INFO - Async storage completed for 6 embeddings
2026-02-03 10:14:00,948 - Knowledge - INFO - [LLM_CALL] Completed: code93.py:chunk1, Duration: 29410ms, PromptTokens: 6612, CompletionTokens: 318, Cost: $0.00079
2026-02-03 10:14:00,951 - Knowledge - INFO - done ingest for /app/data/T0002/210882/b3694rp/odoo-210882/addons/auction/barcode/code93.py
2026-02-03 10:14:01,344 - Knowledge - INFO - process ingested knowledge for /app/data/T0002/210882/b3694rp/odoo-210882/addons/report_timesheet/report_timesheet_view.xml
2026-02-03 10:14:01,364 - Knowledge - INFO - process ingested knowledge for /app/data/T0002/210882/b3694rp/odoo-210882/addons/idea/idea_view.xml
2026-02-03 10:14:03,149 - Knowledge - INFO - [LLM_CALL] Completed: code39.py:chunk1, Duration: 31297ms, PromptTokens: 7194, CompletionTokens: 404, Cost: $0.00088
2026-02-03 10:14:03,154 - Knowledge - INFO - done ingest for /app/data/T0002/210882/b3694rp/odoo-210882/addons/auction/barcode/code39.py
2026-02-03 10:14:03,937 - Knowledge - INFO - [kw20] Queue=243, InProgress=0, PendingWorkers=20/20, Completed=986/1263 (78.1%)
2026-02-03 10:14:03,944 - Knowledge - INFO - Batch sizing: calculated=6, max_allowed=10, queue=243, active_workers=20/20
2026-02-03 10:14:04,052 - Knowledge - INFO - [LLM_CALL] Completed: usps.py:chunk1, Duration: 33216ms, PromptTokens: 4854, CompletionTokens: 411, Cost: $0.00065
2026-02-03 10:14:04,055 - Knowledge - INFO - done ingest for /app/data/T0002/210882/b3694rp/odoo-210882/addons/auction/barcode/usps.py
2026-02-03 10:14:05,351 - Knowledge - INFO - process ingested knowledge for /app/data/T0002/210882/b3694rp/odoo-210882/addons/report_timesheet/report_timesheet.py
2026-02-03 10:14:05,742 - Knowledge - INFO - [LLM_CALL] Completed: code128.py:chunk1, Duration: 33580ms, PromptTokens: 11438, CompletionTokens: 408, Cost: $0.00131
2026-02-03 10:14:05,743 - Knowledge - INFO - done ingest for /app/data/T0002/210882/b3694rp/odoo-210882/addons/auction/barcode/code128.py
2026-02-03 10:14:06,649 - Knowledge - INFO - Async storing batch of 6 embeddings
2026-02-03 10:14:06,652 - Knowledge - INFO - Worker kw20 processing /app/data/T0002/210882/b3694rp/odoo-210882/addons/auction/report/catelogwithpictures.py
2026-02-03 10:14:06,653 - Knowledge - INFO - Fast-tracked /app/data/T0002/210882/b3694rp/odoo-210882/addons/auction/report/catelogwithpictures.py (ext=.py, size=1514)
2026-02-03 10:14:06,654 - Knowledge - INFO - Worker kw20 processing /app/data/T0002/210882/b3694rp/odoo-210882/addons/auction/report/bids.xml
2026-02-03 10:14:06,656 - Knowledge - INFO - Fast-tracked /app/data/T0002/210882/b3694rp/odoo-210882/addons/auction/report/bids.xml (ext=.xml, size=946)
2026-02-03 10:14:06,657 - Knowledge - INFO - Worker kw20 processing /app/data/T0002/210882/b3694rp/odoo-210882/addons/auction/report/seller_list.xml
2026-02-03 10:14:06,659 - Knowledge - INFO - Fast-tracked /app/data/T0002/210882/b3694rp/odoo-210882/addons/auction/report/seller_list.xml (ext=.xml, size=949)
2026-02-03 10:14:06,659 - Knowledge - INFO - Worker kw20 processing /app/data/T0002/210882/b3694rp/odoo-210882/addons/auction/report/lots_list_inventory.py
2026-02-03 10:14:06,661 - Knowledge - INFO - Fast-tracked /app/data/T0002/210882/b3694rp/odoo-210882/addons/auction/report/lots_list_inventory.py (ext=.py, size=1684)
2026-02-03 10:14:06,661 - Knowledge - INFO - Worker kw20 processing /app/data/T0002/210882/b3694rp/odoo-210882/addons/auction/report/artists.xml
2026-02-03 10:14:06,662 - Knowledge - INFO - Fast-tracked /app/data/T0002/210882/b3694rp/odoo-210882/addons/auction/report/artists.xml (ext=.xml, size=311)
2026-02-03 10:14:06,663 - Knowledge - INFO - Worker kw20 processing /app/data/T0002/210882/b3694rp/odoo-210882/addons/auction/report/buyer_list.py
2026-02-03 10:14:06,743 - Knowledge - INFO - Async storage completed for 6 embeddings
2026-02-03 10:14:07,079 - Knowledge - INFO - process ingested knowledge for /app/data/T0002/210882/b3694rp/odoo-210882/addons/idea/idea.py
2026-02-03 10:14:07,164 - Knowledge - INFO - Processing batch of 6 files
2026-02-03 10:14:07,164 - Knowledge - INFO - process ingested knowledge for /app/data/T0002/210882/b3694rp/odoo-210882/addons/idea/__init__.py
2026-02-03 10:14:07,636 - Knowledge - INFO - Processing batch of 6 files
2026-02-03 10:14:07,644 - Knowledge - INFO - process ingested knowledge for /app/data/T0002/210882/b3694rp/odoo-210882/addons/profile_association/__init__.py
2026-02-03 10:14:08,184 - Knowledge - INFO - [WEBSOCKET] Sent: Type=progress_update, Size: 294, Duration: 0ms
2026-02-03 10:14:08,185 - Knowledge - INFO - [WEBSOCKET] Sent: Type=unknown, Size: ?, Duration: 2ms
2026-02-03 10:14:08,190 - Knowledge - INFO - Progress: 79.3% | Files: 1001/1263 | Rate: 0.99 files/sec | Queue: 237
2026-02-03 10:14:09,243 - Knowledge - INFO - process ingested knowledge for /app/data/T0002/210882/b3694rp/odoo-210882/addons/idea/__terp__.py
2026-02-03 10:14:09,278 - Knowledge - INFO - Processing batch of 6 files
2026-02-03 10:14:09,279 - Knowledge - INFO - process ingested knowledge for /app/data/T0002/210882/b3694rp/odoo-210882/addons/auction/barcode/__init__.py
2026-02-03 10:14:09,856 - Knowledge - INFO - process ingested knowledge for /app/data/T0002/210882/b3694rp/odoo-210882/addons/profile_auction/__terp__.py
2026-02-03 10:14:09,862 - Knowledge - INFO - process ingested knowledge for /app/data/T0002/210882/b3694rp/odoo-210882/addons/hr_timesheet_invoice/hr_timesheet_invoice_demo.xml
2026-02-03 10:14:11,164 - Knowledge - INFO - process ingested knowledge for /app/data/T0002/210882/b3694rp/odoo-210882/addons/auction/report/lots_deposit.xml
2026-02-03 10:14:11,169 - Knowledge - INFO - [kw10] Queue=237, InProgress=0, PendingWorkers=20/20, Completed=1006/1263 (79.7%)
2026-02-03 10:14:11,237 - Knowledge - INFO - [kw13] Queue=237, InProgress=0, PendingWorkers=20/20, Completed=1007/1263 (79.7%)
2026-02-03 10:14:11,245 - Knowledge - INFO - [kw7] Queue=237, InProgress=0, PendingWorkers=20/20, Completed=1007/1263 (79.7%)
2026-02-03 10:14:11,252 - Knowledge - INFO - [kw11] Queue=237, InProgress=0, PendingWorkers=20/20, Completed=1007/1263 (79.7%)
2026-02-03 10:14:11,254 - Knowledge - INFO - Batch sizing: calculated=6, max_allowed=10, queue=237, active_workers=20/20
2026-02-03 10:14:11,258 - Knowledge - INFO - Batch sizing: calculated=6, max_allowed=10, queue=237, active_workers=20/20
2026-02-03 10:14:11,259 - Knowledge - INFO - Batch sizing: calculated=6, max_allowed=10, queue=237, active_workers=20/20
2026-02-03 10:14:11,260 - Knowledge - INFO - Batch sizing: calculated=6, max_allowed=10, queue=237, active_workers=20/20
2026-02-03 10:14:12,039 - Knowledge - INFO - [LLM_CALL] Completed: buyer_list.py:chunk1, Duration: 5364ms, PromptTokens: 2934, CompletionTokens: 528, Cost: $0.00050
2026-02-03 10:14:12,041 - Knowledge - INFO - done ingest for /app/data/T0002/210882/b3694rp/odoo-210882/addons/auction/report/buyer_list.py
2026-02-03 10:14:12,060 - Knowledge - INFO - Processing batch of 6 files
2026-02-03 10:14:12,061 - Knowledge - INFO - process ingested knowledge for /app/data/T0002/210882/b3694rp/odoo-210882/addons/auction/report/bids_phones_details.py
2026-02-03 10:14:12,357 - Knowledge - INFO - process ingested knowledge for /app/data/T0002/210882/b3694rp/odoo-210882/addons/profile_auction/__init__.py
2026-02-03 10:14:12,359 - Knowledge - INFO - process ingested knowledge for /app/data/T0002/210882/b3694rp/odoo-210882/addons/auction/report/lots_list_inv.xml
2026-02-03 10:14:12,359 - Knowledge - INFO - process ingested knowledge for /app/data/T0002/210882/b3694rp/odoo-210882/addons/hr_timesheet_invoice/hr_timesheet_invoice.py
2026-02-03 10:14:12,498 - Knowledge - INFO - Async storing batch of 6 embeddings
2026-02-03 10:14:12,537 - Knowledge - INFO - Worker kw13 processing /app/data/T0002/210882/b3694rp/odoo-210882/addons/auction/report/deposit_seller.py
2026-02-03 10:14:12,546 - Knowledge - INFO - Fast-tracked /app/data/T0002/210882/b3694rp/odoo-210882/addons/auction/report/deposit_seller.py (ext=.py, size=1490)
2026-02-03 10:14:12,546 - Knowledge - INFO - Worker kw13 processing /app/data/T0002/210882/b3694rp/odoo-210882/addons/auction/report/lots_bids_phone2.xml
2026-02-03 10:14:12,548 - Knowledge - INFO - Fast-tracked /app/data/T0002/210882/b3694rp/odoo-210882/addons/auction/report/lots_bids_phone2.xml (ext=.xml, size=416)
2026-02-03 10:14:12,548 - Knowledge - INFO - Worker kw13 processing /app/data/T0002/210882/b3694rp/odoo-210882/addons/auction/report/seller_address.py
2026-02-03 10:14:12,550 - Knowledge - INFO - Worker kw13 processing /app/data/T0002/210882/b3694rp/odoo-210882/addons/auction/report/auction_artists.py
2026-02-03 10:14:12,552 - Knowledge - INFO - Fast-tracked /app/data/T0002/210882/b3694rp/odoo-210882/addons/auction/report/auction_artists.py (ext=.py, size=1494)
2026-02-03 10:14:12,552 - Knowledge - INFO - Worker kw13 processing /app/data/T0002/210882/b3694rp/odoo-210882/addons/auction/report/ach_bordereau.xml
2026-02-03 10:14:12,554 - Knowledge - INFO - Fast-tracked /app/data/T0002/210882/b3694rp/odoo-210882/addons/auction/report/ach_bordereau.xml (ext=.xml, size=1900)
2026-02-03 10:14:12,555 - Knowledge - INFO - Worker kw13 processing /app/data/T0002/210882/b3694rp/odoo-210882/addons/auction/report/auction_objects.py
2026-02-03 10:14:12,557 - Knowledge - INFO - Fast-tracked /app/data/T0002/210882/b3694rp/odoo-210882/addons/auction/report/auction_objects.py (ext=.py, size=1492)
2026-02-03 10:14:12,561 - Knowledge - INFO - Fast-tracked /app/data/T0002/210882/b3694rp/odoo-210882/addons/auction/report/seller_address.py (small file (2200 bytes))
2026-02-03 10:14:12,562 - Knowledge - INFO - Async storage completed for 6 embeddings
2026-02-03 10:14:12,840 - Knowledge - INFO - Async storing batch of 6 embeddings
2026-02-03 10:14:12,841 - Knowledge - INFO - Async storing batch of 6 embeddings
2026-02-03 10:14:12,844 - Knowledge - INFO - Worker kw11 processing /app/data/T0002/210882/b3694rp/odoo-210882/addons/auction/report/results_buyer.xml
2026-02-03 10:14:12,845 - Knowledge - INFO - Worker kw7 processing /app/data/T0002/210882/b3694rp/odoo-210882/addons/auction/report/huissier.py
2026-02-03 10:14:12,847 - Knowledge - INFO - Worker kw7 processing /app/data/T0002/210882/b3694rp/odoo-210882/addons/auction/report/total.py
2026-02-03 10:14:12,848 - Knowledge - INFO - Fast-tracked /app/data/T0002/210882/b3694rp/odoo-210882/addons/auction/report/results_buyer.xml (ext=.xml, size=641)
2026-02-03 10:14:12,848 - Knowledge - INFO - Worker kw11 processing /app/data/T0002/210882/b3694rp/odoo-210882/addons/auction/report/deposit.xml
2026-02-03 10:14:12,850 - Knowledge - INFO - Worker kw7 processing /app/data/T0002/210882/b3694rp/odoo-210882/addons/auction/report/lots_bids_phone.xml
2026-02-03 10:14:12,850 - Knowledge - INFO - Fast-tracked /app/data/T0002/210882/b3694rp/odoo-210882/addons/auction/report/deposit.xml (ext=.xml, size=1460)
2026-02-03 10:14:12,851 - Knowledge - INFO - Worker kw11 processing /app/data/T0002/210882/b3694rp/odoo-210882/addons/auction/report/vnd_bordereau.xml
2026-02-03 10:14:12,854 - Knowledge - INFO - Fast-tracked /app/data/T0002/210882/b3694rp/odoo-210882/addons/auction/report/lots_bids_phone.xml (ext=.xml, size=656)
2026-02-03 10:14:12,855 - Knowledge - INFO - Fast-tracked /app/data/T0002/210882/b3694rp/odoo-210882/addons/auction/report/vnd_bordereau.xml (ext=.xml, size=1424)
2026-02-03 10:14:12,856 - Knowledge - INFO - Worker kw7 processing /app/data/T0002/210882/b3694rp/odoo-210882/addons/auction/report/auction_bids.py
2026-02-03 10:14:12,856 - Knowledge - INFO - Worker kw11 processing /app/data/T0002/210882/b3694rp/odoo-210882/addons/auction/report/report_lot_bar_code.py
2026-02-03 10:14:12,859 - Knowledge - INFO - Fast-tracked /app/data/T0002/210882/b3694rp/odoo-210882/addons/auction/report/auction_bids.py (ext=.py, size=1477)
2026-02-03 10:14:12,859 - Knowledge - INFO - Worker kw7 processing /app/data/T0002/210882/b3694rp/odoo-210882/addons/auction/report/auction_total_rml.py
2026-02-03 10:14:12,859 - Knowledge - INFO - Fast-tracked /app/data/T0002/210882/b3694rp/odoo-210882/addons/auction/report/report_lot_bar_code.py (ext=.py, size=1529)
2026-02-03 10:14:12,860 - Knowledge - INFO - Worker kw11 processing /app/data/T0002/210882/b3694rp/odoo-210882/addons/auction/auction_view.xml
2026-02-03 10:14:12,861 - Knowledge - INFO - Worker kw7 processing /app/data/T0002/210882/b3694rp/odoo-210882/addons/auction/report/__init__.py
2026-02-03 10:14:12,862 - Knowledge - INFO - Fast-tracked /app/data/T0002/210882/b3694rp/odoo-210882/addons/auction/auction_view.xml (ext=.xml, size=60215)
2026-02-03 10:14:12,863 - Knowledge - INFO - Worker kw11 processing /app/data/T0002/210882/b3694rp/odoo-210882/addons/auction/auction_wizard.xml
2026-02-03 10:14:12,864 - Knowledge - INFO - Fast-tracked /app/data/T0002/210882/b3694rp/odoo-210882/addons/auction/report/__init__.py (ext=.py, size=1642)
2026-02-03 10:14:12,865 - Knowledge - INFO - Fast-tracked /app/data/T0002/210882/b3694rp/odoo-210882/addons/auction/auction_wizard.xml (ext=.xml, size=2887)
2026-02-03 10:14:12,866 - Knowledge - INFO - Async storage completed for 6 embeddings
2026-02-03 10:14:12,943 - Knowledge - INFO - Fast-tracked /app/data/T0002/210882/b3694rp/odoo-210882/addons/auction/report/huissier.py (small file (2563 bytes))
2026-02-03 10:14:12,964 - Knowledge - INFO - Async storage completed for 6 embeddings
2026-02-03 10:14:13,652 - Knowledge - INFO - process ingested knowledge for /app/data/T0002/210882/b3694rp/odoo-210882/addons/auction/report/bids_lots.py
2026-02-03 10:14:14,673 - Knowledge - INFO - process ingested knowledge for /app/data/T0002/210882/b3694rp/odoo-210882/addons/auction/report/auction_catelog.py
2026-02-03 10:14:14,673 - Knowledge - INFO - Async storing batch of 6 embeddings
2026-02-03 10:14:14,738 - Knowledge - INFO - process ingested knowledge for /app/data/T0002/210882/b3694rp/odoo-210882/addons/hr_timesheet_invoice/report/cost_ledger.py
2026-02-03 10:14:14,759 - Knowledge - INFO - Worker kw10 processing /app/data/T0002/210882/b3694rp/odoo-210882/addons/auction/auction_sequence.xml
2026-02-03 10:14:14,853 - Knowledge - INFO - Fast-tracked /app/data/T0002/210882/b3694rp/odoo-210882/addons/auction/auction_sequence.xml (ext=.xml, size=855)
2026-02-03 10:14:14,859 - Knowledge - INFO - Worker kw10 processing /app/data/T0002/210882/b3694rp/odoo-210882/addons/auction/auction.py
2026-02-03 10:14:14,869 - Knowledge - INFO - Worker kw10 processing /app/data/T0002/210882/b3694rp/odoo-210882/addons/auction/auction_demo.xml
2026-02-03 10:14:14,972 - Knowledge - INFO - Fast-tracked /app/data/T0002/210882/b3694rp/odoo-210882/addons/auction/auction_demo.xml (ext=.xml, size=36773)
2026-02-03 10:14:15,043 - Knowledge - INFO - Worker kw10 processing /app/data/T0002/210882/b3694rp/odoo-210882/addons/auction/__terp__.py
2026-02-03 10:14:15,249 - Knowledge - INFO - Fast-tracked /app/data/T0002/210882/b3694rp/odoo-210882/addons/auction/__terp__.py (ext=.py, size=1762)
2026-02-03 10:14:15,252 - Knowledge - INFO - Worker kw10 processing /app/data/T0002/210882/b3694rp/odoo-210882/addons/auction/wizard/wizard_payer.py
2026-02-03 10:14:15,262 - Knowledge - INFO - Worker kw10 processing /app/data/T0002/210882/b3694rp/odoo-210882/addons/auction/wizard/wizard_auction_journal.py
2026-02-03 10:14:15,654 - Knowledge - INFO - Fast-tracked /app/data/T0002/210882/b3694rp/odoo-210882/addons/auction/wizard/wizard_payer.py (small file (2459 bytes))
2026-02-03 10:14:15,944 - Knowledge - INFO - Async storage completed for 6 embeddings
2026-02-03 10:14:15,946 - Knowledge - INFO - process ingested knowledge for /app/data/T0002/210882/b3694rp/odoo-210882/addons/auction/report/catalog.xml
2026-02-03 10:14:16,056 - Knowledge - INFO - process ingested knowledge for /app/data/T0002/210882/b3694rp/odoo-210882/addons/audittrail/security/audittrail_security.xml
2026-02-03 10:14:16,059 - Knowledge - INFO - Processing batch of 6 files
2026-02-03 10:14:16,146 - Knowledge - INFO - process ingested knowledge for /app/data/T0002/210882/b3694rp/odoo-210882/addons/auction/report/auction_result.py
2026-02-03 10:14:16,168 - Knowledge - INFO - Processing batch of 6 files
2026-02-03 10:14:16,174 - Knowledge - INFO - process ingested knowledge for /app/data/T0002/210882/b3694rp/odoo-210882/addons/auction/report/lots_list_landscape.xml
2026-02-03 10:14:16,256 - Knowledge - INFO - process ingested knowledge for /app/data/T0002/210882/b3694rp/odoo-210882/addons/auction/report/lots_list.py
2026-02-03 10:14:16,667 - Knowledge - INFO - [kw17] Queue=213, InProgress=0, PendingWorkers=20/20, Completed=1024/1263 (81.1%)
2026-02-03 10:14:16,749 - Knowledge - INFO - Batch sizing: calculated=6, max_allowed=10, queue=213, active_workers=20/20
2026-02-03 10:14:16,750 - Knowledge - INFO - process ingested knowledge for /app/data/T0002/210882/b3694rp/odoo-210882/addons/auction/report/content.xml
2026-02-03 10:14:17,250 - Knowledge - INFO - [LLM_CALL] Completed: total.py:chunk1, Duration: 4303ms, PromptTokens: 3476, CompletionTokens: 296, Cost: $0.00047
2026-02-03 10:14:17,258 - Knowledge - INFO - done ingest for /app/data/T0002/210882/b3694rp/odoo-210882/addons/auction/report/total.py
2026-02-03 10:14:17,766 - Knowledge - INFO - process ingested knowledge for /app/data/T0002/210882/b3694rp/odoo-210882/addons/hr_timesheet_invoice/report/account_analytic_profit.py
2026-02-03 10:14:17,837 - Knowledge - INFO - [kw6] Queue=213, InProgress=0, PendingWorkers=20/20, Completed=1025/1263 (81.2%)
2026-02-03 10:14:17,858 - Knowledge - INFO - Batch sizing: calculated=6, max_allowed=10, queue=213, active_workers=20/20
2026-02-03 10:14:17,870 - Knowledge - INFO - process ingested knowledge for /app/data/T0002/210882/b3694rp/odoo-210882/addons/auction/report/catalog2.py
2026-02-03 10:14:17,874 - Knowledge - INFO - process ingested knowledge for /app/data/T0002/210882/b3694rp/odoo-210882/addons/auction/report/seller_form_report.py
2026-02-03 10:14:18,043 - Knowledge - INFO - [kw5] Queue=213, InProgress=0, PendingWorkers=20/20, Completed=1029/1263 (81.5%)
2026-02-03 10:14:18,051 - Knowledge - INFO - Batch sizing: calculated=6, max_allowed=10, queue=213, active_workers=20/20
2026-02-03 10:14:18,053 - Knowledge - INFO - Async storing batch of 6 embeddings
2026-02-03 10:14:18,060 - Knowledge - INFO - [WEBSOCKET] Sent: Type=progress_update, Size: 294, Duration: 0ms
2026-02-03 10:14:18,067 - Knowledge - INFO - process ingested knowledge for /app/data/T0002/210882/b3694rp/odoo-210882/addons/auction/report/lots_with_vat.xml
2026-02-03 10:14:18,138 - Knowledge - INFO - process ingested knowledge for /app/data/T0002/210882/b3694rp/odoo-210882/addons/hr_timesheet_invoice/report/__init__.py
2026-02-03 10:14:18,152 - Knowledge - INFO - Processing batch of 6 files
2026-02-03 10:14:18,155 - Knowledge - INFO - [WEBSOCKET] Sent: Type=unknown, Size: ?, Duration: 95ms
2026-02-03 10:14:18,156 - Knowledge - INFO - process ingested knowledge for /app/data/T0002/210882/b3694rp/odoo-210882/addons/auction/report/auction_invoice.py
2026-02-03 10:14:18,250 - Knowledge - INFO - Async storing batch of 6 embeddings
2026-02-03 10:14:18,349 - Knowledge - INFO - Worker kw17 processing /app/data/T0002/210882/b3694rp/odoo-210882/addons/auction/wizard/wizard_lots_numerotate.py
2026-02-03 10:14:18,352 - Knowledge - INFO - process ingested knowledge for /app/data/T0002/210882/b3694rp/odoo-210882/addons/auction/barcode/fourstate.py
2026-02-03 10:14:18,447 - Knowledge - INFO - Progress: 81.5% | Files: 1030/1263 | Rate: 1.01 files/sec | Queue: 201
2026-02-03 10:14:18,552 - Knowledge - INFO - Processing batch of 6 files
2026-02-03 10:14:18,563 - Knowledge - INFO - process ingested knowledge for /app/data/T0002/210882/b3694rp/odoo-210882/addons/audittrail/audittrail_demo.xml
2026-02-03 10:14:18,572 - Knowledge - INFO - Worker kw6 processing /app/data/T0002/210882/b3694rp/odoo-210882/addons/auction/wizard/wizard_lots_cancel.py
2026-02-03 10:14:18,644 - Knowledge - INFO - Worker kw17 processing /app/data/T0002/210882/b3694rp/odoo-210882/addons/auction/wizard/wizard_lots_buyer_map.py
2026-02-03 10:14:18,668 - Knowledge - INFO - Worker kw17 processing /app/data/T0002/210882/b3694rp/odoo-210882/addons/auction/wizard/wizard_auction_invoice_buyer.py
2026-02-03 10:14:18,740 - Knowledge - INFO - Worker kw6 processing /app/data/T0002/210882/b3694rp/odoo-210882/addons/auction/wizard/wizard_pay.py
2026-02-03 10:14:18,755 - Knowledge - INFO - Worker kw6 processing /app/data/T0002/210882/b3694rp/odoo-210882/addons/auction/wizard/wizard_lot_date_move.py
2026-02-03 10:14:18,755 - Knowledge - INFO - Worker kw17 processing /app/data/T0002/210882/b3694rp/odoo-210882/addons/auction/wizard/auction_wizard_enable_taken.py
2026-02-03 10:14:18,847 - Knowledge - INFO - Worker kw6 processing /app/data/T0002/210882/b3694rp/odoo-210882/addons/auction/wizard/wizard_lots_invoice.py
2026-02-03 10:14:18,851 - Knowledge - INFO - Worker kw17 processing /app/data/T0002/210882/b3694rp/odoo-210882/addons/auction/wizard/wizard_lots_pay.py
2026-02-03 10:14:18,857 - Knowledge - INFO - Worker kw6 processing /app/data/T0002/210882/b3694rp/odoo-210882/addons/auction/wizard/wizard_aie_send_result.py
2026-02-03 10:14:18,859 - Knowledge - INFO - Worker kw17 processing /app/data/T0002/210882/b3694rp/odoo-210882/addons/auction/wizard/wizard_transfer_unsold_object.py
2026-02-03 10:14:18,860 - Knowledge - INFO - Worker kw6 processing /app/data/T0002/210882/b3694rp/odoo-210882/addons/auction/wizard/wizard_emporte.py
2026-02-03 10:14:19,150 - Knowledge - INFO - Async storing batch of 6 embeddings
2026-02-03 10:14:19,163 - Knowledge - INFO - process ingested knowledge for /app/data/T0002/210882/b3694rp/odoo-210882/addons/audittrail/audittrail_view.xml
2026-02-03 10:14:19,163 - Knowledge - INFO - Worker kw5 processing /app/data/T0002/210882/b3694rp/odoo-210882/addons/auction/wizard/auction_catalog_flagey.py
2026-02-03 10:14:19,166 - Knowledge - INFO - [kw15] Queue=195, InProgress=0, PendingWorkers=20/20, Completed=1031/1263 (81.6%)
2026-02-03 10:14:19,255 - Knowledge - INFO - process ingested knowledge for /app/data/T0002/210882/b3694rp/odoo-210882/addons/auction/report/buyer_form_report.py
2026-02-03 10:14:19,259 - Knowledge - INFO - process ingested knowledge for /app/data/T0002/210882/b3694rp/odoo-210882/addons/auction/report/lots_list_landscape.py
2026-02-03 10:14:19,261 - Knowledge - INFO - process ingested knowledge for /app/data/T0002/210882/b3694rp/odoo-210882/addons/auction/barcode/usps.py
2026-02-03 10:14:19,266 - Knowledge - INFO - Fast-tracked /app/data/T0002/210882/b3694rp/odoo-210882/addons/auction/wizard/auction_catalog_flagey.py (ext=.py, size=1928)
2026-02-03 10:14:19,273 - Knowledge - INFO - Batch sizing: calculated=5, max_allowed=10, queue=195, active_workers=20/20
2026-02-03 10:14:19,473 - Knowledge - INFO - Worker kw5 processing /app/data/T0002/210882/b3694rp/odoo-210882/addons/auction/wizard/wizard_lots_sms.py
2026-02-03 10:14:19,568 - Knowledge - INFO - Worker kw5 processing /app/data/T0002/210882/b3694rp/odoo-210882/addons/auction/wizard/__init__.py
2026-02-03 10:14:19,675 - Knowledge - INFO - Fast-tracked /app/data/T0002/210882/b3694rp/odoo-210882/addons/auction/wizard/__init__.py (ext=.py, size=1586)
2026-02-03 10:14:19,766 - Knowledge - INFO - process ingested knowledge for /app/data/T0002/210882/b3694rp/odoo-210882/addons/auction/report/photo_shadow.py
2026-02-03 10:14:19,840 - Knowledge - INFO - Worker kw5 processing /app/data/T0002/210882/b3694rp/odoo-210882/addons/auction/wizard/auction_wizard_able_taken.py
2026-02-03 10:14:19,937 - Knowledge - INFO - Worker kw5 processing /app/data/T0002/210882/b3694rp/odoo-210882/addons/auction/wizard/wizard_aie_send.py
2026-02-03 10:14:19,967 - Knowledge - INFO - Fast-tracked /app/data/T0002/210882/b3694rp/odoo-210882/addons/auction/wizard/auction_wizard_enable_taken.py (small file (2063 bytes))
2026-02-03 10:14:20,048 - Knowledge - INFO - Worker kw5 processing /app/data/T0002/210882/b3694rp/odoo-210882/addons/auction/auction_report.xml
2026-02-03 10:14:20,168 - Knowledge - INFO - Fast-tracked /app/data/T0002/210882/b3694rp/odoo-210882/addons/auction/auction_report.xml (ext=.xml, size=5354)
2026-02-03 10:14:20,942 - Knowledge - INFO - process ingested knowledge for /app/data/T0002/210882/b3694rp/odoo-210882/addons/audittrail/audittrail.py
2026-02-03 10:14:21,145 - Knowledge - INFO - process ingested knowledge for /app/data/T0002/210882/b3694rp/odoo-210882/addons/audittrail/__terp__.py
2026-02-03 10:14:21,151 - Knowledge - INFO - Fast-tracked /app/data/T0002/210882/b3694rp/odoo-210882/addons/auction/wizard/auction_wizard_able_taken.py (small file (2030 bytes))
2026-02-03 10:14:21,152 - Knowledge - INFO - Async storing batch of 6 embeddings
2026-02-03 10:14:21,160 - Knowledge - INFO - process ingested knowledge for /app/data/T0002/210882/b3694rp/odoo-210882/addons/auction/report/auction_buyer_result.py
2026-02-03 10:14:21,444 - Knowledge - INFO - Worker kw15 processing /app/data/T0002/210882/b3694rp/odoo-210882/addons/auction/auction_data.xml
2026-02-03 10:14:21,560 - Knowledge - INFO - Fast-tracked /app/data/T0002/210882/b3694rp/odoo-210882/addons/auction/auction_data.xml (ext=.xml, size=3680)
2026-02-03 10:14:21,639 - Knowledge - INFO - Worker kw15 processing /app/data/T0002/210882/b3694rp/odoo-210882/addons/auction/__init__.py
2026-02-03 10:14:21,648 - Knowledge - INFO - Fast-tracked /app/data/T0002/210882/b3694rp/odoo-210882/addons/auction/__init__.py (ext=.py, size=1101)
2026-02-03 10:14:21,648 - Knowledge - INFO - Worker kw15 processing /app/data/T0002/210882/b3694rp/odoo-210882/addons/board_manufacturing/board_manufacturing_view.xml
2026-02-03 10:14:21,657 - Knowledge - INFO - Fast-tracked /app/data/T0002/210882/b3694rp/odoo-210882/addons/board_manufacturing/board_manufacturing_view.xml (ext=.xml, size=2294)
2026-02-03 10:14:21,659 - Knowledge - INFO - Worker kw15 processing /app/data/T0002/210882/b3694rp/odoo-210882/addons/board_manufacturing/board_manufacturing_demo.xml
2026-02-03 10:14:21,743 - Knowledge - INFO - Async storage completed for 6 embeddings
2026-02-03 10:14:21,955 - Knowledge - INFO - Fast-tracked /app/data/T0002/210882/b3694rp/odoo-210882/addons/auction/wizard/wizard_emporte.py (small file (2370 bytes))
2026-02-03 10:14:21,956 - Knowledge - INFO - Fast-tracked /app/data/T0002/210882/b3694rp/odoo-210882/addons/board_manufacturing/board_manufacturing_demo.xml (ext=.xml, size=605)
2026-02-03 10:14:21,969 - Knowledge - INFO - Async storage completed for 6 embeddings
2026-02-03 10:14:21,970 - Knowledge - INFO - process ingested knowledge for /app/data/T0002/210882/b3694rp/odoo-210882/addons/auction/report/ach_bordereau_photo.xml
2026-02-03 10:14:22,057 - Knowledge - INFO - Async storage completed for 6 embeddings
2026-02-03 10:14:22,150 - Knowledge - INFO - Worker kw15 processing /app/data/T0002/210882/b3694rp/odoo-210882/addons/board_manufacturing/__terp__.py
2026-02-03 10:14:22,338 - Knowledge - INFO - Fast-tracked /app/data/T0002/210882/b3694rp/odoo-210882/addons/board_manufacturing/__terp__.py (ext=.py, size=1670)
2026-02-03 10:14:22,360 - Knowledge - INFO - Async storage completed for 6 embeddings
2026-02-03 10:14:23,741 - Knowledge - INFO - [kw19] Queue=190, InProgress=0, PendingWorkers=20/20, Completed=1034/1263 (81.9%)
2026-02-03 10:14:23,749 - Knowledge - INFO - Batch sizing: calculated=5, max_allowed=10, queue=190, active_workers=20/20
2026-02-03 10:14:23,750 - Knowledge - INFO - process ingested knowledge for /app/data/T0002/210882/b3694rp/odoo-210882/addons/audittrail/wizard/wizard_view_log.py
2026-02-03 10:14:24,746 - Knowledge - INFO - process ingested knowledge for /app/data/T0002/210882/b3694rp/odoo-210882/addons/auction/report/results.xml
2026-02-03 10:14:26,543 - Knowledge - INFO - Processing batch of 6 files
2026-02-03 10:14:26,551 - Knowledge - INFO - process ingested knowledge for /app/data/T0002/210882/b3694rp/odoo-210882/addons/auction/barcode/code93.py
2026-02-03 10:14:26,567 - Knowledge - INFO - process ingested knowledge for /app/data/T0002/210882/b3694rp/odoo-210882/addons/auction/report/results_buyer.xml
2026-02-03 10:14:27,662 - Knowledge - INFO - Async storing batch of 6 embeddings
2026-02-03 10:14:27,676 - Knowledge - INFO - process ingested knowledge for /app/data/T0002/210882/b3694rp/odoo-210882/addons/audittrail/wizard/__init__.py
2026-02-03 10:14:27,838 - Knowledge - INFO - Worker kw19 processing /app/data/T0002/210882/b3694rp/odoo-210882/addons/board_manufacturing/__init__.py
2026-02-03 10:14:27,860 - Knowledge - INFO - Fast-tracked /app/data/T0002/210882/b3694rp/odoo-210882/addons/board_manufacturing/__init__.py (ext=.py, size=1058)
2026-02-03 10:14:27,860 - Knowledge - INFO - Worker kw19 processing /app/data/T0002/210882/b3694rp/odoo-210882/addons/l10n_lu/l10n_lu_wizard.xml
2026-02-03 10:14:28,447 - Knowledge - INFO - Processing batch of 6 files
2026-02-03 10:14:28,448 - Knowledge - INFO - Fast-tracked /app/data/T0002/210882/b3694rp/odoo-210882/addons/l10n_lu/l10n_lu_wizard.xml (ext=.xml, size=1186)
2026-02-03 10:14:28,658 - Knowledge - INFO - process ingested knowledge for /app/data/T0002/210882/b3694rp/odoo-210882/addons/auction/report/catelogwithpictures.py
2026-02-03 10:14:28,763 - Knowledge - INFO - Worker kw19 processing /app/data/T0002/210882/b3694rp/odoo-210882/addons/l10n_lu/__terp__.py
2026-02-03 10:14:29,336 - Knowledge - INFO - Fast-tracked /app/data/T0002/210882/b3694rp/odoo-210882/addons/l10n_lu/__terp__.py (ext=.py, size=1804)
2026-02-03 10:14:29,337 - Knowledge - INFO - Worker kw19 processing /app/data/T0002/210882/b3694rp/odoo-210882/addons/l10n_lu/wizard/print_vat.py
2026-02-03 10:14:29,437 - Knowledge - INFO - process ingested knowledge for /app/data/T0002/210882/b3694rp/odoo-210882/addons/auction/report/lots_list.xml
2026-02-03 10:14:29,442 - Knowledge - INFO - Worker kw19 processing /app/data/T0002/210882/b3694rp/odoo-210882/addons/l10n_lu/wizard/pdf_ext.py
2026-02-03 10:14:29,442 - Knowledge - INFO - process ingested knowledge for /app/data/T0002/210882/b3694rp/odoo-210882/addons/auction/report/buyer_list.xml
2026-02-03 10:14:29,572 - Knowledge - INFO - process ingested knowledge for /app/data/T0002/210882/b3694rp/odoo-210882/addons/auction/barcode/code39.py
2026-02-03 10:14:30,042 - Knowledge - INFO - Fast-tracked /app/data/T0002/210882/b3694rp/odoo-210882/addons/l10n_lu/wizard/print_vat.py (small file (2856 bytes))
2026-02-03 10:14:30,547 - Knowledge - INFO - Processing batch of 6 files
2026-02-03 10:14:30,553 - Knowledge - INFO - process ingested knowledge for /app/data/T0002/210882/b3694rp/odoo-210882/addons/auction/report/deposit_seller.py
2026-02-03 10:14:30,670 - Knowledge - INFO - Async storage completed for 6 embeddings
2026-02-03 10:14:31,074 - Knowledge - INFO - process ingested knowledge for /app/data/T0002/210882/b3694rp/odoo-210882/addons/audittrail/__init__.py
2026-02-03 10:14:31,137 - Knowledge - INFO - process ingested knowledge for /app/data/T0002/210882/b3694rp/odoo-210882/addons/auction/report/bids.xml
2026-02-03 10:14:32,552 - Knowledge - INFO - process ingested knowledge for /app/data/T0002/210882/b3694rp/odoo-210882/addons/auction/report/artists_lots.py
2026-02-03 10:14:32,558 - Knowledge - INFO - process ingested knowledge for /app/data/T0002/210882/b3694rp/odoo-210882/addons/auction/report/deposit.xml
2026-02-03 10:14:33,852 - Knowledge - INFO - process ingested knowledge for /app/data/T0002/210882/b3694rp/odoo-210882/addons/auction/barcode/code128.py
2026-02-03 10:14:34,353 - Knowledge - INFO - [LLM_CALL] Completed: auction_total_rml.py:chunk1, Duration: 21399ms, PromptTokens: 4340, CompletionTokens: 803, Cost: $0.00076
2026-02-03 10:14:35,257 - Knowledge - INFO - done ingest for /app/data/T0002/210882/b3694rp/odoo-210882/addons/auction/report/auction_total_rml.py
2026-02-03 10:14:35,959 - Knowledge - INFO - process ingested knowledge for /app/data/T0002/210882/b3694rp/odoo-210882/addons/auction/barcode/common.py
2026-02-03 10:14:36,048 - Knowledge - INFO - process ingested knowledge for /app/data/T0002/210882/b3694rp/odoo-210882/addons/auction/report/seller_list.xml
2026-02-03 10:14:37,466 - Knowledge - INFO - process ingested knowledge for /app/data/T0002/210882/b3694rp/odoo-210882/addons/auction/barcode/test.py
2026-02-03 10:14:37,957 - Knowledge - INFO - Processing batch of 5 files
2026-02-03 10:14:37,957 - Knowledge - INFO - process ingested knowledge for /app/data/T0002/210882/b3694rp/odoo-210882/addons/auction/auction_data.xml
2026-02-03 10:14:38,845 - Knowledge - INFO - [LLM_CALL] Completed: wizard_auction_journal.py:chunk1, Duration: 23109ms, PromptTokens: 2700, CompletionTokens: 314, Cost: $0.00040
2026-02-03 10:14:38,846 - Knowledge - INFO - done ingest for /app/data/T0002/210882/b3694rp/odoo-210882/addons/auction/wizard/wizard_auction_journal.py
2026-02-03 10:14:41,338 - Knowledge - INFO - process ingested knowledge for /app/data/T0002/210882/b3694rp/odoo-210882/addons/auction/report/vnd_bordereau.xml
2026-02-03 10:14:41,862 - Knowledge - INFO - [LLM_CALL] Completed: wizard_lots_sms.py:chunk1, Duration: 21119ms, PromptTokens: 4052, CompletionTokens: 254, Cost: $0.00051
2026-02-03 10:14:41,870 - Knowledge - INFO - done ingest for /app/data/T0002/210882/b3694rp/odoo-210882/addons/auction/wizard/wizard_lots_sms.py
2026-02-03 10:14:43,941 - Knowledge - INFO - [LLM_CALL] Completed: wizard_pay.py:chunk1, Duration: 24487ms, PromptTokens: 3272, CompletionTokens: 326, Cost: $0.00046
2026-02-03 10:14:44,052 - Knowledge - INFO - done ingest for /app/data/T0002/210882/b3694rp/odoo-210882/addons/auction/wizard/wizard_pay.py
2026-02-03 10:14:44,380 - Knowledge - INFO - [LLM_CALL] Completed: pdf_ext.py:chunk1, Duration: 14107ms, PromptTokens: 2474, CompletionTokens: 378, Cost: $0.00040
2026-02-03 10:14:44,381 - Knowledge - INFO - done ingest for /app/data/T0002/210882/b3694rp/odoo-210882/addons/l10n_lu/wizard/pdf_ext.py
2026-02-03 10:14:44,949 - Knowledge - INFO - [LLM_CALL] Completed: wizard_lots_cancel.py:chunk1, Duration: 25993ms, PromptTokens: 2430, CompletionTokens: 265, Cost: $0.00035
2026-02-03 10:14:44,969 - Knowledge - INFO - done ingest for /app/data/T0002/210882/b3694rp/odoo-210882/addons/auction/wizard/wizard_lots_cancel.py
2026-02-03 10:14:45,849 - Knowledge - INFO - process ingested knowledge for /app/data/T0002/210882/b3694rp/odoo-210882/addons/auction/__init__.py
2026-02-03 10:14:46,572 - Knowledge - INFO - process ingested knowledge for /app/data/T0002/210882/b3694rp/odoo-210882/addons/auction/report/lots_list_inventory.py
2026-02-03 10:14:47,637 - Knowledge - INFO - process ingested knowledge for /app/data/T0002/210882/b3694rp/odoo-210882/addons/auction/report/lots_bids_phone2.xml
2026-02-03 10:14:47,657 - Knowledge - INFO - [LLM_CALL] Completed: wizard_aie_send.py:chunk1, Duration: 25815ms, PromptTokens: 5768, CompletionTokens: 486, Cost: $0.00077
2026-02-03 10:14:47,657 - Knowledge - INFO - done ingest for /app/data/T0002/210882/b3694rp/odoo-210882/addons/auction/wizard/wizard_aie_send.py
2026-02-03 10:14:47,666 - Knowledge - INFO - process ingested knowledge for /app/data/T0002/210882/b3694rp/odoo-210882/addons/auction/report/report_lot_bar_code.py
2026-02-03 10:14:50,471 - Knowledge - INFO - process ingested knowledge for /app/data/T0002/210882/b3694rp/odoo-210882/addons/board_manufacturing/board_manufacturing_view.xml
2026-02-03 10:14:50,545 - Knowledge - INFO - [kw14] Queue=185, InProgress=0, PendingWorkers=20/20, Completed=1046/1263 (82.8%)
2026-02-03 10:14:50,572 - Knowledge - INFO - Batch sizing: calculated=5, max_allowed=10, queue=185, active_workers=20/20
2026-02-03 10:14:51,861 - Knowledge - INFO - process ingested knowledge for /app/data/T0002/210882/b3694rp/odoo-210882/addons/auction/report/seller_address.py
2026-02-03 10:14:55,068 - Knowledge - INFO - [LLM_CALL] Completed: wizard_lots_buyer_map.py:chunk1, Duration: 35809ms, PromptTokens: 2890, CompletionTokens: 367, Cost: $0.00044
2026-02-03 10:14:55,139 - Knowledge - INFO - done ingest for /app/data/T0002/210882/b3694rp/odoo-210882/addons/auction/wizard/wizard_lots_buyer_map.py
2026-02-03 10:14:57,473 - Knowledge - INFO - [LLM_CALL] Completed: wizard_auction_invoice_buyer.py:chunk1, Duration: 37708ms, PromptTokens: 2918, CompletionTokens: 285, Cost: $0.00041
2026-02-03 10:14:57,474 - Knowledge - INFO - done ingest for /app/data/T0002/210882/b3694rp/odoo-210882/addons/auction/wizard/wizard_auction_invoice_buyer.py
2026-02-03 10:14:57,973 - Knowledge - INFO - process ingested knowledge for /app/data/T0002/210882/b3694rp/odoo-210882/addons/auction/report/artists.xml
2026-02-03 10:14:58,636 - Knowledge - INFO - Async storing batch of 6 embeddings
2026-02-03 10:14:58,651 - Knowledge - INFO - Worker kw14 processing /app/data/T0002/210882/b3694rp/odoo-210882/addons/l10n_lu/wizard/__init__.py
2026-02-03 10:14:58,736 - Knowledge - INFO - Fast-tracked /app/data/T0002/210882/b3694rp/odoo-210882/addons/l10n_lu/wizard/__init__.py (ext=.py, size=1073)
2026-02-03 10:14:58,737 - Knowledge - INFO - Worker kw14 processing /app/data/T0002/210882/b3694rp/odoo-210882/addons/l10n_lu/l10n_lu_report.xml
2026-02-03 10:14:58,755 - Knowledge - INFO - Fast-tracked /app/data/T0002/210882/b3694rp/odoo-210882/addons/l10n_lu/l10n_lu_report.xml (ext=.xml, size=307)
2026-02-03 10:14:58,838 - Knowledge - INFO - Worker kw14 processing /app/data/T0002/210882/b3694rp/odoo-210882/addons/l10n_lu/l10n_lu_data.xml
2026-02-03 10:14:58,863 - Knowledge - INFO - Fast-tracked /app/data/T0002/210882/b3694rp/odoo-210882/addons/l10n_lu/l10n_lu_data.xml (ext=.xml, size=143606)
2026-02-03 10:14:58,863 - Knowledge - INFO - Worker kw14 processing /app/data/T0002/210882/b3694rp/odoo-210882/addons/l10n_lu/__init__.py
2026-02-03 10:14:58,960 - Knowledge - INFO - Fast-tracked /app/data/T0002/210882/b3694rp/odoo-210882/addons/l10n_lu/__init__.py (ext=.py, size=1070)
2026-02-03 10:14:58,969 - Knowledge - INFO - Worker kw14 processing /app/data/T0002/210882/b3694rp/odoo-210882/addons/base_setup/base_setup_wizard.xml
2026-02-03 10:14:58,983 - Knowledge - INFO - Fast-tracked /app/data/T0002/210882/b3694rp/odoo-210882/addons/base_setup/base_setup_wizard.xml (ext=.xml, size=198)
2026-02-03 10:14:59,048 - Knowledge - INFO - Async storage completed for 6 embeddings
2026-02-03 10:14:59,437 - Knowledge - INFO - process ingested knowledge for /app/data/T0002/210882/b3694rp/odoo-210882/addons/auction/auction_view.xml
2026-02-03 10:14:59,461 - Knowledge - INFO - process ingested knowledge for /app/data/T0002/210882/b3694rp/odoo-210882/addons/auction/report/auction_artists.py
2026-02-03 10:15:00,281 - Knowledge - INFO - [LLM_CALL] Completed: wizard_lots_invoice.py:chunk1, Duration: 40018ms, PromptTokens: 2968, CompletionTokens: 253, Cost: $0.00040
2026-02-03 10:15:00,338 - Knowledge - INFO - done ingest for /app/data/T0002/210882/b3694rp/odoo-210882/addons/auction/wizard/wizard_lots_invoice.py
2026-02-03 10:15:01,159 - Knowledge - INFO - [LLM_CALL] Completed: wizard_transfer_unsold_object.py:chunk1, Duration: 39914ms, PromptTokens: 2888, CompletionTokens: 426, Cost: $0.00046
2026-02-03 10:15:01,236 - Knowledge - INFO - done ingest for /app/data/T0002/210882/b3694rp/odoo-210882/addons/auction/wizard/wizard_transfer_unsold_object.py
2026-02-03 10:15:03,071 - Knowledge - INFO - [LLM_CALL] Completed: wizard_aie_send_result.py:chunk1, Duration: 41910ms, PromptTokens: 3404, CompletionTokens: 298, Cost: $0.00046
2026-02-03 10:15:03,084 - Knowledge - INFO - done ingest for /app/data/T0002/210882/b3694rp/odoo-210882/addons/auction/wizard/wizard_aie_send_result.py
2026-02-03 10:15:03,145 - Knowledge - INFO - process ingested knowledge for /app/data/T0002/210882/b3694rp/odoo-210882/addons/board_manufacturing/board_manufacturing_demo.xml
2026-02-03 10:15:03,156 - Knowledge - INFO - process ingested knowledge for /app/data/T0002/210882/b3694rp/odoo-210882/addons/auction/report/buyer_list.py
2026-02-03 10:15:03,860 - Knowledge - INFO - [LLM_CALL] Completed: wizard_lots_numerotate.py:chunk1, Duration: 44989ms, PromptTokens: 4212, CompletionTokens: 407, Cost: $0.00058
2026-02-03 10:15:03,860 - Knowledge - INFO - done ingest for /app/data/T0002/210882/b3694rp/odoo-210882/addons/auction/wizard/wizard_lots_numerotate.py
2026-02-03 10:15:05,043 - Knowledge - INFO - process ingested knowledge for /app/data/T0002/210882/b3694rp/odoo-210882/addons/auction/auction_wizard.xml
2026-02-03 10:15:05,099 - Knowledge - INFO - process ingested knowledge for /app/data/T0002/210882/b3694rp/odoo-210882/addons/auction/report/ach_bordereau.xml
2026-02-03 10:15:05,142 - Knowledge - INFO - [kw3] Queue=180, InProgress=0, PendingWorkers=20/20, Completed=1052/1263 (83.3%)
2026-02-03 10:15:05,165 - Knowledge - INFO - Batch sizing: calculated=5, max_allowed=10, queue=180, active_workers=20/20
2026-02-03 10:15:06,149 - Knowledge - INFO - [LLM_CALL] Completed: wizard_lots_pay.py:chunk1, Duration: 45975ms, PromptTokens: 2928, CompletionTokens: 271, Cost: $0.00040
2026-02-03 10:15:06,364 - Knowledge - INFO - done ingest for /app/data/T0002/210882/b3694rp/odoo-210882/addons/auction/wizard/wizard_lots_pay.py
2026-02-03 10:15:07,163 - Knowledge - INFO - [LLM_CALL] Completed: wizard_lot_date_move.py:chunk1, Duration: 47323ms, PromptTokens: 2774, CompletionTokens: 378, Cost: $0.00043
2026-02-03 10:15:07,166 - Knowledge - INFO - done ingest for /app/data/T0002/210882/b3694rp/odoo-210882/addons/auction/wizard/wizard_lot_date_move.py
2026-02-03 10:15:07,449 - Knowledge - INFO - process ingested knowledge for /app/data/T0002/210882/b3694rp/odoo-210882/addons/board_manufacturing/__terp__.py
2026-02-03 10:15:07,542 - Knowledge - INFO - process ingested knowledge for /app/data/T0002/210882/b3694rp/odoo-210882/addons/auction/report/auction_objects.py
2026-02-03 10:15:07,651 - Knowledge - INFO - [WEBSOCKET] Sent: Type=progress_update, Size: 295, Duration: 0ms
2026-02-03 10:15:07,655 - Knowledge - INFO - Async storing batch of 6 embeddings
2026-02-03 10:15:07,737 - Knowledge - INFO - [WEBSOCKET] Sent: Type=unknown, Size: ?, Duration: 86ms
2026-02-03 10:15:07,739 - Knowledge - INFO - Worker kw3 processing /app/data/T0002/210882/b3694rp/odoo-210882/addons/base_setup/__terp__.py
2026-02-03 10:15:07,740 - Knowledge - INFO - Progress: 83.7% | Files: 1058/1263 | Rate: 0.99 files/sec | Queue: 175
2026-02-03 10:15:07,741 - Knowledge - INFO - [kw4] Queue=175, InProgress=0, PendingWorkers=20/20, Completed=1058/1263 (83.8%)
2026-02-03 10:15:07,745 - Knowledge - INFO - Fast-tracked /app/data/T0002/210882/b3694rp/odoo-210882/addons/base_setup/__terp__.py (ext=.py, size=1949)
2026-02-03 10:15:07,747 - Knowledge - INFO - Batch sizing: calculated=5, max_allowed=10, queue=175, active_workers=20/20
2026-02-03 10:15:07,758 - Knowledge - INFO - Worker kw3 processing /app/data/T0002/210882/b3694rp/odoo-210882/addons/base_setup/base_setup_demo.xml
2026-02-03 10:15:07,873 - Knowledge - INFO - Fast-tracked /app/data/T0002/210882/b3694rp/odoo-210882/addons/base_setup/base_setup_demo.xml (ext=.xml, size=251)
2026-02-03 10:15:07,873 - Knowledge - INFO - Worker kw3 processing /app/data/T0002/210882/b3694rp/odoo-210882/addons/base_setup/wizard/wizard_base_setup.py
2026-02-03 10:15:07,964 - Knowledge - INFO - Worker kw3 processing /app/data/T0002/210882/b3694rp/odoo-210882/addons/base_setup/wizard/__init__.py
2026-02-03 10:15:07,993 - Knowledge - INFO - Fast-tracked /app/data/T0002/210882/b3694rp/odoo-210882/addons/base_setup/wizard/__init__.py (ext=.py, size=1085)
2026-02-03 10:15:08,037 - Knowledge - INFO - Worker kw3 processing /app/data/T0002/210882/b3694rp/odoo-210882/addons/base_setup/base_setup_data.xml
2026-02-03 10:15:08,067 - Knowledge - INFO - Fast-tracked /app/data/T0002/210882/b3694rp/odoo-210882/addons/base_setup/base_setup_data.xml (ext=.xml, size=575)
2026-02-03 10:15:08,348 - Knowledge - INFO - Async storage completed for 6 embeddings
2026-02-03 10:15:08,641 - Knowledge - INFO - [LLM_CALL] Completed: auction.py:chunk1, Duration: 53064ms, PromptTokens: 30334, CompletionTokens: 1607, Cost: $0.00368
2026-02-03 10:15:08,645 - Knowledge - INFO - done ingest for /app/data/T0002/210882/b3694rp/odoo-210882/addons/auction/auction.py
2026-02-03 10:15:09,646 - Knowledge - INFO - [kw2] Queue=175, InProgress=0, PendingWorkers=20/20, Completed=1060/1263 (83.9%)
2026-02-03 10:15:09,647 - Knowledge - INFO - Processing batch of 5 files
2026-02-03 10:15:09,647 - Knowledge - INFO - Batch sizing: calculated=5, max_allowed=10, queue=175, active_workers=20/20
2026-02-03 10:15:09,648 - Knowledge - INFO - process ingested knowledge for /app/data/T0002/210882/b3694rp/odoo-210882/addons/l10n_lu/wizard/__init__.py
2026-02-03 10:15:09,655 - Knowledge - INFO - Async storing batch of 6 embeddings
2026-02-03 10:15:09,658 - Knowledge - INFO - Worker kw4 processing /app/data/T0002/210882/b3694rp/odoo-210882/addons/base_setup/__init__.py
2026-02-03 10:15:09,663 - Knowledge - INFO - Fast-tracked /app/data/T0002/210882/b3694rp/odoo-210882/addons/base_setup/__init__.py (ext=.py, size=1073)
2026-02-03 10:15:09,664 - Knowledge - INFO - Worker kw4 processing /app/data/T0002/210882/b3694rp/odoo-210882/addons/purchase/test/purchase_test.xml
2026-02-03 10:15:09,670 - Knowledge - INFO - Fast-tracked /app/data/T0002/210882/b3694rp/odoo-210882/addons/purchase/test/purchase_test.xml (ext=.xml, size=8087)
2026-02-03 10:15:09,671 - Knowledge - INFO - Worker kw4 processing /app/data/T0002/210882/b3694rp/odoo-210882/addons/purchase/security/purchase_security.xml
2026-02-03 10:15:09,747 - Knowledge - INFO - Fast-tracked /app/data/T0002/210882/b3694rp/odoo-210882/addons/purchase/security/purchase_security.xml (ext=.xml, size=340)
2026-02-03 10:15:09,747 - Knowledge - INFO - Worker kw4 processing /app/data/T0002/210882/b3694rp/odoo-210882/addons/purchase/purchase_workflow.xml
2026-02-03 10:15:09,750 - Knowledge - INFO - Processing batch of 5 files
2026-02-03 10:15:09,751 - Knowledge - INFO - process ingested knowledge for /app/data/T0002/210882/b3694rp/odoo-210882/addons/board_manufacturing/__init__.py
2026-02-03 10:15:09,751 - Knowledge - INFO - Fast-tracked /app/data/T0002/210882/b3694rp/odoo-210882/addons/purchase/purchase_workflow.xml (ext=.xml, size=9021)
2026-02-03 10:15:09,753 - Knowledge - INFO - Worker kw4 processing /app/data/T0002/210882/b3694rp/odoo-210882/addons/purchase/purchase_view.xml
2026-02-03 10:15:09,755 - Knowledge - INFO - Fast-tracked /app/data/T0002/210882/b3694rp/odoo-210882/addons/purchase/purchase_view.xml (ext=.xml, size=14169)
2026-02-03 10:15:09,756 - Knowledge - INFO - Async storage completed for 6 embeddings
2026-02-03 10:15:11,572 - Knowledge - INFO - [kw12] Queue=170, InProgress=0, PendingWorkers=20/20, Completed=1067/1263 (84.5%)
2026-02-03 10:15:11,573 - Knowledge - INFO - Batch sizing: calculated=5, max_allowed=10, queue=170, active_workers=20/20
2026-02-03 10:15:11,573 - Knowledge - INFO - process ingested knowledge for /app/data/T0002/210882/b3694rp/odoo-210882/addons/l10n_lu/l10n_lu_report.xml
2026-02-03 10:15:11,647 - Knowledge - INFO - process ingested knowledge for /app/data/T0002/210882/b3694rp/odoo-210882/addons/l10n_lu/l10n_lu_wizard.xml
2026-02-03 10:15:11,865 - Knowledge - INFO - Processing batch of 6 files
2026-02-03 10:15:11,871 - Knowledge - INFO - process ingested knowledge for /app/data/T0002/210882/b3694rp/odoo-210882/addons/auction/report/huissier.py
2026-02-03 10:15:14,849 - Knowledge - INFO - [LLM_CALL] Completed: wizard_base_setup.py:chunk1, Duration: 6681ms, PromptTokens: 8190, CompletionTokens: 563, Cost: $0.00104
2026-02-03 10:15:14,850 - Knowledge - INFO - done ingest for /app/data/T0002/210882/b3694rp/odoo-210882/addons/base_setup/wizard/wizard_base_setup.py
2026-02-03 10:15:15,366 - Knowledge - INFO - Async storing batch of 6 embeddings
2026-02-03 10:15:15,366 - Knowledge - INFO - [kw16] Queue=165, InProgress=0, PendingWorkers=20/20, Completed=1072/1263 (84.9%)
2026-02-03 10:15:15,368 - Knowledge - INFO - Worker kw2 processing /app/data/T0002/210882/b3694rp/odoo-210882/addons/purchase/report/order.py
2026-02-03 10:15:15,370 - Knowledge - INFO - Async storing batch of 6 embeddings
2026-02-03 10:15:15,371 - Knowledge - INFO - [kw1] Queue=160, InProgress=0, PendingWorkers=20/20, Completed=1072/1263 (84.9%)
2026-02-03 10:15:15,373 - Knowledge - INFO - process ingested knowledge for /app/data/T0002/210882/b3694rp/odoo-210882/addons/l10n_lu/__terp__.py
2026-02-03 10:15:15,373 - Knowledge - INFO - Batch sizing: calculated=5, max_allowed=10, queue=165, active_workers=20/20
2026-02-03 10:15:15,375 - Knowledge - INFO - Processing batch of 6 files
2026-02-03 10:15:15,376 - Knowledge - INFO - process ingested knowledge for /app/data/T0002/210882/b3694rp/odoo-210882/addons/auction/report/total.py
2026-02-03 10:15:15,437 - Knowledge - INFO - Worker kw12 processing /app/data/T0002/210882/b3694rp/odoo-210882/addons/purchase/purchase_wizard.xml
2026-02-03 10:15:15,438 - Knowledge - INFO - Batch sizing: calculated=5, max_allowed=10, queue=160, active_workers=20/20
2026-02-03 10:15:15,438 - Knowledge - INFO - Worker kw2 processing /app/data/T0002/210882/b3694rp/odoo-210882/addons/purchase/report/request_quotation.py
2026-02-03 10:15:15,439 - Knowledge - INFO - process ingested knowledge for /app/data/T0002/210882/b3694rp/odoo-210882/addons/auction/wizard/auction_catalog_flagey.py
2026-02-03 10:15:15,440 - Knowledge - INFO - Fast-tracked /app/data/T0002/210882/b3694rp/odoo-210882/addons/purchase/purchase_wizard.xml (ext=.xml, size=298)
2026-02-03 10:15:15,441 - Knowledge - INFO - Fast-tracked /app/data/T0002/210882/b3694rp/odoo-210882/addons/purchase/report/request_quotation.py (ext=.py, size=1600)
2026-02-03 10:15:15,441 - Knowledge - INFO - Worker kw12 processing /app/data/T0002/210882/b3694rp/odoo-210882/addons/purchase/__terp__.py
2026-02-03 10:15:15,441 - Knowledge - INFO - Worker kw2 processing /app/data/T0002/210882/b3694rp/odoo-210882/addons/purchase/report/__init__.py
2026-02-03 10:15:15,443 - Knowledge - INFO - Fast-tracked /app/data/T0002/210882/b3694rp/odoo-210882/addons/purchase/__terp__.py (ext=.py, size=1987)
2026-02-03 10:15:15,443 - Knowledge - INFO - Worker kw12 processing /app/data/T0002/210882/b3694rp/odoo-210882/addons/purchase/purchase_demo.xml
2026-02-03 10:15:15,443 - Knowledge - INFO - Fast-tracked /app/data/T0002/210882/b3694rp/odoo-210882/addons/purchase/report/__init__.py (ext=.py, size=1097)
2026-02-03 10:15:15,444 - Knowledge - INFO - Worker kw2 processing /app/data/T0002/210882/b3694rp/odoo-210882/addons/purchase/purchase_sequence.xml
2026-02-03 10:15:15,445 - Knowledge - INFO - Fast-tracked /app/data/T0002/210882/b3694rp/odoo-210882/addons/purchase/purchase_demo.xml (ext=.xml, size=105)
2026-02-03 10:15:15,445 - Knowledge - INFO - Worker kw12 processing /app/data/T0002/210882/b3694rp/odoo-210882/addons/purchase/wizard/wizard_group.py
2026-02-03 10:15:15,446 - Knowledge - INFO - Fast-tracked /app/data/T0002/210882/b3694rp/odoo-210882/addons/purchase/purchase_sequence.xml (ext=.xml, size=615)
2026-02-03 10:15:15,446 - Knowledge - INFO - Worker kw2 processing /app/data/T0002/210882/b3694rp/odoo-210882/addons/purchase/purchase.py
2026-02-03 10:15:15,449 - Knowledge - INFO - Worker kw12 processing /app/data/T0002/210882/b3694rp/odoo-210882/addons/purchase/wizard/__init__.py
2026-02-03 10:15:15,451 - Knowledge - INFO - Fast-tracked /app/data/T0002/210882/b3694rp/odoo-210882/addons/purchase/wizard/__init__.py (ext=.py, size=1079)
2026-02-03 10:15:15,537 - Knowledge - INFO - Async storage completed for 6 embeddings
2026-02-03 10:15:15,545 - Knowledge - INFO - Async storage completed for 6 embeddings
2026-02-03 10:15:16,663 - Knowledge - INFO - process ingested knowledge for /app/data/T0002/210882/b3694rp/odoo-210882/addons/l10n_lu/l10n_lu_data.xml
2026-02-03 10:15:16,741 - Knowledge - INFO - Processing batch of 5 files
2026-02-03 10:15:16,749 - Knowledge - INFO - process ingested knowledge for /app/data/T0002/210882/b3694rp/odoo-210882/addons/l10n_lu/wizard/print_vat.py
2026-02-03 10:15:16,750 - Knowledge - INFO - process ingested knowledge for /app/data/T0002/210882/b3694rp/odoo-210882/addons/base_setup/__init__.py
2026-02-03 10:15:16,760 - Knowledge - INFO - process ingested knowledge for /app/data/T0002/210882/b3694rp/odoo-210882/addons/auction/report/lots_bids_phone.xml
2026-02-03 10:15:16,763 - Knowledge - INFO - process ingested knowledge for /app/data/T0002/210882/b3694rp/odoo-210882/addons/auction/wizard/wizard_lots_sms.py
2026-02-03 10:15:16,775 - Knowledge - INFO - [kw9] Queue=160, InProgress=0, PendingWorkers=20/20, Completed=1083/1263 (85.7%)
2026-02-03 10:15:16,840 - Knowledge - INFO - [WEBSOCKET] Sent: Type=progress_update, Size: 296, Duration: 0ms
2026-02-03 10:15:16,875 - Knowledge - INFO - Batch sizing: calculated=5, max_allowed=10, queue=160, active_workers=20/20
2026-02-03 10:15:16,881 - Knowledge - INFO - [WEBSOCKET] Sent: Type=unknown, Size: ?, Duration: 42ms
2026-02-03 10:15:16,939 - Knowledge - INFO - Progress: 85.7% | Files: 1083/1263 | Rate: 1.00 files/sec | Queue: 160
2026-02-03 10:15:18,238 - Knowledge - INFO - process ingested knowledge for /app/data/T0002/210882/b3694rp/odoo-210882/addons/l10n_lu/__init__.py
2026-02-03 10:15:19,137 - Knowledge - INFO - Async storing batch of 6 embeddings
2026-02-03 10:15:19,160 - Knowledge - INFO - Worker kw1 processing /app/data/T0002/210882/b3694rp/odoo-210882/addons/purchase/purchase_report.xml
2026-02-03 10:15:19,257 - Knowledge - INFO - Fast-tracked /app/data/T0002/210882/b3694rp/odoo-210882/addons/purchase/purchase_report.xml (ext=.xml, size=428)
2026-02-03 10:15:19,266 - Knowledge - INFO - Worker kw1 processing /app/data/T0002/210882/b3694rp/odoo-210882/addons/purchase/partner_view.xml
2026-02-03 10:15:19,275 - Knowledge - INFO - Fast-tracked /app/data/T0002/210882/b3694rp/odoo-210882/addons/purchase/partner_view.xml (ext=.xml, size=803)
2026-02-03 10:15:19,275 - Knowledge - INFO - Worker kw1 processing /app/data/T0002/210882/b3694rp/odoo-210882/addons/purchase/stock_view.xml
2026-02-03 10:15:19,342 - Knowledge - INFO - Fast-tracked /app/data/T0002/210882/b3694rp/odoo-210882/addons/purchase/stock_view.xml (ext=.xml, size=2151)
2026-02-03 10:15:19,353 - Knowledge - INFO - Worker kw1 processing /app/data/T0002/210882/b3694rp/odoo-210882/addons/purchase/purchase_data.xml
2026-02-03 10:15:19,366 - Knowledge - INFO - Fast-tracked /app/data/T0002/210882/b3694rp/odoo-210882/addons/purchase/purchase_data.xml (ext=.xml, size=2068)
2026-02-03 10:15:19,449 - Knowledge - INFO - Worker kw1 processing /app/data/T0002/210882/b3694rp/odoo-210882/addons/purchase/partner.py
2026-02-03 10:15:19,560 - Knowledge - INFO - Fast-tracked /app/data/T0002/210882/b3694rp/odoo-210882/addons/purchase/partner.py (ext=.py, size=1622)
2026-02-03 10:15:19,655 - Knowledge - INFO - Async storage completed for 6 embeddings
2026-02-03 10:15:19,867 - Knowledge - INFO - process ingested knowledge for /app/data/T0002/210882/b3694rp/odoo-210882/addons/l10n_lu/wizard/pdf_ext.py
2026-02-03 10:15:19,973 - Knowledge - INFO - process ingested knowledge for /app/data/T0002/210882/b3694rp/odoo-210882/addons/purchase/test/purchase_test.xml
2026-02-03 10:15:20,164 - Knowledge - INFO - [LLM_CALL] Completed: wizard_group.py:chunk1, Duration: 4706ms, PromptTokens: 3822, CompletionTokens: 281, Cost: $0.00049
2026-02-03 10:15:20,236 - Knowledge - INFO - done ingest for /app/data/T0002/210882/b3694rp/odoo-210882/addons/purchase/wizard/wizard_group.py
2026-02-03 10:15:20,772 - Knowledge - INFO - process ingested knowledge for /app/data/T0002/210882/b3694rp/odoo-210882/addons/auction/wizard/__init__.py
2026-02-03 10:15:20,847 - Knowledge - INFO - Async storing batch of 6 embeddings
2026-02-03 10:15:20,849 - Knowledge - INFO - [kw8] Queue=150, InProgress=0, PendingWorkers=20/20, Completed=1084/1263 (85.8%)
2026-02-03 10:15:20,857 - Knowledge - INFO - Batch sizing: calculated=5, max_allowed=10, queue=150, active_workers=20/20
2026-02-03 10:15:20,858 - Knowledge - INFO - Worker kw9 processing /app/data/T0002/210882/b3694rp/odoo-210882/addons/purchase/stock.py
2026-02-03 10:15:20,871 - Knowledge - INFO - Async storing batch of 6 embeddings
2026-02-03 10:15:20,943 - Knowledge - INFO - Worker kw16 processing /app/data/T0002/210882/b3694rp/odoo-210882/addons/crm_vertical/crm_bugs_vertical_view.xml
2026-02-03 10:15:20,945 - Knowledge - INFO - Worker kw9 processing /app/data/T0002/210882/b3694rp/odoo-210882/addons/purchase/__init__.py
2026-02-03 10:15:20,960 - Knowledge - INFO - Fast-tracked /app/data/T0002/210882/b3694rp/odoo-210882/addons/purchase/__init__.py (ext=.py, size=1144)
2026-02-03 10:15:20,966 - Knowledge - INFO - Worker kw9 processing /app/data/T0002/210882/b3694rp/odoo-210882/addons/purchase/process/purchase_process.xml
2026-02-03 10:15:20,974 - Knowledge - INFO - Fast-tracked /app/data/T0002/210882/b3694rp/odoo-210882/addons/crm_vertical/crm_bugs_vertical_view.xml (ext=.xml, size=383)
2026-02-03 10:15:21,048 - Knowledge - INFO - Worker kw16 processing /app/data/T0002/210882/b3694rp/odoo-210882/addons/crm_vertical/crm_meeting_vertical_view.xml
2026-02-03 10:15:21,049 - Knowledge - INFO - Fast-tracked /app/data/T0002/210882/b3694rp/odoo-210882/addons/purchase/process/purchase_process.xml (ext=.xml, size=18854)
2026-02-03 10:15:21,054 - Knowledge - INFO - Worker kw9 processing /app/data/T0002/210882/b3694rp/odoo-210882/addons/crm_vertical/crm_opportunity_vertical_view.xml
2026-02-03 10:15:21,070 - Knowledge - INFO - Fast-tracked /app/data/T0002/210882/b3694rp/odoo-210882/addons/crm_vertical/crm_opportunity_vertical_view.xml (ext=.xml, size=646)
2026-02-03 10:15:21,070 - Knowledge - INFO - Worker kw9 processing /app/data/T0002/210882/b3694rp/odoo-210882/addons/crm_vertical/crm_fund_vertical_view.xml
2026-02-03 10:15:21,072 - Knowledge - INFO - Fast-tracked /app/data/T0002/210882/b3694rp/odoo-210882/addons/crm_vertical/crm_meeting_vertical_view.xml (ext=.xml, size=661)
2026-02-03 10:15:21,072 - Knowledge - INFO - Worker kw16 processing /app/data/T0002/210882/b3694rp/odoo-210882/addons/crm_vertical/crm_vertical.py
2026-02-03 10:15:21,141 - Knowledge - INFO - Worker kw16 processing /app/data/T0002/210882/b3694rp/odoo-210882/addons/crm_vertical/__terp__.py
2026-02-03 10:15:21,141 - Knowledge - INFO - Fast-tracked /app/data/T0002/210882/b3694rp/odoo-210882/addons/crm_vertical/crm_fund_vertical_view.xml (ext=.xml, size=246)
2026-02-03 10:15:21,153 - Knowledge - INFO - Fast-tracked /app/data/T0002/210882/b3694rp/odoo-210882/addons/crm_vertical/__terp__.py (ext=.py, size=1462)
2026-02-03 10:15:21,163 - Knowledge - INFO - Worker kw16 processing /app/data/T0002/210882/b3694rp/odoo-210882/addons/crm_vertical/crm_jobs_vertical_view.xml
2026-02-03 10:15:21,248 - Knowledge - INFO - Fast-tracked /app/data/T0002/210882/b3694rp/odoo-210882/addons/crm_vertical/crm_jobs_vertical_view.xml (ext=.xml, size=643)
2026-02-03 10:15:21,277 - Knowledge - INFO - Async storage completed for 6 embeddings
2026-02-03 10:15:21,365 - Knowledge - INFO - Fast-tracked /app/data/T0002/210882/b3694rp/odoo-210882/addons/crm_vertical/crm_vertical.py (small file (2034 bytes))
2026-02-03 10:15:21,441 - Knowledge - INFO - Async storage completed for 6 embeddings
2026-02-03 10:15:22,362 - Knowledge - INFO - process ingested knowledge for /app/data/T0002/210882/b3694rp/odoo-210882/addons/auction/report/auction_bids.py
2026-02-03 10:15:24,054 - Knowledge - INFO - Async storing batch of 6 embeddings
2026-02-03 10:15:24,056 - Knowledge - INFO - Worker kw8 processing /app/data/T0002/210882/b3694rp/odoo-210882/addons/crm_vertical/crm_lead_vertical_view.xml
2026-02-03 10:15:24,056 - Knowledge - INFO - process ingested knowledge for /app/data/T0002/210882/b3694rp/odoo-210882/addons/base_setup/base_setup_wizard.xml
2026-02-03 10:15:24,060 - Knowledge - INFO - Fast-tracked /app/data/T0002/210882/b3694rp/odoo-210882/addons/crm_vertical/crm_lead_vertical_view.xml (ext=.xml, size=652)
2026-02-03 10:15:24,066 - Knowledge - INFO - Worker kw8 processing /app/data/T0002/210882/b3694rp/odoo-210882/addons/crm_vertical/__init__.py
2026-02-03 10:15:24,070 - Knowledge - INFO - Fast-tracked /app/data/T0002/210882/b3694rp/odoo-210882/addons/crm_vertical/__init__.py (ext=.py, size=1077)
2026-02-03 10:15:24,071 - Knowledge - INFO - Worker kw8 processing /app/data/T0002/210882/b3694rp/odoo-210882/addons/profile_accounting/profile_accounting.py
2026-02-03 10:15:24,146 - Knowledge - INFO - Worker kw8 processing /app/data/T0002/210882/b3694rp/odoo-210882/addons/profile_accounting/profile_accounting.xml
2026-02-03 10:15:24,158 - Knowledge - INFO - Fast-tracked /app/data/T0002/210882/b3694rp/odoo-210882/addons/profile_accounting/profile_accounting.xml (ext=.xml, size=2427)
2026-02-03 10:15:24,159 - Knowledge - INFO - Worker kw8 processing /app/data/T0002/210882/b3694rp/odoo-210882/addons/profile_accounting/__terp__.py
2026-02-03 10:15:24,241 - Knowledge - INFO - Fast-tracked /app/data/T0002/210882/b3694rp/odoo-210882/addons/profile_accounting/__terp__.py (ext=.py, size=1485)
2026-02-03 10:15:24,378 - Knowledge - INFO - Async storage completed for 6 embeddings
2026-02-03 10:15:24,569 - Knowledge - INFO - [kw18] Queue=140, InProgress=0, PendingWorkers=20/20, Completed=1092/1263 (86.5%)
2026-02-03 10:15:24,648 - Knowledge - INFO - Batch sizing: calculated=5, max_allowed=10, queue=140, active_workers=20/20
2026-02-03 10:15:24,766 - Knowledge - INFO - Processing batch of 6 files
2026-02-03 10:15:24,773 - Knowledge - INFO - process ingested knowledge for /app/data/T0002/210882/b3694rp/odoo-210882/addons/auction/wizard/wizard_lots_cancel.py
2026-02-03 10:15:25,642 - Knowledge - INFO - process ingested knowledge for /app/data/T0002/210882/b3694rp/odoo-210882/addons/auction/report/auction_total_rml.py
2026-02-03 10:15:25,770 - Knowledge - INFO - Processing batch of 6 files
2026-02-03 10:15:25,855 - Knowledge - INFO - process ingested knowledge for /app/data/T0002/210882/b3694rp/odoo-210882/addons/auction/wizard/wizard_lots_numerotate.py
2026-02-03 10:15:27,042 - Knowledge - INFO - Processing batch of 6 files
2026-02-03 10:15:27,056 - Knowledge - INFO - process ingested knowledge for /app/data/T0002/210882/b3694rp/odoo-210882/addons/auction/auction_sequence.xml
2026-02-03 10:15:27,469 - Knowledge - INFO - process ingested knowledge for /app/data/T0002/210882/b3694rp/odoo-210882/addons/purchase/security/purchase_security.xml
2026-02-03 10:15:27,545 - Knowledge - INFO - Async storing batch of 6 embeddings
2026-02-03 10:15:27,554 - Knowledge - INFO - Worker kw18 processing /app/data/T0002/210882/b3694rp/odoo-210882/addons/profile_accounting/__init__.py
2026-02-03 10:15:27,669 - Knowledge - INFO - Fast-tracked /app/data/T0002/210882/b3694rp/odoo-210882/addons/profile_accounting/__init__.py (ext=.py, size=1084)
2026-02-03 10:15:27,743 - Knowledge - INFO - Worker kw18 processing /app/data/T0002/210882/b3694rp/odoo-210882/addons/crm_profiling/crm_profiling_view.xml
2026-02-03 10:15:27,774 - Knowledge - INFO - Fast-tracked /app/data/T0002/210882/b3694rp/odoo-210882/addons/crm_profiling/crm_profiling_view.xml (ext=.xml, size=8191)
2026-02-03 10:15:27,836 - Knowledge - INFO - Worker kw18 processing /app/data/T0002/210882/b3694rp/odoo-210882/addons/crm_profiling/crm_profiling.py
2026-02-03 10:15:27,880 - Knowledge - INFO - Worker kw18 processing /app/data/T0002/210882/b3694rp/odoo-210882/addons/crm_profiling/crm_profiling_wizard.xml
2026-02-03 10:15:27,966 - Knowledge - INFO - Fast-tracked /app/data/T0002/210882/b3694rp/odoo-210882/addons/crm_profiling/crm_profiling_wizard.xml (ext=.xml, size=193)
2026-02-03 10:15:28,042 - Knowledge - INFO - Worker kw18 processing /app/data/T0002/210882/b3694rp/odoo-210882/addons/crm_profiling/crm_profiling_demo.xml
2026-02-03 10:15:28,155 - Knowledge - INFO - Fast-tracked /app/data/T0002/210882/b3694rp/odoo-210882/addons/crm_profiling/crm_profiling_demo.xml (ext=.xml, size=12205)
2026-02-03 10:15:28,349 - Knowledge - INFO - process ingested knowledge for /app/data/T0002/210882/b3694rp/odoo-210882/addons/auction/wizard/auction_wizard_able_taken.py
2026-02-03 10:15:28,362 - Knowledge - INFO - process ingested knowledge for /app/data/T0002/210882/b3694rp/odoo-210882/addons/auction/report/__init__.py
2026-02-03 10:15:28,374 - Knowledge - INFO - [kw15] Queue=135, InProgress=0, PendingWorkers=20/20, Completed=1099/1263 (87.0%)
2026-02-03 10:15:28,549 - Knowledge - INFO - Batch sizing: calculated=5, max_allowed=10, queue=135, active_workers=20/20
2026-02-03 10:15:28,554 - Knowledge - INFO - Async storage completed for 6 embeddings
2026-02-03 10:15:29,064 - Knowledge - INFO - [LLM_CALL] Completed: order.py:chunk1, Duration: 13614ms, PromptTokens: 2530, CompletionTokens: 363, Cost: $0.00040
2026-02-03 10:15:29,065 - Knowledge - INFO - done ingest for /app/data/T0002/210882/b3694rp/odoo-210882/addons/purchase/report/order.py
2026-02-03 10:15:29,373 - Knowledge - INFO - process ingested knowledge for /app/data/T0002/210882/b3694rp/odoo-210882/addons/auction/auction.py
2026-02-03 10:15:29,377 - Knowledge - INFO - process ingested knowledge for /app/data/T0002/210882/b3694rp/odoo-210882/addons/auction/wizard/wizard_pay.py
2026-02-03 10:15:29,444 - Knowledge - INFO - process ingested knowledge for /app/data/T0002/210882/b3694rp/odoo-210882/addons/purchase/purchase_workflow.xml
2026-02-03 10:15:30,771 - Knowledge - INFO - process ingested knowledge for /app/data/T0002/210882/b3694rp/odoo-210882/addons/auction/wizard/wizard_aie_send.py
2026-02-03 10:15:30,936 - Knowledge - INFO - Async storing batch of 5 embeddings
2026-02-03 10:15:31,057 - Knowledge - INFO - Worker kw15 processing /app/data/T0002/210882/b3694rp/odoo-210882/addons/crm_profiling/__terp__.py
2026-02-03 10:15:31,162 - Knowledge - INFO - Worker kw15 processing /app/data/T0002/210882/b3694rp/odoo-210882/addons/crm_profiling/wizard/__init__.py
2026-02-03 10:15:31,247 - Knowledge - INFO - Fast-tracked /app/data/T0002/210882/b3694rp/odoo-210882/addons/crm_profiling/wizard/__init__.py (ext=.py, size=1083)
2026-02-03 10:15:31,261 - Knowledge - INFO - Worker kw15 processing /app/data/T0002/210882/b3694rp/odoo-210882/addons/crm_profiling/wizard/open_questionnaire.py
2026-02-03 10:15:31,452 - Knowledge - INFO - Worker kw15 processing /app/data/T0002/210882/b3694rp/odoo-210882/addons/crm_profiling/__init__.py
2026-02-03 10:15:31,475 - Knowledge - INFO - Processing batch of 5 files
2026-02-03 10:15:31,536 - Knowledge - INFO - process ingested knowledge for /app/data/T0002/210882/b3694rp/odoo-210882/addons/purchase/purchase_wizard.xml
2026-02-03 10:15:31,548 - Knowledge - INFO - Fast-tracked /app/data/T0002/210882/b3694rp/odoo-210882/addons/crm_profiling/__init__.py (ext=.py, size=1092)
2026-02-03 10:15:31,747 - Knowledge - INFO - Worker kw15 processing /app/data/T0002/210882/b3694rp/odoo-210882/addons/project/project_view.xml
2026-02-03 10:15:31,769 - Knowledge - INFO - [LLM_CALL] Completed: profile_accounting.py:chunk1, Duration: 7502ms, PromptTokens: 2146, CompletionTokens: 278, Cost: $0.00033
2026-02-03 10:15:31,776 - Knowledge - INFO - Fast-tracked /app/data/T0002/210882/b3694rp/odoo-210882/addons/project/project_view.xml (ext=.xml, size=32786)
2026-02-03 10:15:31,776 - Knowledge - INFO - done ingest for /app/data/T0002/210882/b3694rp/odoo-210882/addons/profile_accounting/profile_accounting.py
2026-02-03 10:15:31,945 - Knowledge - INFO - process ingested knowledge for /app/data/T0002/210882/b3694rp/odoo-210882/addons/auction/auction_demo.xml
2026-02-03 10:15:32,177 - Knowledge - INFO - Fast-tracked /app/data/T0002/210882/b3694rp/odoo-210882/addons/crm_profiling/__terp__.py (small file (2103 bytes))
2026-02-03 10:15:32,273 - Knowledge - INFO - Fast-tracked /app/data/T0002/210882/b3694rp/odoo-210882/addons/crm_profiling/wizard/open_questionnaire.py (small file (2704 bytes))
2026-02-03 10:15:32,279 - Knowledge - INFO - Async storage completed for 5 embeddings
2026-02-03 10:15:32,762 - Knowledge - INFO - process ingested knowledge for /app/data/T0002/210882/b3694rp/odoo-210882/addons/auction/wizard/wizard_lot_date_move.py
2026-02-03 10:15:34,043 - Knowledge - INFO - Processing batch of 5 files
2026-02-03 10:15:34,048 - Knowledge - INFO - process ingested knowledge for /app/data/T0002/210882/b3694rp/odoo-210882/addons/base_setup/__terp__.py
2026-02-03 10:15:34,136 - Knowledge - INFO - process ingested knowledge for /app/data/T0002/210882/b3694rp/odoo-210882/addons/base_setup/base_setup_demo.xml
2026-02-03 10:15:35,037 - Knowledge - INFO - process ingested knowledge for /app/data/T0002/210882/b3694rp/odoo-210882/addons/auction/wizard/wizard_lots_buyer_map.py
2026-02-03 10:15:35,059 - Knowledge - INFO - process ingested knowledge for /app/data/T0002/210882/b3694rp/odoo-210882/addons/purchase/purchase_view.xml
2026-02-03 10:15:35,067 - Knowledge - INFO - process ingested knowledge for /app/data/T0002/210882/b3694rp/odoo-210882/addons/auction/wizard/wizard_lots_invoice.py
2026-02-03 10:15:35,349 - Knowledge - INFO - Processing batch of 5 files
2026-02-03 10:15:35,367 - Knowledge - INFO - process ingested knowledge for /app/data/T0002/210882/b3694rp/odoo-210882/addons/purchase/purchase_report.xml
2026-02-03 10:15:35,943 - Knowledge - INFO - process ingested knowledge for /app/data/T0002/210882/b3694rp/odoo-210882/addons/purchase/__terp__.py
2026-02-03 10:15:36,455 - Knowledge - INFO - [LLM_CALL] Completed: stock.py:chunk1, Duration: 15207ms, PromptTokens: 2566, CompletionTokens: 694, Cost: $0.00053
2026-02-03 10:15:36,455 - Knowledge - INFO - done ingest for /app/data/T0002/210882/b3694rp/odoo-210882/addons/purchase/stock.py
2026-02-03 10:15:36,838 - Knowledge - INFO - process ingested knowledge for /app/data/T0002/210882/b3694rp/odoo-210882/addons/auction/__terp__.py
2026-02-03 10:15:36,853 - Knowledge - INFO - [kw13] Queue=130, InProgress=0, PendingWorkers=20/20, Completed=1109/1263 (87.8%)
2026-02-03 10:15:36,859 - Knowledge - INFO - Batch sizing: calculated=5, max_allowed=10, queue=130, active_workers=20/20
2026-02-03 10:15:36,872 - Knowledge - INFO - Processing batch of 5 files
2026-02-03 10:15:36,946 - Knowledge - INFO - process ingested knowledge for /app/data/T0002/210882/b3694rp/odoo-210882/addons/crm_vertical/crm_bugs_vertical_view.xml
2026-02-03 10:15:36,959 - Knowledge - INFO - process ingested knowledge for /app/data/T0002/210882/b3694rp/odoo-210882/addons/auction/auction_report.xml
2026-02-03 10:15:36,960 - Knowledge - INFO - process ingested knowledge for /app/data/T0002/210882/b3694rp/odoo-210882/addons/auction/wizard/wizard_aie_send_result.py
2026-02-03 10:15:37,743 - Knowledge - INFO - process ingested knowledge for /app/data/T0002/210882/b3694rp/odoo-210882/addons/base_setup/wizard/wizard_base_setup.py
2026-02-03 10:15:37,743 - Knowledge - INFO - process ingested knowledge for /app/data/T0002/210882/b3694rp/odoo-210882/addons/purchase/purchase_demo.xml
2026-02-03 10:15:37,843 - Knowledge - INFO - process ingested knowledge for /app/data/T0002/210882/b3694rp/odoo-210882/addons/auction/wizard/wizard_payer.py
2026-02-03 10:15:37,846 - Knowledge - INFO - [kw20] Queue=130, InProgress=0, PendingWorkers=20/20, Completed=1112/1263 (88.0%)
2026-02-03 10:15:37,854 - Knowledge - INFO - [kw11] Queue=130, InProgress=0, PendingWorkers=20/20, Completed=1112/1263 (88.0%)
2026-02-03 10:15:37,864 - Knowledge - INFO - Batch sizing: calculated=5, max_allowed=10, queue=130, active_workers=20/20
2026-02-03 10:15:37,871 - Knowledge - INFO - process ingested knowledge for /app/data/T0002/210882/b3694rp/odoo-210882/addons/crm_vertical/crm_meeting_vertical_view.xml
2026-02-03 10:15:37,936 - Knowledge - INFO - Batch sizing: calculated=5, max_allowed=10, queue=130, active_workers=20/20
2026-02-03 10:15:39,369 - Knowledge - INFO - process ingested knowledge for /app/data/T0002/210882/b3694rp/odoo-210882/addons/auction/wizard/wizard_auction_invoice_buyer.py
2026-02-03 10:15:39,377 - Knowledge - INFO - process ingested knowledge for /app/data/T0002/210882/b3694rp/odoo-210882/addons/base_setup/wizard/__init__.py
2026-02-03 10:15:39,446 - Knowledge - INFO - Async storing batch of 6 embeddings
2026-02-03 10:15:39,454 - Knowledge - INFO - process ingested knowledge for /app/data/T0002/210882/b3694rp/odoo-210882/addons/auction/wizard/wizard_auction_journal.py
2026-02-03 10:15:39,458 - Knowledge - INFO - process ingested knowledge for /app/data/T0002/210882/b3694rp/odoo-210882/addons/purchase/partner_view.xml
2026-02-03 10:15:39,552 - Knowledge - INFO - Worker kw13 processing /app/data/T0002/210882/b3694rp/odoo-210882/addons/project/security/project_security.xml
2026-02-03 10:15:39,561 - Knowledge - INFO - Fast-tracked /app/data/T0002/210882/b3694rp/odoo-210882/addons/project/security/project_security.xml (ext=.xml, size=781)
2026-02-03 10:15:39,636 - Knowledge - INFO - Worker kw13 processing /app/data/T0002/210882/b3694rp/odoo-210882/addons/project/report/_date_compute.py
2026-02-03 10:15:39,658 - Knowledge - INFO - Worker kw13 processing /app/data/T0002/210882/b3694rp/odoo-210882/addons/project/report/gantt_report.py
2026-02-03 10:15:39,738 - Knowledge - INFO - Worker kw13 processing /app/data/T0002/210882/b3694rp/odoo-210882/addons/project/report/project_report.xml
2026-02-03 10:15:39,846 - Knowledge - INFO - Fast-tracked /app/data/T0002/210882/b3694rp/odoo-210882/addons/project/report/project_report.xml (ext=.xml, size=1530)
2026-02-03 10:15:39,846 - Knowledge - INFO - Worker kw13 processing /app/data/T0002/210882/b3694rp/odoo-210882/addons/project/report/gantt.py
2026-02-03 10:15:40,339 - Knowledge - INFO - Async storing batch of 6 embeddings
2026-02-03 10:15:40,340 - Knowledge - INFO - Worker kw20 processing /app/data/T0002/210882/b3694rp/odoo-210882/addons/project/report/__init__.py
2026-02-03 10:15:40,437 - Knowledge - INFO - process ingested knowledge for /app/data/T0002/210882/b3694rp/odoo-210882/addons/crm_vertical/crm_vertical.py
2026-02-03 10:15:40,438 - Knowledge - INFO - Fast-tracked /app/data/T0002/210882/b3694rp/odoo-210882/addons/project/report/__init__.py (ext=.py, size=1078)
2026-02-03 10:15:40,438 - Knowledge - INFO - Worker kw20 processing /app/data/T0002/210882/b3694rp/odoo-210882/addons/project/project_demo.xml
2026-02-03 10:15:40,542 - Knowledge - INFO - Fast-tracked /app/data/T0002/210882/b3694rp/odoo-210882/addons/project/project_demo.xml (ext=.xml, size=13200)
2026-02-03 10:15:40,543 - Knowledge - INFO - Fast-tracked /app/data/T0002/210882/b3694rp/odoo-210882/addons/project/report/gantt_report.py (small file (3045 bytes))
2026-02-03 10:15:40,550 - Knowledge - INFO - Worker kw20 processing /app/data/T0002/210882/b3694rp/odoo-210882/addons/project/project_wizard.xml
2026-02-03 10:15:40,665 - Knowledge - INFO - Fast-tracked /app/data/T0002/210882/b3694rp/odoo-210882/addons/project/project_wizard.xml (ext=.xml, size=457)
2026-02-03 10:15:40,665 - Knowledge - INFO - Worker kw20 processing /app/data/T0002/210882/b3694rp/odoo-210882/addons/project/company.py
2026-02-03 10:15:40,751 - Knowledge - INFO - Fast-tracked /app/data/T0002/210882/b3694rp/odoo-210882/addons/project/company.py (ext=.py, size=1690)
2026-02-03 10:15:40,764 - Knowledge - INFO - Worker kw20 processing /app/data/T0002/210882/b3694rp/odoo-210882/addons/project/project.py
2026-02-03 10:15:40,969 - Knowledge - INFO - Async storage completed for 6 embeddings
2026-02-03 10:15:41,378 - Knowledge - INFO - Async storage completed for 6 embeddings
2026-02-03 10:15:41,575 - Knowledge - INFO - process ingested knowledge for /app/data/T0002/210882/b3694rp/odoo-210882/addons/purchase/wizard/wizard_group.py
2026-02-03 10:15:41,576 - Knowledge - INFO - process ingested knowledge for /app/data/T0002/210882/b3694rp/odoo-210882/addons/auction/wizard/auction_wizard_enable_taken.py
2026-02-03 10:15:41,649 - Knowledge - INFO - process ingested knowledge for /app/data/T0002/210882/b3694rp/odoo-210882/addons/auction/wizard/wizard_emporte.py
2026-02-03 10:15:42,845 - Knowledge - INFO - process ingested knowledge for /app/data/T0002/210882/b3694rp/odoo-210882/addons/purchase/stock_view.xml
2026-02-03 10:15:43,475 - Knowledge - INFO - [LLM_CALL] Completed: crm_profiling.py:chunk1, Duration: 15213ms, PromptTokens: 5116, CompletionTokens: 562, Cost: $0.00074
2026-02-03 10:15:43,539 - Knowledge - INFO - done ingest for /app/data/T0002/210882/b3694rp/odoo-210882/addons/crm_profiling/crm_profiling.py
2026-02-03 10:15:43,938 - Knowledge - INFO - Async storing batch of 6 embeddings
2026-02-03 10:15:43,940 - Knowledge - INFO - process ingested knowledge for /app/data/T0002/210882/b3694rp/odoo-210882/addons/crm_vertical/__terp__.py
2026-02-03 10:15:44,170 - Knowledge - INFO - Worker kw11 processing /app/data/T0002/210882/b3694rp/odoo-210882/addons/project/__terp__.py
2026-02-03 10:15:44,269 - Knowledge - INFO - Fast-tracked /app/data/T0002/210882/b3694rp/odoo-210882/addons/project/__terp__.py (ext=.py, size=1912)
2026-02-03 10:15:44,269 - Knowledge - INFO - Worker kw11 processing /app/data/T0002/210882/b3694rp/odoo-210882/addons/project/project_report.xml
2026-02-03 10:15:44,276 - Knowledge - INFO - Fast-tracked /app/data/T0002/210882/b3694rp/odoo-210882/addons/project/project_report.xml (ext=.xml, size=380)
2026-02-03 10:15:44,337 - Knowledge - INFO - Worker kw11 processing /app/data/T0002/210882/b3694rp/odoo-210882/addons/project/wizard/task_delegate.py
2026-02-03 10:15:44,369 - Knowledge - INFO - Worker kw11 processing /app/data/T0002/210882/b3694rp/odoo-210882/addons/project/wizard/task_attachment.py
2026-02-03 10:15:44,454 - Knowledge - INFO - Fast-tracked /app/data/T0002/210882/b3694rp/odoo-210882/addons/project/wizard/task_attachment.py (ext=.py, size=1970)
2026-02-03 10:15:44,455 - Knowledge - INFO - Worker kw11 processing /app/data/T0002/210882/b3694rp/odoo-210882/addons/project/wizard/__init__.py
2026-02-03 10:15:44,537 - Knowledge - INFO - Fast-tracked /app/data/T0002/210882/b3694rp/odoo-210882/addons/project/wizard/__init__.py (ext=.py, size=1121)
2026-02-03 10:15:44,664 - Knowledge - INFO - [LLM_CALL] Completed: purchase.py:chunk1, Duration: 29192ms, PromptTokens: 14640, CompletionTokens: 1552, Cost: $0.00208
2026-02-03 10:15:44,673 - Knowledge - INFO - done ingest for /app/data/T0002/210882/b3694rp/odoo-210882/addons/purchase/purchase.py
2026-02-03 10:15:45,039 - Knowledge - INFO - Async storage completed for 6 embeddings
2026-02-03 10:15:45,470 - Knowledge - INFO - process ingested knowledge for /app/data/T0002/210882/b3694rp/odoo-210882/addons/base_setup/base_setup_data.xml
2026-02-03 10:15:46,536 - Knowledge - INFO - [WEBSOCKET] Sent: Type=progress_update, Size: 296, Duration: 0ms
2026-02-03 10:15:46,549 - Knowledge - INFO - process ingested knowledge for /app/data/T0002/210882/b3694rp/odoo-210882/addons/crm_vertical/crm_jobs_vertical_view.xml
2026-02-03 10:15:46,560 - Knowledge - INFO - [WEBSOCKET] Sent: Type=unknown, Size: ?, Duration: 24ms
2026-02-03 10:15:46,567 - Knowledge - INFO - Progress: 88.5% | Files: 1120/1263 | Rate: 1.01 files/sec | Queue: 115
2026-02-03 10:15:48,337 - Knowledge - INFO - Processing batch of 5 files
2026-02-03 10:15:48,338 - Knowledge - INFO - process ingested knowledge for /app/data/T0002/210882/b3694rp/odoo-210882/addons/crm_profiling/__terp__.py
2026-02-03 10:15:48,341 - Knowledge - INFO - process ingested knowledge for /app/data/T0002/210882/b3694rp/odoo-210882/addons/purchase/wizard/__init__.py
2026-02-03 10:15:50,488 - Knowledge - INFO - [kw19] Queue=115, InProgress=0, PendingWorkers=20/20, Completed=1124/1263 (89.0%)
2026-02-03 10:15:50,488 - Knowledge - INFO - Batch sizing: calculated=5, max_allowed=10, queue=115, active_workers=20/20
2026-02-03 10:15:50,755 - Knowledge - INFO - Processing batch of 5 files
2026-02-03 10:15:50,775 - Knowledge - INFO - process ingested knowledge for /app/data/T0002/210882/b3694rp/odoo-210882/addons/crm_vertical/crm_lead_vertical_view.xml
2026-02-03 10:15:51,481 - Knowledge - INFO - process ingested knowledge for /app/data/T0002/210882/b3694rp/odoo-210882/addons/auction/wizard/wizard_lots_pay.py
2026-02-03 10:15:54,653 - Knowledge - INFO - [LLM_CALL] Completed: task_delegate.py:chunk1, Duration: 9898ms, PromptTokens: 3210, CompletionTokens: 325, Cost: $0.00045
2026-02-03 10:15:54,749 - Knowledge - INFO - done ingest for /app/data/T0002/210882/b3694rp/odoo-210882/addons/project/wizard/task_delegate.py
2026-02-03 10:15:54,977 - Knowledge - INFO - Processing batch of 5 files
2026-02-03 10:15:54,983 - Knowledge - INFO - process ingested knowledge for /app/data/T0002/210882/b3694rp/odoo-210882/addons/purchase/stock.py
2026-02-03 10:15:55,350 - Knowledge - INFO - [LLM_CALL] Completed: _date_compute.py:chunk1, Duration: 15189ms, PromptTokens: 2448, CompletionTokens: 315, Cost: $0.00037
2026-02-03 10:15:55,363 - Knowledge - INFO - done ingest for /app/data/T0002/210882/b3694rp/odoo-210882/addons/project/report/_date_compute.py
2026-02-03 10:15:55,957 - Knowledge - INFO - Async storing batch of 5 embeddings
2026-02-03 10:15:55,963 - Knowledge - INFO - Worker kw19 processing /app/data/T0002/210882/b3694rp/odoo-210882/addons/project/wizard/close_task.py
2026-02-03 10:15:56,043 - Knowledge - INFO - Worker kw19 processing /app/data/T0002/210882/b3694rp/odoo-210882/addons/project/__init__.py
2026-02-03 10:15:56,058 - Knowledge - INFO - Fast-tracked /app/data/T0002/210882/b3694rp/odoo-210882/addons/project/__init__.py (ext=.py, size=1117)
2026-02-03 10:15:56,137 - Knowledge - INFO - Worker kw19 processing /app/data/T0002/210882/b3694rp/odoo-210882/addons/project/process/task_process.xml
2026-02-03 10:15:56,247 - Knowledge - INFO - Fast-tracked /app/data/T0002/210882/b3694rp/odoo-210882/addons/project/process/task_process.xml (ext=.xml, size=9200)
2026-02-03 10:15:56,260 - Knowledge - INFO - Worker kw19 processing /app/data/T0002/210882/b3694rp/odoo-210882/addons/project/project_data.xml
2026-02-03 10:15:56,361 - Knowledge - INFO - Fast-tracked /app/data/T0002/210882/b3694rp/odoo-210882/addons/project/project_data.xml (ext=.xml, size=490)
2026-02-03 10:15:56,362 - Knowledge - INFO - Worker kw19 processing /app/data/T0002/210882/b3694rp/odoo-210882/addons/account_budget/crossovered_budget.py
2026-02-03 10:15:56,661 - Knowledge - INFO - process ingested knowledge for /app/data/T0002/210882/b3694rp/odoo-210882/addons/crm_vertical/__init__.py
2026-02-03 10:15:56,737 - Knowledge - INFO - process ingested knowledge for /app/data/T0002/210882/b3694rp/odoo-210882/addons/crm_profiling/wizard/__init__.py
2026-02-03 10:15:57,548 - Knowledge - INFO - Async storage completed for 5 embeddings
2026-02-03 10:15:58,547 - Knowledge - INFO - process ingested knowledge for /app/data/T0002/210882/b3694rp/odoo-210882/addons/purchase/purchase_data.xml
2026-02-03 10:15:59,162 - Knowledge - INFO - [LLM_CALL] Completed: gantt.py:chunk1, Duration: 18409ms, PromptTokens: 2964, CompletionTokens: 466, Cost: $0.00048
2026-02-03 10:15:59,245 - Knowledge - INFO - done ingest for /app/data/T0002/210882/b3694rp/odoo-210882/addons/project/report/gantt.py
2026-02-03 10:15:59,985 - Knowledge - INFO - process ingested knowledge for /app/data/T0002/210882/b3694rp/odoo-210882/addons/purchase/__init__.py
2026-02-03 10:16:00,037 - Knowledge - INFO - [kw14] Queue=110, InProgress=0, PendingWorkers=20/20, Completed=1128/1263 (89.3%)
2026-02-03 10:16:00,075 - Knowledge - INFO - Batch sizing: calculated=5, max_allowed=10, queue=110, active_workers=20/20
2026-02-03 10:16:00,662 - Knowledge - INFO - process ingested knowledge for /app/data/T0002/210882/b3694rp/odoo-210882/addons/auction/wizard/wizard_transfer_unsold_object.py
2026-02-03 10:16:01,347 - Knowledge - INFO - process ingested knowledge for /app/data/T0002/210882/b3694rp/odoo-210882/addons/crm_profiling/wizard/open_questionnaire.py
2026-02-03 10:16:02,042 - Knowledge - INFO - process ingested knowledge for /app/data/T0002/210882/b3694rp/odoo-210882/addons/purchase/partner.py
2026-02-03 10:16:04,641 - Knowledge - INFO - Async storing batch of 5 embeddings
2026-02-03 10:16:04,744 - Knowledge - INFO - Worker kw14 processing /app/data/T0002/210882/b3694rp/odoo-210882/addons/account_budget/crossovered_budget_demo.xml
2026-02-03 10:16:04,757 - Knowledge - INFO - Fast-tracked /app/data/T0002/210882/b3694rp/odoo-210882/addons/account_budget/crossovered_budget_demo.xml (ext=.xml, size=18877)
2026-02-03 10:16:04,757 - Knowledge - INFO - Worker kw14 processing /app/data/T0002/210882/b3694rp/odoo-210882/addons/account_budget/report/budget_report.py
2026-02-03 10:16:04,770 - Knowledge - INFO - Worker kw14 processing /app/data/T0002/210882/b3694rp/odoo-210882/addons/account_budget/report/analytic_account_budget_report.py
2026-02-03 10:16:04,865 - Knowledge - INFO - Worker kw14 processing /app/data/T0002/210882/b3694rp/odoo-210882/addons/account_budget/report/crossovered_budget_report.py
2026-02-03 10:16:04,938 - Knowledge - INFO - Worker kw14 processing /app/data/T0002/210882/b3694rp/odoo-210882/addons/account_budget/report/__init__.py
2026-02-03 10:16:04,957 - Knowledge - INFO - Fast-tracked /app/data/T0002/210882/b3694rp/odoo-210882/addons/account_budget/report/__init__.py (ext=.py, size=1149)
2026-02-03 10:16:05,167 - Knowledge - INFO - process ingested knowledge for /app/data/T0002/210882/b3694rp/odoo-210882/addons/profile_accounting/profile_accounting.py
2026-02-03 10:16:05,255 - Knowledge - INFO - process ingested knowledge for /app/data/T0002/210882/b3694rp/odoo-210882/addons/crm_profiling/__init__.py
2026-02-03 10:16:05,890 - Knowledge - INFO - Async storage completed for 5 embeddings
2026-02-03 10:16:06,846 - Knowledge - INFO - process ingested knowledge for /app/data/T0002/210882/b3694rp/odoo-210882/addons/purchase/process/purchase_process.xml
2026-02-03 10:16:06,952 - Knowledge - INFO - [LLM_CALL] Completed: close_task.py:chunk1, Duration: 10099ms, PromptTokens: 3060, CompletionTokens: 398, Cost: $0.00047
2026-02-03 10:16:06,957 - Knowledge - INFO - done ingest for /app/data/T0002/210882/b3694rp/odoo-210882/addons/project/wizard/close_task.py
2026-02-03 10:16:08,162 - Knowledge - INFO - [LLM_CALL] Completed: project.py:chunk1, Duration: 27017ms, PromptTokens: 12634, CompletionTokens: 1248, Cost: $0.00176
2026-02-03 10:16:08,238 - Knowledge - INFO - done ingest for /app/data/T0002/210882/b3694rp/odoo-210882/addons/project/project.py
2026-02-03 10:16:08,678 - Knowledge - INFO - process ingested knowledge for /app/data/T0002/210882/b3694rp/odoo-210882/addons/profile_accounting/profile_accounting.xml
2026-02-03 10:16:08,849 - Knowledge - INFO - process ingested knowledge for /app/data/T0002/210882/b3694rp/odoo-210882/addons/project/project_view.xml
2026-02-03 10:16:09,952 - Knowledge - INFO - [kw5] Queue=105, InProgress=0, PendingWorkers=20/20, Completed=1137/1263 (90.0%)
2026-02-03 10:16:09,953 - Knowledge - INFO - Batch sizing: calculated=5, max_allowed=10, queue=105, active_workers=20/20
2026-02-03 10:16:09,965 - Knowledge - INFO - process ingested knowledge for /app/data/T0002/210882/b3694rp/odoo-210882/addons/crm_vertical/crm_opportunity_vertical_view.xml
2026-02-03 10:16:09,970 - Knowledge - INFO - Processing batch of 5 files
2026-02-03 10:16:09,976 - Knowledge - INFO - [kw4] Queue=105, InProgress=0, PendingWorkers=20/20, Completed=1138/1263 (90.1%)
2026-02-03 10:16:10,057 - Knowledge - INFO - process ingested knowledge for /app/data/T0002/210882/b3694rp/odoo-210882/addons/profile_accounting/__init__.py
2026-02-03 10:16:10,063 - Knowledge - INFO - Batch sizing: calculated=5, max_allowed=10, queue=105, active_workers=20/20
2026-02-03 10:16:10,165 - Knowledge - INFO - Processing batch of 5 files
2026-02-03 10:16:10,236 - Knowledge - INFO - process ingested knowledge for /app/data/T0002/210882/b3694rp/odoo-210882/addons/purchase/report/order.py
2026-02-03 10:16:10,746 - Knowledge - INFO - process ingested knowledge for /app/data/T0002/210882/b3694rp/odoo-210882/addons/profile_accounting/__terp__.py
2026-02-03 10:16:10,765 - Knowledge - INFO - [kw7] Queue=105, InProgress=0, PendingWorkers=20/20, Completed=1138/1263 (90.1%)
2026-02-03 10:16:10,765 - Knowledge - INFO - Batch sizing: calculated=5, max_allowed=10, queue=105, active_workers=20/20
2026-02-03 10:16:13,170 - Knowledge - INFO - Async storing batch of 6 embeddings
2026-02-03 10:16:13,262 - Knowledge - INFO - Worker kw5 processing /app/data/T0002/210882/b3694rp/odoo-210882/addons/account_budget/crossovered_budget_workflow.xml
2026-02-03 10:16:13,263 - Knowledge - INFO - process ingested knowledge for /app/data/T0002/210882/b3694rp/odoo-210882/addons/crm_vertical/crm_fund_vertical_view.xml
2026-02-03 10:16:13,264 - Knowledge - INFO - process ingested knowledge for /app/data/T0002/210882/b3694rp/odoo-210882/addons/crm_profiling/crm_profiling_view.xml
2026-02-03 10:16:13,370 - Knowledge - INFO - Fast-tracked /app/data/T0002/210882/b3694rp/odoo-210882/addons/account_budget/crossovered_budget_workflow.xml (ext=.xml, size=3360)
2026-02-03 10:16:13,460 - Knowledge - INFO - Worker kw5 processing /app/data/T0002/210882/b3694rp/odoo-210882/addons/account_budget/crossovered_budget_view.xml
2026-02-03 10:16:13,556 - Knowledge - INFO - Fast-tracked /app/data/T0002/210882/b3694rp/odoo-210882/addons/account_budget/crossovered_budget_view.xml (ext=.xml, size=11512)
2026-02-03 10:16:13,569 - Knowledge - INFO - Worker kw5 processing /app/data/T0002/210882/b3694rp/odoo-210882/addons/account_budget/account_budget_wizard.xml
2026-02-03 10:16:13,667 - Knowledge - INFO - Fast-tracked /app/data/T0002/210882/b3694rp/odoo-210882/addons/account_budget/account_budget_wizard.xml (ext=.xml, size=333)
2026-02-03 10:16:13,667 - Knowledge - INFO - Worker kw5 processing /app/data/T0002/210882/b3694rp/odoo-210882/addons/account_budget/__terp__.py
2026-02-03 10:16:13,751 - Knowledge - INFO - Worker kw5 processing /app/data/T0002/210882/b3694rp/odoo-210882/addons/account_budget/wizard/wizard_budget_spread.py
2026-02-03 10:16:13,947 - Knowledge - INFO - Fast-tracked /app/data/T0002/210882/b3694rp/odoo-210882/addons/account_budget/__terp__.py (small file (2648 bytes))
2026-02-03 10:16:13,977 - Knowledge - INFO - Fast-tracked /app/data/T0002/210882/b3694rp/odoo-210882/addons/account_budget/wizard/wizard_budget_spread.py (small file (2120 bytes))
2026-02-03 10:16:14,054 - Knowledge - INFO - Async storage completed for 6 embeddings
2026-02-03 10:16:14,671 - Knowledge - INFO - Async storing batch of 6 embeddings
2026-02-03 10:16:14,740 - Knowledge - INFO - Worker kw7 processing /app/data/T0002/210882/b3694rp/odoo-210882/addons/account_budget/wizard/wizard_crossovered_budget_summary_report.py
2026-02-03 10:16:14,756 - Knowledge - INFO - Worker kw7 processing /app/data/T0002/210882/b3694rp/odoo-210882/addons/account_budget/wizard/wizard_analytic_account_budget.py
2026-02-03 10:16:14,844 - Knowledge - INFO - Fast-tracked /app/data/T0002/210882/b3694rp/odoo-210882/addons/account_budget/wizard/wizard_analytic_account_budget.py (ext=.py, size=1953)
2026-02-03 10:16:14,845 - Knowledge - INFO - Worker kw7 processing /app/data/T0002/210882/b3694rp/odoo-210882/addons/account_budget/wizard/wizard_budget_report.py
2026-02-03 10:16:14,858 - Knowledge - INFO - Worker kw7 processing /app/data/T0002/210882/b3694rp/odoo-210882/addons/account_budget/wizard/wizard_crossovered_budget_report.py
2026-02-03 10:16:14,863 - Knowledge - INFO - Worker kw7 processing /app/data/T0002/210882/b3694rp/odoo-210882/addons/account_budget/wizard/__init__.py
2026-02-03 10:16:14,938 - Knowledge - INFO - Fast-tracked /app/data/T0002/210882/b3694rp/odoo-210882/addons/account_budget/wizard/__init__.py (ext=.py, size=1240)
2026-02-03 10:16:14,968 - Knowledge - INFO - Fast-tracked /app/data/T0002/210882/b3694rp/odoo-210882/addons/account_budget/wizard/wizard_crossovered_budget_summary_report.py (small file (2086 bytes))
2026-02-03 10:16:15,051 - Knowledge - INFO - Fast-tracked /app/data/T0002/210882/b3694rp/odoo-210882/addons/account_budget/wizard/wizard_budget_report.py (small file (2358 bytes))
2026-02-03 10:16:15,156 - Knowledge - INFO - Fast-tracked /app/data/T0002/210882/b3694rp/odoo-210882/addons/account_budget/wizard/wizard_crossovered_budget_report.py (small file (2064 bytes))
2026-02-03 10:16:15,167 - Knowledge - INFO - Async storage completed for 6 embeddings
2026-02-03 10:16:17,245 - Knowledge - INFO - [LLM_CALL] Completed: crossovered_budget.py:chunk1, Duration: 19988ms, PromptTokens: 6352, CompletionTokens: 870, Cost: $0.00098
2026-02-03 10:16:17,250 - Knowledge - INFO - done ingest for /app/data/T0002/210882/b3694rp/odoo-210882/addons/account_budget/crossovered_budget.py
2026-02-03 10:16:17,336 - Knowledge - INFO - Async storing batch of 5 embeddings
2026-02-03 10:16:17,338 - Knowledge - INFO - process ingested knowledge for /app/data/T0002/210882/b3694rp/odoo-210882/addons/purchase/report/request_quotation.py
2026-02-03 10:16:17,460 - Knowledge - INFO - Worker kw4 processing /app/data/T0002/210882/b3694rp/odoo-210882/addons/account_budget/crossovered_budget_report.xml
2026-02-03 10:16:17,561 - Knowledge - INFO - Fast-tracked /app/data/T0002/210882/b3694rp/odoo-210882/addons/account_budget/crossovered_budget_report.xml (ext=.xml, size=1443)
2026-02-03 10:16:17,562 - Knowledge - INFO - Worker kw4 processing /app/data/T0002/210882/b3694rp/odoo-210882/addons/account_budget/__init__.py
2026-02-03 10:16:17,562 - Knowledge - INFO - Processing batch of 5 files
2026-02-03 10:16:17,667 - Knowledge - INFO - Fast-tracked /app/data/T0002/210882/b3694rp/odoo-210882/addons/account_budget/__init__.py (ext=.py, size=1111)
2026-02-03 10:16:17,667 - Knowledge - INFO - process ingested knowledge for /app/data/T0002/210882/b3694rp/odoo-210882/addons/project/__terp__.py
2026-02-03 10:16:17,680 - Knowledge - INFO - Worker kw4 processing /app/data/T0002/210882/b3694rp/odoo-210882/addons/account_date_check/account_date_check_view.xml
2026-02-03 10:16:17,776 - Knowledge - INFO - Fast-tracked /app/data/T0002/210882/b3694rp/odoo-210882/addons/account_date_check/account_date_check_view.xml (ext=.xml, size=551)
2026-02-03 10:16:17,848 - Knowledge - INFO - Worker kw4 processing /app/data/T0002/210882/b3694rp/odoo-210882/addons/account_date_check/__terp__.py
2026-02-03 10:16:17,859 - Knowledge - INFO - Fast-tracked /app/data/T0002/210882/b3694rp/odoo-210882/addons/account_date_check/__terp__.py (ext=.py, size=1785)
2026-02-03 10:16:17,867 - Knowledge - INFO - Worker kw4 processing /app/data/T0002/210882/b3694rp/odoo-210882/addons/account_date_check/account_date_check.py
2026-02-03 10:16:18,145 - Knowledge - INFO - Async storage completed for 5 embeddings
2026-02-03 10:16:20,172 - Knowledge - INFO - Processing batch of 5 files
2026-02-03 10:16:20,173 - Knowledge - INFO - process ingested knowledge for /app/data/T0002/210882/b3694rp/odoo-210882/addons/project/security/project_security.xml
2026-02-03 10:16:20,837 - Knowledge - INFO - [WEBSOCKET] Sent: Type=progress_update, Size: 294, Duration: 1ms
2026-02-03 10:16:20,851 - Knowledge - INFO - [WEBSOCKET] Sent: Type=unknown, Size: ?, Duration: 15ms
2026-02-03 10:16:20,858 - Knowledge - INFO - Progress: 90.8% | Files: 1147/1263 | Rate: 1.00 files/sec | Queue: 90
2026-02-03 10:16:20,870 - Knowledge - INFO - process ingested knowledge for /app/data/T0002/210882/b3694rp/odoo-210882/addons/crm_profiling/crm_profiling.py
2026-02-03 10:16:21,447 - Knowledge - INFO - process ingested knowledge for /app/data/T0002/210882/b3694rp/odoo-210882/addons/purchase/report/__init__.py
2026-02-03 10:16:21,451 - Knowledge - INFO - process ingested knowledge for /app/data/T0002/210882/b3694rp/odoo-210882/addons/project/project_report.xml
2026-02-03 10:16:22,740 - Knowledge - INFO - process ingested knowledge for /app/data/T0002/210882/b3694rp/odoo-210882/addons/project/report/_date_compute.py
2026-02-03 10:16:22,768 - Knowledge - INFO - [kw10] Queue=90, InProgress=0, PendingWorkers=20/20, Completed=1149/1263 (91.0%)
2026-02-03 10:16:22,777 - Knowledge - INFO - Batch sizing: calculated=4, max_allowed=10, queue=90, active_workers=20/20
2026-02-03 10:16:22,952 - Knowledge - INFO - [LLM_CALL] Completed: crossovered_budget_report.py:chunk1, Duration: 17115ms, PromptTokens: 4250, CompletionTokens: 460, Cost: $0.00061
2026-02-03 10:16:22,952 - Knowledge - INFO - done ingest for /app/data/T0002/210882/b3694rp/odoo-210882/addons/account_budget/report/crossovered_budget_report.py
2026-02-03 10:16:23,259 - Knowledge - INFO - process ingested knowledge for /app/data/T0002/210882/b3694rp/odoo-210882/addons/crm_profiling/crm_profiling_wizard.xml
2026-02-03 10:16:23,277 - Knowledge - INFO - process ingested knowledge for /app/data/T0002/210882/b3694rp/odoo-210882/addons/purchase/purchase_sequence.xml
2026-02-03 10:16:23,349 - Knowledge - INFO - [kw6] Queue=90, InProgress=0, PendingWorkers=20/20, Completed=1151/1263 (91.1%)
2026-02-03 10:16:23,357 - Knowledge - INFO - Batch sizing: calculated=4, max_allowed=10, queue=90, active_workers=20/20
2026-02-03 10:16:23,546 - Knowledge - INFO - [LLM_CALL] Completed: analytic_account_budget_report.py:chunk1, Duration: 18195ms, PromptTokens: 3928, CompletionTokens: 438, Cost: $0.00057
2026-02-03 10:16:23,555 - Knowledge - INFO - done ingest for /app/data/T0002/210882/b3694rp/odoo-210882/addons/account_budget/report/analytic_account_budget_report.py
2026-02-03 10:16:24,154 - Knowledge - INFO - process ingested knowledge for /app/data/T0002/210882/b3694rp/odoo-210882/addons/project/wizard/task_delegate.py
2026-02-03 10:16:24,168 - Knowledge - INFO - [LLM_CALL] Completed: budget_report.py:chunk1, Duration: 19009ms, PromptTokens: 2436, CompletionTokens: 390, Cost: $0.00040
2026-02-03 10:16:24,168 - Knowledge - INFO - done ingest for /app/data/T0002/210882/b3694rp/odoo-210882/addons/account_budget/report/budget_report.py
2026-02-03 10:16:24,679 - Knowledge - INFO - process ingested knowledge for /app/data/T0002/210882/b3694rp/odoo-210882/addons/project/report/gantt_report.py
2026-02-03 10:16:24,968 - Knowledge - INFO - Async storing batch of 6 embeddings
2026-02-03 10:16:25,042 - Knowledge - INFO - Worker kw10 processing /app/data/T0002/210882/b3694rp/odoo-210882/addons/account_date_check/__init__.py
2026-02-03 10:16:25,067 - Knowledge - INFO - Fast-tracked /app/data/T0002/210882/b3694rp/odoo-210882/addons/account_date_check/__init__.py (ext=.py, size=1218)
2026-02-03 10:16:25,137 - Knowledge - INFO - Worker kw10 processing /app/data/T0002/210882/b3694rp/odoo-210882/addons/report_analytic_line/report_analytic_line_view.xml
2026-02-03 10:16:25,160 - Knowledge - INFO - Fast-tracked /app/data/T0002/210882/b3694rp/odoo-210882/addons/report_analytic_line/report_analytic_line_view.xml (ext=.xml, size=3119)
2026-02-03 10:16:25,160 - Knowledge - INFO - Worker kw10 processing /app/data/T0002/210882/b3694rp/odoo-210882/addons/report_analytic_line/__terp__.py
2026-02-03 10:16:25,177 - Knowledge - INFO - [LLM_CALL] Completed: account_date_check.py:chunk1, Duration: 7127ms, PromptTokens: 2374, CompletionTokens: 443, Cost: $0.00041
2026-02-03 10:16:25,179 - Knowledge - INFO - Fast-tracked /app/data/T0002/210882/b3694rp/odoo-210882/addons/report_analytic_line/__terp__.py (ext=.py, size=1588)
2026-02-03 10:16:25,180 - Knowledge - INFO - done ingest for /app/data/T0002/210882/b3694rp/odoo-210882/addons/account_date_check/account_date_check.py
2026-02-03 10:16:25,181 - Knowledge - INFO - Worker kw10 processing /app/data/T0002/210882/b3694rp/odoo-210882/addons/report_analytic_line/report_analytic_line.py
2026-02-03 10:16:25,253 - Knowledge - INFO - Fast-tracked /app/data/T0002/210882/b3694rp/odoo-210882/addons/report_analytic_line/report_analytic_line.py (small file (2896 bytes))
2026-02-03 10:16:25,254 - Knowledge - INFO - Async storage completed for 6 embeddings
2026-02-03 10:16:25,362 - Knowledge - INFO - process ingested knowledge for /app/data/T0002/210882/b3694rp/odoo-210882/addons/crm_profiling/crm_profiling_demo.xml
2026-02-03 10:16:25,363 - Knowledge - INFO - process ingested knowledge for /app/data/T0002/210882/b3694rp/odoo-210882/addons/purchase/purchase.py
2026-02-03 10:16:25,571 - Knowledge - INFO - process ingested knowledge for /app/data/T0002/210882/b3694rp/odoo-210882/addons/project/wizard/task_attachment.py
2026-02-03 10:16:25,574 - Knowledge - INFO - [kw16] Queue=86, InProgress=0, PendingWorkers=20/20, Completed=1155/1263 (91.4%)
2026-02-03 10:16:25,575 - Knowledge - INFO - process ingested knowledge for /app/data/T0002/210882/b3694rp/odoo-210882/addons/project/report/project_report.xml
2026-02-03 10:16:25,576 - Knowledge - INFO - Batch sizing: calculated=4, max_allowed=10, queue=86, active_workers=20/20
2026-02-03 10:16:25,860 - Knowledge - INFO - Async storing batch of 6 embeddings
2026-02-03 10:16:25,862 - Knowledge - INFO - Worker kw6 processing /app/data/T0002/210882/b3694rp/odoo-210882/addons/report_analytic_line/__init__.py
2026-02-03 10:16:25,864 - Knowledge - INFO - Fast-tracked /app/data/T0002/210882/b3694rp/odoo-210882/addons/report_analytic_line/__init__.py (ext=.py, size=1087)
2026-02-03 10:16:25,865 - Knowledge - INFO - Worker kw6 processing /app/data/T0002/210882/b3694rp/odoo-210882/addons/hr_contract/hr_contract_view.xml
2026-02-03 10:16:25,867 - Knowledge - INFO - Fast-tracked /app/data/T0002/210882/b3694rp/odoo-210882/addons/hr_contract/hr_contract_view.xml (ext=.xml, size=8818)
2026-02-03 10:16:25,867 - Knowledge - INFO - Worker kw6 processing /app/data/T0002/210882/b3694rp/odoo-210882/addons/hr_contract/security/hr_contract_security.xml
2026-02-03 10:16:25,870 - Knowledge - INFO - Fast-tracked /app/data/T0002/210882/b3694rp/odoo-210882/addons/hr_contract/security/hr_contract_security.xml (ext=.xml, size=222)
2026-02-03 10:16:25,870 - Knowledge - INFO - Worker kw6 processing /app/data/T0002/210882/b3694rp/odoo-210882/addons/hr_contract/__terp__.py
2026-02-03 10:16:25,871 - Knowledge - INFO - Fast-tracked /app/data/T0002/210882/b3694rp/odoo-210882/addons/hr_contract/__terp__.py (ext=.py, size=1782)
2026-02-03 10:16:25,872 - Knowledge - INFO - Async storage completed for 6 embeddings
2026-02-03 10:16:26,168 - Knowledge - INFO - Processing batch of 5 files
2026-02-03 10:16:26,169 - Knowledge - INFO - process ingested knowledge for /app/data/T0002/210882/b3694rp/odoo-210882/addons/project/report/__init__.py
2026-02-03 10:16:26,571 - Knowledge - INFO - process ingested knowledge for /app/data/T0002/210882/b3694rp/odoo-210882/addons/project/wizard/__init__.py
2026-02-03 10:16:26,848 - Knowledge - INFO - Async storing batch of 5 embeddings
2026-02-03 10:16:26,850 - Knowledge - INFO - Worker kw16 processing /app/data/T0002/210882/b3694rp/odoo-210882/addons/hr_contract/hr_contract.py
2026-02-03 10:16:26,853 - Knowledge - INFO - Worker kw16 processing /app/data/T0002/210882/b3694rp/odoo-210882/addons/hr_contract/__init__.py
2026-02-03 10:16:26,854 - Knowledge - INFO - Fast-tracked /app/data/T0002/210882/b3694rp/odoo-210882/addons/hr_contract/__init__.py (ext=.py, size=1077)
2026-02-03 10:16:26,855 - Knowledge - INFO - Worker kw16 processing /app/data/T0002/210882/b3694rp/odoo-210882/addons/hr_contract/hr_contract_data.xml
2026-02-03 10:16:26,856 - Knowledge - INFO - Fast-tracked /app/data/T0002/210882/b3694rp/odoo-210882/addons/hr_contract/hr_contract_data.xml (ext=.xml, size=1902)
2026-02-03 10:16:26,857 - Knowledge - INFO - Worker kw16 processing /app/data/T0002/210882/b3694rp/odoo-210882/addons/mrp/company_view.xml
2026-02-03 10:16:26,859 - Knowledge - INFO - Fast-tracked /app/data/T0002/210882/b3694rp/odoo-210882/addons/mrp/company_view.xml (ext=.xml, size=832)
2026-02-03 10:16:26,865 - Knowledge - INFO - Async storage completed for 5 embeddings
2026-02-03 10:16:27,148 - Knowledge - INFO - [kw12] Queue=78, InProgress=0, PendingWorkers=20/20, Completed=1163/1263 (92.1%)
2026-02-03 10:16:27,149 - Knowledge - INFO - Batch sizing: calculated=4, max_allowed=10, queue=78, active_workers=20/20
2026-02-03 10:16:27,170 - Knowledge - INFO - Processing batch of 5 files
2026-02-03 10:16:27,170 - Knowledge - INFO - process ingested knowledge for /app/data/T0002/210882/b3694rp/odoo-210882/addons/account_budget/crossovered_budget_workflow.xml
2026-02-03 10:16:27,466 - Knowledge - INFO - process ingested knowledge for /app/data/T0002/210882/b3694rp/odoo-210882/addons/project/project_demo.xml
2026-02-03 10:16:27,470 - Knowledge - INFO - process ingested knowledge for /app/data/T0002/210882/b3694rp/odoo-210882/addons/project/report/gantt.py
2026-02-03 10:16:27,952 - Knowledge - INFO - Async storing batch of 5 embeddings
2026-02-03 10:16:27,953 - Knowledge - INFO - [kw1] Queue=74, InProgress=0, PendingWorkers=20/20, Completed=1171/1263 (92.7%)
2026-02-03 10:16:27,956 - Knowledge - INFO - Batch sizing: calculated=4, max_allowed=10, queue=74, active_workers=20/20
2026-02-03 10:16:27,957 - Knowledge - INFO - Worker kw12 processing /app/data/T0002/210882/b3694rp/odoo-210882/addons/mrp/scripts/scheduler.py
2026-02-03 10:16:28,043 - Knowledge - INFO - Fast-tracked /app/data/T0002/210882/b3694rp/odoo-210882/addons/mrp/scripts/scheduler.py (ext=.py, size=1491)
2026-02-03 10:16:28,048 - Knowledge - INFO - Worker kw12 processing /app/data/T0002/210882/b3694rp/odoo-210882/addons/mrp/mrp_workflow.xml
2026-02-03 10:16:28,147 - Knowledge - INFO - Fast-tracked /app/data/T0002/210882/b3694rp/odoo-210882/addons/mrp/mrp_workflow.xml (ext=.xml, size=17402)
2026-02-03 10:16:28,147 - Knowledge - INFO - Worker kw12 processing /app/data/T0002/210882/b3694rp/odoo-210882/addons/mrp/security/mrp_security.xml
2026-02-03 10:16:28,162 - Knowledge - INFO - Fast-tracked /app/data/T0002/210882/b3694rp/odoo-210882/addons/mrp/security/mrp_security.xml (ext=.xml, size=510)
2026-02-03 10:16:28,162 - Knowledge - INFO - Worker kw12 processing /app/data/T0002/210882/b3694rp/odoo-210882/addons/mrp/mrp_view.xml
2026-02-03 10:16:28,236 - Knowledge - INFO - Fast-tracked /app/data/T0002/210882/b3694rp/odoo-210882/addons/mrp/mrp_view.xml (ext=.xml, size=43010)
2026-02-03 10:16:28,260 - Knowledge - INFO - Async storage completed for 5 embeddings
2026-02-03 10:16:28,442 - Knowledge - INFO - process ingested knowledge for /app/data/T0002/210882/b3694rp/odoo-210882/addons/account_budget/crossovered_budget_view.xml
2026-02-03 10:16:29,057 - Knowledge - INFO - process ingested knowledge for /app/data/T0002/210882/b3694rp/odoo-210882/addons/project/project_wizard.xml
2026-02-03 10:16:29,070 - Knowledge - INFO - Processing batch of 5 files
2026-02-03 10:16:29,070 - Knowledge - INFO - Processing batch of 5 files
2026-02-03 10:16:29,071 - Knowledge - INFO - process ingested knowledge for /app/data/T0002/210882/b3694rp/odoo-210882/addons/account_budget/crossovered_budget_demo.xml
2026-02-03 10:16:29,072 - Knowledge - INFO - process ingested knowledge for /app/data/T0002/210882/b3694rp/odoo-210882/addons/project/wizard/close_task.py
2026-02-03 10:16:29,199 - Knowledge - INFO - Async storing batch of 5 embeddings
2026-02-03 10:16:29,199 - Knowledge - INFO - Worker kw1 processing /app/data/T0002/210882/b3694rp/odoo-210882/addons/mrp/report/price.py
2026-02-03 10:16:29,244 - Knowledge - INFO - Worker kw1 processing /app/data/T0002/210882/b3694rp/odoo-210882/addons/mrp/report/workcenter_load.py
2026-02-03 10:16:29,246 - Knowledge - INFO - Worker kw1 processing /app/data/T0002/210882/b3694rp/odoo-210882/addons/mrp/report/bom_structure.py
2026-02-03 10:16:29,253 - Knowledge - INFO - Worker kw1 processing /app/data/T0002/210882/b3694rp/odoo-210882/addons/mrp/report/order.py
2026-02-03 10:16:29,261 - Knowledge - INFO - Fast-tracked /app/data/T0002/210882/b3694rp/odoo-210882/addons/mrp/report/order.py (ext=.py, size=1484)
2026-02-03 10:16:29,262 - Knowledge - INFO - Processing batch of 4 files
2026-02-03 10:16:29,267 - Knowledge - INFO - process ingested knowledge for /app/data/T0002/210882/b3694rp/odoo-210882/addons/account_date_check/__init__.py
2026-02-03 10:16:29,441 - Knowledge - INFO - Fast-tracked /app/data/T0002/210882/b3694rp/odoo-210882/addons/mrp/report/bom_structure.py (small file (2328 bytes))
2026-02-03 10:16:29,451 - Knowledge - INFO - Async storage completed for 5 embeddings
2026-02-03 10:16:30,042 - Knowledge - INFO - process ingested knowledge for /app/data/T0002/210882/b3694rp/odoo-210882/addons/account_budget/account_budget_wizard.xml
2026-02-03 10:16:30,060 - Knowledge - INFO - [WEBSOCKET] Sent: Type=progress_update, Size: 296, Duration: 0ms
2026-02-03 10:16:30,066 - Knowledge - INFO - [WEBSOCKET] Sent: Type=unknown, Size: ?, Duration: 6ms
2026-02-03 10:16:30,067 - Knowledge - INFO - Progress: 93.3% | Files: 1178/1263 | Rate: 1.02 files/sec | Queue: 70
2026-02-03 10:16:30,664 - Knowledge - INFO - process ingested knowledge for /app/data/T0002/210882/b3694rp/odoo-210882/addons/project/company.py
2026-02-03 10:16:30,667 - Knowledge - INFO - process ingested knowledge for /app/data/T0002/210882/b3694rp/odoo-210882/addons/account_budget/report/budget_report.py
2026-02-03 10:16:30,738 - Knowledge - INFO - [kw17] Queue=70, InProgress=0, PendingWorkers=20/20, Completed=1179/1263 (93.3%)
2026-02-03 10:16:30,741 - Knowledge - INFO - Batch sizing: calculated=4, max_allowed=10, queue=70, active_workers=20/20
2026-02-03 10:16:30,753 - Knowledge - INFO - process ingested knowledge for /app/data/T0002/210882/b3694rp/odoo-210882/addons/report_analytic_line/report_analytic_line_view.xml
2026-02-03 10:16:30,759 - Knowledge - INFO - [LLM_CALL] Completed: hr_contract.py:chunk1, Duration: 3898ms, PromptTokens: 2908, CompletionTokens: 370, Cost: $0.00044
2026-02-03 10:16:30,776 - Knowledge - INFO - done ingest for /app/data/T0002/210882/b3694rp/odoo-210882/addons/hr_contract/hr_contract.py
2026-02-03 10:16:30,863 - Knowledge - INFO - Processing batch of 5 files
2026-02-03 10:16:30,865 - Knowledge - INFO - process ingested knowledge for /app/data/T0002/210882/b3694rp/odoo-210882/addons/account_budget/wizard/wizard_crossovered_budget_summary_report.py
2026-02-03 10:16:30,955 - Knowledge - INFO - Processing batch of 4 files
2026-02-03 10:16:30,962 - Knowledge - INFO - process ingested knowledge for /app/data/T0002/210882/b3694rp/odoo-210882/addons/report_analytic_line/__init__.py
2026-02-03 10:16:31,361 - Knowledge - INFO - process ingested knowledge for /app/data/T0002/210882/b3694rp/odoo-210882/addons/account_budget/__terp__.py
2026-02-03 10:16:31,362 - Knowledge - INFO - [kw3] Queue=70, InProgress=0, PendingWorkers=20/20, Completed=1180/1263 (93.4%)
2026-02-03 10:16:31,364 - Knowledge - INFO - [kw8] Queue=70, InProgress=0, PendingWorkers=20/20, Completed=1180/1263 (93.4%)
2026-02-03 10:16:31,370 - Knowledge - INFO - [kw15] Queue=70, InProgress=0, PendingWorkers=20/20, Completed=1180/1263 (93.4%)
2026-02-03 10:16:31,442 - Knowledge - INFO - Batch sizing: calculated=4, max_allowed=10, queue=70, active_workers=20/20
2026-02-03 10:16:31,444 - Knowledge - INFO - process ingested knowledge for /app/data/T0002/210882/b3694rp/odoo-210882/addons/account_budget/report/analytic_account_budget_report.py
2026-02-03 10:16:31,453 - Knowledge - INFO - Batch sizing: calculated=4, max_allowed=10, queue=70, active_workers=20/20
2026-02-03 10:16:31,546 - Knowledge - INFO - Batch sizing: calculated=4, max_allowed=10, queue=70, active_workers=20/20
2026-02-03 10:16:31,640 - Knowledge - INFO - Processing batch of 5 files
2026-02-03 10:16:31,765 - Knowledge - INFO - process ingested knowledge for /app/data/T0002/210882/b3694rp/odoo-210882/addons/account_budget/crossovered_budget_report.xml
2026-02-03 10:16:32,039 - Knowledge - INFO - Async storing batch of 6 embeddings
2026-02-03 10:16:32,040 - Knowledge - INFO - Worker kw17 processing /app/data/T0002/210882/b3694rp/odoo-210882/addons/mrp/report/__init__.py
2026-02-03 10:16:32,041 - Knowledge - INFO - process ingested knowledge for /app/data/T0002/210882/b3694rp/odoo-210882/addons/report_analytic_line/__terp__.py
2026-02-03 10:16:32,055 - Knowledge - INFO - process ingested knowledge for /app/data/T0002/210882/b3694rp/odoo-210882/addons/account_budget/wizard/wizard_analytic_account_budget.py
2026-02-03 10:16:32,081 - Knowledge - INFO - Fast-tracked /app/data/T0002/210882/b3694rp/odoo-210882/addons/mrp/report/__init__.py (ext=.py, size=1128)
2026-02-03 10:16:32,143 - Knowledge - INFO - Worker kw17 processing /app/data/T0002/210882/b3694rp/odoo-210882/addons/mrp/mrp_order_point.xml
2026-02-03 10:16:32,166 - Knowledge - INFO - Fast-tracked /app/data/T0002/210882/b3694rp/odoo-210882/addons/mrp/mrp_order_point.xml (ext=.xml, size=3350)
2026-02-03 10:16:32,166 - Knowledge - INFO - Worker kw17 processing /app/data/T0002/210882/b3694rp/odoo-210882/addons/mrp/mrp_demo.xml
2026-02-03 10:16:32,253 - Knowledge - INFO - Fast-tracked /app/data/T0002/210882/b3694rp/odoo-210882/addons/mrp/mrp_demo.xml (ext=.xml, size=25960)
2026-02-03 10:16:32,260 - Knowledge - INFO - Worker kw17 processing /app/data/T0002/210882/b3694rp/odoo-210882/addons/mrp/mrp.py
2026-02-03 10:16:32,541 - Knowledge - INFO - Async storage completed for 6 embeddings
2026-02-03 10:16:32,642 - Knowledge - INFO - process ingested knowledge for /app/data/T0002/210882/b3694rp/odoo-210882/addons/project/__init__.py
2026-02-03 10:16:32,648 - Knowledge - INFO - process ingested knowledge for /app/data/T0002/210882/b3694rp/odoo-210882/addons/project/project.py
2026-02-03 10:16:33,153 - Knowledge - INFO - process ingested knowledge for /app/data/T0002/210882/b3694rp/odoo-210882/addons/account_budget/report/crossovered_budget_report.py
2026-02-03 10:16:33,164 - Knowledge - INFO - Async storing batch of 5 embeddings
2026-02-03 10:16:33,172 - Knowledge - INFO - Worker kw8 processing /app/data/T0002/210882/b3694rp/odoo-210882/addons/mrp/company.py
2026-02-03 10:16:33,173 - Knowledge - INFO - Async storing batch of 5 embeddings
2026-02-03 10:16:33,237 - Knowledge - INFO - Worker kw15 processing /app/data/T0002/210882/b3694rp/odoo-210882/addons/mrp/wizard/wizard_change_production_qty.py
2026-02-03 10:16:33,255 - Knowledge - INFO - Worker kw8 processing /app/data/T0002/210882/b3694rp/odoo-210882/addons/mrp/mrp_wizard.xml
2026-02-03 10:16:33,255 - Knowledge - INFO - Worker kw15 processing /app/data/T0002/210882/b3694rp/odoo-210882/addons/mrp/wizard/wizard_track_prod.py
2026-02-03 10:16:33,258 - Knowledge - INFO - Fast-tracked /app/data/T0002/210882/b3694rp/odoo-210882/addons/mrp/mrp_wizard.xml (ext=.xml, size=1861)
2026-02-03 10:16:33,259 - Knowledge - INFO - Worker kw8 processing /app/data/T0002/210882/b3694rp/odoo-210882/addons/mrp/__terp__.py
2026-02-03 10:16:33,260 - Knowledge - INFO - Worker kw15 processing /app/data/T0002/210882/b3694rp/odoo-210882/addons/mrp/wizard/make_procurement.py
2026-02-03 10:16:33,261 - Knowledge - INFO - Worker kw8 processing /app/data/T0002/210882/b3694rp/odoo-210882/addons/mrp/wizard/wizard_orderpoint_procurement.py
2026-02-03 10:16:33,262 - Knowledge - INFO - Worker kw15 processing /app/data/T0002/210882/b3694rp/odoo-210882/addons/mrp/wizard/wizard_price.py
2026-02-03 10:16:33,268 - Knowledge - INFO - Fast-tracked /app/data/T0002/210882/b3694rp/odoo-210882/addons/mrp/wizard/wizard_price.py (ext=.py, size=1712)
2026-02-03 10:16:33,446 - Knowledge - INFO - Fast-tracked /app/data/T0002/210882/b3694rp/odoo-210882/addons/mrp/company.py (small file (2145 bytes))
2026-02-03 10:16:33,887 - Knowledge - INFO - process ingested knowledge for /app/data/T0002/210882/b3694rp/odoo-210882/addons/hr_contract/hr_contract_view.xml
2026-02-03 10:16:33,944 - Knowledge - INFO - process ingested knowledge for /app/data/T0002/210882/b3694rp/odoo-210882/addons/report_analytic_line/report_analytic_line.py
2026-02-03 10:16:33,961 - Knowledge - INFO - process ingested knowledge for /app/data/T0002/210882/b3694rp/odoo-210882/addons/account_budget/wizard/wizard_budget_spread.py
2026-02-03 10:16:33,961 - Knowledge - INFO - Fast-tracked /app/data/T0002/210882/b3694rp/odoo-210882/addons/mrp/wizard/wizard_orderpoint_procurement.py (small file (2674 bytes))
2026-02-03 10:16:33,962 - Knowledge - INFO - Async storing batch of 5 embeddings
2026-02-03 10:16:34,167 - Knowledge - INFO - Async storage completed for 5 embeddings
2026-02-03 10:16:34,354 - Knowledge - INFO - Worker kw3 processing /app/data/T0002/210882/b3694rp/odoo-210882/addons/mrp/wizard/wizard_workcenter_load.py
2026-02-03 10:16:34,442 - Knowledge - INFO - process ingested knowledge for /app/data/T0002/210882/b3694rp/odoo-210882/addons/account_budget/report/__init__.py
2026-02-03 10:16:34,456 - Knowledge - INFO - Worker kw3 processing /app/data/T0002/210882/b3694rp/odoo-210882/addons/mrp/wizard/wizard_schedulers_all.py
2026-02-03 10:16:34,457 - Knowledge - INFO - process ingested knowledge for /app/data/T0002/210882/b3694rp/odoo-210882/addons/account_budget/__init__.py
2026-02-03 10:16:34,464 - Knowledge - INFO - process ingested knowledge for /app/data/T0002/210882/b3694rp/odoo-210882/addons/account_budget/wizard/wizard_budget_report.py
2026-02-03 10:16:34,478 - Knowledge - INFO - Worker kw3 processing /app/data/T0002/210882/b3694rp/odoo-210882/addons/mrp/wizard/wizard_track_line.py
2026-02-03 10:16:34,643 - Knowledge - INFO - Async storage completed for 5 embeddings
2026-02-03 10:16:34,838 - Knowledge - INFO - Worker kw3 processing /app/data/T0002/210882/b3694rp/odoo-210882/addons/mrp/wizard/wizard_procurement.py
2026-02-03 10:16:36,261 - Knowledge - INFO - Fast-tracked /app/data/T0002/210882/b3694rp/odoo-210882/addons/mrp/wizard/wizard_workcenter_load.py (small file (2053 bytes))
2026-02-03 10:16:36,463 - Knowledge - INFO - process ingested knowledge for /app/data/T0002/210882/b3694rp/odoo-210882/addons/project/process/task_process.xml
2026-02-03 10:16:36,567 - Knowledge - INFO - Fast-tracked /app/data/T0002/210882/b3694rp/odoo-210882/addons/mrp/wizard/wizard_schedulers_all.py (small file (2599 bytes))
2026-02-03 10:16:37,151 - Knowledge - INFO - Fast-tracked /app/data/T0002/210882/b3694rp/odoo-210882/addons/mrp/wizard/wizard_procurement.py (small file (2321 bytes))
2026-02-03 10:16:37,159 - Knowledge - INFO - Async storage completed for 5 embeddings
2026-02-03 10:16:37,574 - Knowledge - INFO - process ingested knowledge for /app/data/T0002/210882/b3694rp/odoo-210882/addons/hr_contract/security/hr_contract_security.xml
2026-02-03 10:16:39,345 - Knowledge - INFO - Processing batch of 4 files
2026-02-03 10:16:39,356 - Knowledge - INFO - process ingested knowledge for /app/data/T0002/210882/b3694rp/odoo-210882/addons/mrp/scripts/scheduler.py
2026-02-03 10:16:39,369 - Knowledge - INFO - process ingested knowledge for /app/data/T0002/210882/b3694rp/odoo-210882/addons/project/project_data.xml
2026-02-03 10:16:40,546 - Knowledge - INFO - [LLM_CALL] Completed: price.py:chunk1, Duration: 11277ms, PromptTokens: 5438, CompletionTokens: 291, Cost: $0.00066
2026-02-03 10:16:40,547 - Knowledge - INFO - done ingest for /app/data/T0002/210882/b3694rp/odoo-210882/addons/mrp/report/price.py
2026-02-03 10:16:40,775 - Knowledge - INFO - [kw9] Queue=54, InProgress=0, PendingWorkers=20/20, Completed=1188/1263 (94.1%)
2026-02-03 10:16:40,836 - Knowledge - INFO - Batch sizing: calculated=4, max_allowed=10, queue=54, active_workers=20/20
2026-02-03 10:16:40,860 - Knowledge - INFO - Processing batch of 4 files
2026-02-03 10:16:40,866 - Knowledge - INFO - process ingested knowledge for /app/data/T0002/210882/b3694rp/odoo-210882/addons/hr_contract/hr_contract.py
2026-02-03 10:16:42,052 - Knowledge - INFO - process ingested knowledge for /app/data/T0002/210882/b3694rp/odoo-210882/addons/account_date_check/account_date_check_view.xml
2026-02-03 10:16:42,877 - Knowledge - INFO - process ingested knowledge for /app/data/T0002/210882/b3694rp/odoo-210882/addons/hr_contract/__terp__.py
2026-02-03 10:16:44,063 - Knowledge - INFO - [LLM_CALL] Completed: workcenter_load.py:chunk1, Duration: 14723ms, PromptTokens: 4944, CompletionTokens: 488, Cost: $0.00069
2026-02-03 10:16:44,064 - Knowledge - INFO - done ingest for /app/data/T0002/210882/b3694rp/odoo-210882/addons/mrp/report/workcenter_load.py
2026-02-03 10:16:44,861 - Knowledge - INFO - process ingested knowledge for /app/data/T0002/210882/b3694rp/odoo-210882/addons/mrp/mrp_workflow.xml
2026-02-03 10:16:44,869 - Knowledge - INFO - process ingested knowledge for /app/data/T0002/210882/b3694rp/odoo-210882/addons/account_budget/crossovered_budget.py
2026-02-03 10:16:45,440 - Knowledge - INFO - [LLM_CALL] Completed: __terp__.py:chunk1, Duration: 11776ms, PromptTokens: 2256, CompletionTokens: 324, Cost: $0.00036
2026-02-03 10:16:45,455 - Knowledge - INFO - done ingest for /app/data/T0002/210882/b3694rp/odoo-210882/addons/mrp/__terp__.py
2026-02-03 10:16:45,652 - Knowledge - INFO - process ingested knowledge for /app/data/T0002/210882/b3694rp/odoo-210882/addons/hr_contract/__init__.py
2026-02-03 10:16:46,451 - Knowledge - INFO - process ingested knowledge for /app/data/T0002/210882/b3694rp/odoo-210882/addons/account_date_check/__terp__.py
2026-02-03 10:16:50,244 - Knowledge - INFO - Async storing batch of 5 embeddings
2026-02-03 10:16:50,262 - Knowledge - INFO - process ingested knowledge for /app/data/T0002/210882/b3694rp/odoo-210882/addons/mrp/security/mrp_security.xml
2026-02-03 10:16:50,376 - Knowledge - INFO - process ingested knowledge for /app/data/T0002/210882/b3694rp/odoo-210882/addons/hr_contract/hr_contract_data.xml
2026-02-03 10:16:50,450 - Knowledge - INFO - process ingested knowledge for /app/data/T0002/210882/b3694rp/odoo-210882/addons/account_date_check/account_date_check.py
2026-02-03 10:16:50,636 - Knowledge - INFO - Worker kw9 processing /app/data/T0002/210882/b3694rp/odoo-210882/addons/mrp/wizard/__init__.py
2026-02-03 10:16:50,669 - Knowledge - INFO - Fast-tracked /app/data/T0002/210882/b3694rp/odoo-210882/addons/mrp/wizard/__init__.py (ext=.py, size=1311)
2026-02-03 10:16:50,745 - Knowledge - INFO - Worker kw9 processing /app/data/T0002/210882/b3694rp/odoo-210882/addons/mrp/mrp_report.xml
2026-02-03 10:16:50,769 - Knowledge - INFO - Fast-tracked /app/data/T0002/210882/b3694rp/odoo-210882/addons/mrp/mrp_report.xml (ext=.xml, size=443)
2026-02-03 10:16:50,838 - Knowledge - INFO - Worker kw9 processing /app/data/T0002/210882/b3694rp/odoo-210882/addons/mrp/schedulers.py
2026-02-03 10:16:50,947 - Knowledge - INFO - Worker kw9 processing /app/data/T0002/210882/b3694rp/odoo-210882/addons/mrp/mrp_test.xml
2026-02-03 10:16:50,971 - Knowledge - INFO - Fast-tracked /app/data/T0002/210882/b3694rp/odoo-210882/addons/mrp/mrp_test.xml (ext=.xml, size=4326)
2026-02-03 10:16:51,540 - Knowledge - INFO - Async storage completed for 5 embeddings
2026-02-03 10:16:51,943 - Knowledge - INFO - [LLM_CALL] Completed: wizard_track_line.py:chunk1, Duration: 15105ms, PromptTokens: 3340, CompletionTokens: 442, Cost: $0.00051
2026-02-03 10:16:52,059 - Knowledge - INFO - done ingest for /app/data/T0002/210882/b3694rp/odoo-210882/addons/mrp/wizard/wizard_track_line.py
2026-02-03 10:16:54,748 - Knowledge - INFO - process ingested knowledge for /app/data/T0002/210882/b3694rp/odoo-210882/addons/account_budget/wizard/wizard_crossovered_budget_report.py
2026-02-03 10:16:56,852 - Knowledge - INFO - process ingested knowledge for /app/data/T0002/210882/b3694rp/odoo-210882/addons/mrp/company_view.xml
2026-02-03 10:16:57,452 - Knowledge - INFO - [kw13] Queue=50, InProgress=0, PendingWorkers=20/20, Completed=1192/1263 (94.4%)
2026-02-03 10:16:57,458 - Knowledge - INFO - process ingested knowledge for /app/data/T0002/210882/b3694rp/odoo-210882/addons/mrp/mrp_view.xml
2026-02-03 10:16:57,460 - Knowledge - INFO - Batch sizing: calculated=4, max_allowed=10, queue=50, active_workers=20/20
2026-02-03 10:16:58,258 - Knowledge - INFO - process ingested knowledge for /app/data/T0002/210882/b3694rp/odoo-210882/addons/account_budget/wizard/__init__.py
2026-02-03 10:16:59,945 - Knowledge - INFO - [LLM_CALL] Completed: wizard_change_production_qty.py:chunk1, Duration: 26492ms, PromptTokens: 3066, CompletionTokens: 417, Cost: $0.00047
2026-02-03 10:16:59,960 - Knowledge - INFO - done ingest for /app/data/T0002/210882/b3694rp/odoo-210882/addons/mrp/wizard/wizard_change_production_qty.py
2026-02-03 10:17:01,745 - Knowledge - INFO - [kw11] Queue=50, InProgress=0, PendingWorkers=20/20, Completed=1193/1263 (94.5%)
2026-02-03 10:17:01,746 - Knowledge - INFO - [kw2] Queue=50, InProgress=0, PendingWorkers=20/20, Completed=1193/1263 (94.5%)
2026-02-03 10:17:01,759 - Knowledge - INFO - Batch sizing: calculated=4, max_allowed=10, queue=50, active_workers=20/20
2026-02-03 10:17:01,771 - Knowledge - INFO - Batch sizing: calculated=4, max_allowed=10, queue=50, active_workers=20/20
2026-02-03 10:17:02,350 - Knowledge - INFO - [LLM_CALL] Completed: wizard_track_prod.py:chunk1, Duration: 28591ms, PromptTokens: 2934, CompletionTokens: 371, Cost: $0.00044
2026-02-03 10:17:02,358 - Knowledge - INFO - done ingest for /app/data/T0002/210882/b3694rp/odoo-210882/addons/mrp/wizard/wizard_track_prod.py
2026-02-03 10:17:02,737 - Knowledge - INFO - Async storing batch of 5 embeddings
2026-02-03 10:17:02,737 - Knowledge - INFO - Worker kw13 processing /app/data/T0002/210882/b3694rp/odoo-210882/addons/mrp/mrp_data.xml
2026-02-03 10:17:02,837 - Knowledge - INFO - Fast-tracked /app/data/T0002/210882/b3694rp/odoo-210882/addons/mrp/mrp_data.xml (ext=.xml, size=1959)
2026-02-03 10:17:02,837 - Knowledge - INFO - Worker kw13 processing /app/data/T0002/210882/b3694rp/odoo-210882/addons/mrp/__init__.py
2026-02-03 10:17:03,065 - Knowledge - INFO - Fast-tracked /app/data/T0002/210882/b3694rp/odoo-210882/addons/mrp/__init__.py (ext=.py, size=1129)
2026-02-03 10:17:03,066 - Knowledge - INFO - Worker kw13 processing /app/data/T0002/210882/b3694rp/odoo-210882/addons/mrp/process/service_product_process.xml
2026-02-03 10:17:03,136 - Knowledge - INFO - Fast-tracked /app/data/T0002/210882/b3694rp/odoo-210882/addons/mrp/process/service_product_process.xml (ext=.xml, size=3241)
2026-02-03 10:17:03,146 - Knowledge - INFO - Worker kw13 processing /app/data/T0002/210882/b3694rp/odoo-210882/addons/mrp/process/procurement_process.xml
2026-02-03 10:17:03,172 - Knowledge - INFO - Fast-tracked /app/data/T0002/210882/b3694rp/odoo-210882/addons/mrp/process/procurement_process.xml (ext=.xml, size=15842)
2026-02-03 10:17:03,173 - Knowledge - INFO - Async storage completed for 5 embeddings
2026-02-03 10:17:04,476 - Knowledge - INFO - [LLM_CALL] Completed: make_procurement.py:chunk1, Duration: 30122ms, PromptTokens: 2856, CompletionTokens: 300, Cost: $0.00041
2026-02-03 10:17:04,562 - Knowledge - INFO - done ingest for /app/data/T0002/210882/b3694rp/odoo-210882/addons/mrp/wizard/make_procurement.py
2026-02-03 10:17:06,154 - Knowledge - INFO - [LLM_CALL] Completed: schedulers.py:chunk1, Duration: 14881ms, PromptTokens: 5320, CompletionTokens: 489, Cost: $0.00073
2026-02-03 10:17:06,172 - Knowledge - INFO - done ingest for /app/data/T0002/210882/b3694rp/odoo-210882/addons/mrp/schedulers.py
2026-02-03 10:17:07,077 - Knowledge - INFO - Async storing batch of 5 embeddings
2026-02-03 10:17:07,078 - Knowledge - INFO - Worker kw11 processing /app/data/T0002/210882/b3694rp/odoo-210882/addons/mrp/process/stockable_product_process.xml
2026-02-03 10:17:07,147 - Knowledge - INFO - Async storing batch of 5 embeddings
2026-02-03 10:17:07,156 - Knowledge - INFO - Worker kw2 processing /app/data/T0002/210882/b3694rp/odoo-210882/addons/base_module_merge/wizard/__init__.py
2026-02-03 10:17:07,166 - Knowledge - INFO - Fast-tracked /app/data/T0002/210882/b3694rp/odoo-210882/addons/mrp/process/stockable_product_process.xml (ext=.xml, size=4550)
2026-02-03 10:17:07,244 - Knowledge - INFO - Fast-tracked /app/data/T0002/210882/b3694rp/odoo-210882/addons/base_module_merge/wizard/__init__.py (ext=.py, size=1083)
2026-02-03 10:17:07,245 - Knowledge - INFO - Worker kw11 processing /app/data/T0002/210882/b3694rp/odoo-210882/addons/base_module_merge/base_module_merge_wizard.xml
2026-02-03 10:17:07,257 - Knowledge - INFO - Worker kw2 processing /app/data/T0002/210882/b3694rp/odoo-210882/addons/base_module_merge/__init__.py
2026-02-03 10:17:07,374 - Knowledge - INFO - Fast-tracked /app/data/T0002/210882/b3694rp/odoo-210882/addons/base_module_merge/base_module_merge_wizard.xml (ext=.xml, size=363)
2026-02-03 10:17:07,437 - Knowledge - INFO - Worker kw11 processing /app/data/T0002/210882/b3694rp/odoo-210882/addons/base_module_merge/__terp__.py
2026-02-03 10:17:07,451 - Knowledge - INFO - Fast-tracked /app/data/T0002/210882/b3694rp/odoo-210882/addons/base_module_merge/__init__.py (ext=.py, size=1071)
2026-02-03 10:17:07,457 - Knowledge - INFO - Fast-tracked /app/data/T0002/210882/b3694rp/odoo-210882/addons/base_module_merge/__terp__.py (ext=.py, size=1757)
2026-02-03 10:17:07,468 - Knowledge - INFO - Worker kw2 processing /app/data/T0002/210882/b3694rp/odoo-210882/addons/sale_journal/sale_journal_inherit.py
2026-02-03 10:17:07,475 - Knowledge - INFO - Worker kw11 processing /app/data/T0002/210882/b3694rp/odoo-210882/addons/base_module_merge/wizard/base_module_merge.py
2026-02-03 10:17:07,546 - Knowledge - INFO - Worker kw2 processing /app/data/T0002/210882/b3694rp/odoo-210882/addons/sale_journal/sale_journal_view.xml
2026-02-03 10:17:07,636 - Knowledge - INFO - Fast-tracked /app/data/T0002/210882/b3694rp/odoo-210882/addons/sale_journal/sale_journal_view.xml (ext=.xml, size=17505)
2026-02-03 10:17:07,745 - Knowledge - INFO - Fast-tracked /app/data/T0002/210882/b3694rp/odoo-210882/addons/sale_journal/sale_journal_inherit.py (small file (2919 bytes))
2026-02-03 10:17:07,746 - Knowledge - INFO - Async storage completed for 5 embeddings
2026-02-03 10:17:07,845 - Knowledge - INFO - Async storage completed for 5 embeddings
2026-02-03 10:17:08,059 - Knowledge - INFO - [LLM_CALL] Completed: mrp.py:chunk1, Duration: 35582ms, PromptTokens: 30220, CompletionTokens: 1593, Cost: $0.00366
2026-02-03 10:17:08,065 - Knowledge - INFO - done ingest for /app/data/T0002/210882/b3694rp/odoo-210882/addons/mrp/mrp.py
2026-02-03 10:17:09,560 - Knowledge - INFO - Processing batch of 4 files
2026-02-03 10:17:09,560 - Knowledge - INFO - process ingested knowledge for /app/data/T0002/210882/b3694rp/odoo-210882/addons/mrp/company.py
2026-02-03 10:17:10,361 - Knowledge - INFO - [kw18] Queue=38, InProgress=0, PendingWorkers=20/20, Completed=1201/1263 (95.1%)
2026-02-03 10:17:10,361 - Knowledge - INFO - Batch sizing: calculated=4, max_allowed=10, queue=38, active_workers=20/20
2026-02-03 10:17:10,955 - Knowledge - INFO - [WEBSOCKET] Sent: Type=progress_update, Size: 295, Duration: 0ms
2026-02-03 10:17:10,968 - Knowledge - INFO - [WEBSOCKET] Sent: Type=unknown, Size: ?, Duration: 12ms
2026-02-03 10:17:10,968 - Knowledge - INFO - Progress: 95.4% | Files: 1205/1263 | Rate: 1.01 files/sec | Queue: 38
2026-02-03 10:17:11,363 - Knowledge - INFO - process ingested knowledge for /app/data/T0002/210882/b3694rp/odoo-210882/addons/mrp/mrp_wizard.xml
2026-02-03 10:17:11,461 - Knowledge - INFO - Processing batch of 4 files
2026-02-03 10:17:11,463 - Knowledge - INFO - process ingested knowledge for /app/data/T0002/210882/b3694rp/odoo-210882/addons/mrp/report/price.py
2026-02-03 10:17:11,859 - Knowledge - INFO - [kw20] Queue=38, InProgress=0, PendingWorkers=20/20, Completed=1208/1263 (95.6%)
2026-02-03 10:17:11,863 - Knowledge - INFO - Async storing batch of 5 embeddings
2026-02-03 10:17:11,865 - Knowledge - INFO - Batch sizing: calculated=4, max_allowed=10, queue=38, active_workers=20/20
2026-02-03 10:17:11,943 - Knowledge - INFO - Worker kw18 processing /app/data/T0002/210882/b3694rp/odoo-210882/addons/sale_journal/picking_journal_view.xml
2026-02-03 10:17:11,968 - Knowledge - INFO - Fast-tracked /app/data/T0002/210882/b3694rp/odoo-210882/addons/sale_journal/picking_journal_view.xml (ext=.xml, size=5391)
2026-02-03 10:17:11,969 - Knowledge - INFO - Worker kw18 processing /app/data/T0002/210882/b3694rp/odoo-210882/addons/sale_journal/sale_journal_demo.xml
2026-02-03 10:17:12,038 - Knowledge - INFO - Processing batch of 4 files
2026-02-03 10:17:12,039 - Knowledge - INFO - Fast-tracked /app/data/T0002/210882/b3694rp/odoo-210882/addons/sale_journal/sale_journal_demo.xml (ext=.xml, size=505)
2026-02-03 10:17:12,039 - Knowledge - INFO - process ingested knowledge for /app/data/T0002/210882/b3694rp/odoo-210882/addons/mrp/wizard/wizard_workcenter_load.py
2026-02-03 10:17:12,043 - Knowledge - INFO - Worker kw18 processing /app/data/T0002/210882/b3694rp/odoo-210882/addons/sale_journal/sale_journal.py
2026-02-03 10:17:12,062 - Knowledge - INFO - Worker kw18 processing /app/data/T0002/210882/b3694rp/odoo-210882/addons/sale_journal/__terp__.py
2026-02-03 10:17:12,160 - Knowledge - INFO - Fast-tracked /app/data/T0002/210882/b3694rp/odoo-210882/addons/sale_journal/__terp__.py (small file (2489 bytes))
2026-02-03 10:17:12,160 - Knowledge - INFO - Async storage completed for 5 embeddings
2026-02-03 10:17:12,776 - Knowledge - INFO - [kw10] Queue=34, InProgress=0, PendingWorkers=20/20, Completed=1211/1263 (95.9%)
2026-02-03 10:17:12,845 - Knowledge - INFO - Batch sizing: calculated=4, max_allowed=10, queue=34, active_workers=20/20
2026-02-03 10:17:12,846 - Knowledge - INFO - [kw14] Queue=34, InProgress=0, PendingWorkers=20/20, Completed=1211/1263 (95.9%)
2026-02-03 10:17:12,854 - Knowledge - INFO - Batch sizing: calculated=4, max_allowed=10, queue=34, active_workers=20/20
2026-02-03 10:17:14,246 - Knowledge - INFO - [LLM_CALL] Completed: base_module_merge.py:chunk1, Duration: 6582ms, PromptTokens: 6702, CompletionTokens: 522, Cost: $0.00088
2026-02-03 10:17:14,249 - Knowledge - INFO - process ingested knowledge for /app/data/T0002/210882/b3694rp/odoo-210882/addons/mrp/__terp__.py
2026-02-03 10:17:14,253 - Knowledge - INFO - done ingest for /app/data/T0002/210882/b3694rp/odoo-210882/addons/base_module_merge/wizard/base_module_merge.py
2026-02-03 10:17:14,737 - Knowledge - INFO - Async storing batch of 5 embeddings
2026-02-03 10:17:14,751 - Knowledge - INFO - Worker kw20 processing /app/data/T0002/210882/b3694rp/odoo-210882/addons/sale_journal/sale_journal_report.py
2026-02-03 10:17:14,762 - Knowledge - INFO - Worker kw20 processing /app/data/T0002/210882/b3694rp/odoo-210882/addons/sale_journal/sale_journal_picking_report.py
2026-02-03 10:17:14,848 - Knowledge - INFO - Worker kw20 processing /app/data/T0002/210882/b3694rp/odoo-210882/addons/sale_journal/picking_journal_view_report.xml
2026-02-03 10:17:14,950 - Knowledge - INFO - Fast-tracked /app/data/T0002/210882/b3694rp/odoo-210882/addons/sale_journal/picking_journal_view_report.xml (ext=.xml, size=5520)
2026-02-03 10:17:14,950 - Knowledge - INFO - Worker kw20 processing /app/data/T0002/210882/b3694rp/odoo-210882/addons/sale_journal/__init__.py
2026-02-03 10:17:14,959 - Knowledge - INFO - Fast-tracked /app/data/T0002/210882/b3694rp/odoo-210882/addons/sale_journal/__init__.py (ext=.py, size=1168)
2026-02-03 10:17:15,075 - Knowledge - INFO - Fast-tracked /app/data/T0002/210882/b3694rp/odoo-210882/addons/sale_journal/sale_journal_report.py (small file (2940 bytes))
2026-02-03 10:17:15,258 - Knowledge - INFO - Async storage completed for 5 embeddings
2026-02-03 10:17:15,443 - Knowledge - INFO - process ingested knowledge for /app/data/T0002/210882/b3694rp/odoo-210882/addons/mrp/wizard/wizard_schedulers_all.py
2026-02-03 10:17:15,445 - Knowledge - INFO - Processing batch of 4 files
2026-02-03 10:17:15,445 - Knowledge - INFO - process ingested knowledge for /app/data/T0002/210882/b3694rp/odoo-210882/addons/mrp/mrp_data.xml
2026-02-03 10:17:16,149 - Knowledge - INFO - [kw6] Queue=30, InProgress=0, PendingWorkers=20/20, Completed=1215/1263 (96.2%)
2026-02-03 10:17:16,149 - Knowledge - INFO - Async storing batch of 5 embeddings
2026-02-03 10:17:16,151 - Knowledge - INFO - Batch sizing: calculated=4, max_allowed=10, queue=30, active_workers=20/20
2026-02-03 10:17:16,269 - Knowledge - INFO - Worker kw14 processing /app/data/T0002/210882/b3694rp/odoo-210882/addons/sale_journal/sale_journal_data.xml
2026-02-03 10:17:16,343 - Knowledge - INFO - Fast-tracked /app/data/T0002/210882/b3694rp/odoo-210882/addons/sale_journal/sale_journal_data.xml (ext=.xml, size=337)
2026-02-03 10:17:16,362 - Knowledge - INFO - Worker kw14 processing /app/data/T0002/210882/b3694rp/odoo-210882/addons/document/odt2txt.py
2026-02-03 10:17:16,369 - Knowledge - INFO - Worker kw14 processing /app/data/T0002/210882/b3694rp/odoo-210882/addons/document/document_view.xml
2026-02-03 10:17:16,436 - Knowledge - INFO - Fast-tracked /app/data/T0002/210882/b3694rp/odoo-210882/addons/document/document_view.xml (ext=.xml, size=12743)
2026-02-03 10:17:16,437 - Knowledge - INFO - Worker kw14 processing /app/data/T0002/210882/b3694rp/odoo-210882/addons/document/security/document_security.xml
2026-02-03 10:17:16,461 - Knowledge - INFO - Fast-tracked /app/data/T0002/210882/b3694rp/odoo-210882/addons/document/security/document_security.xml (ext=.xml, size=361)
2026-02-03 10:17:16,747 - Knowledge - INFO - Fast-tracked /app/data/T0002/210882/b3694rp/odoo-210882/addons/document/odt2txt.py (small file (2118 bytes))
2026-02-03 10:17:16,753 - Knowledge - INFO - Async storage completed for 5 embeddings
2026-02-03 10:17:16,838 - Knowledge - INFO - process ingested knowledge for /app/data/T0002/210882/b3694rp/odoo-210882/addons/mrp/wizard/wizard_orderpoint_procurement.py
2026-02-03 10:17:16,950 - Knowledge - INFO - Processing batch of 4 files
2026-02-03 10:17:16,956 - Knowledge - INFO - process ingested knowledge for /app/data/T0002/210882/b3694rp/odoo-210882/addons/mrp/wizard/wizard_change_production_qty.py
2026-02-03 10:17:17,455 - Knowledge - INFO - process ingested knowledge for /app/data/T0002/210882/b3694rp/odoo-210882/addons/mrp/wizard/wizard_track_line.py
2026-02-03 10:17:17,456 - Knowledge - INFO - process ingested knowledge for /app/data/T0002/210882/b3694rp/odoo-210882/addons/mrp/__init__.py
2026-02-03 10:17:17,469 - Knowledge - INFO - Async storing batch of 4 embeddings
2026-02-03 10:17:17,540 - Knowledge - INFO - Worker kw10 processing /app/data/T0002/210882/b3694rp/odoo-210882/addons/document/custom_view.xml
2026-02-03 10:17:17,566 - Knowledge - INFO - Fast-tracked /app/data/T0002/210882/b3694rp/odoo-210882/addons/document/custom_view.xml (ext=.xml, size=351)
2026-02-03 10:17:17,568 - Knowledge - INFO - Worker kw10 processing /app/data/T0002/210882/b3694rp/odoo-210882/addons/document/README.txt
2026-02-03 10:17:17,663 - Knowledge - INFO - Fast-tracked /app/data/T0002/210882/b3694rp/odoo-210882/addons/document/README.txt (ext=.txt, size=195)
2026-02-03 10:17:17,740 - Knowledge - INFO - Worker kw10 processing /app/data/T0002/210882/b3694rp/odoo-210882/addons/document/document_demo.xml
2026-02-03 10:17:17,837 - Knowledge - INFO - Fast-tracked /app/data/T0002/210882/b3694rp/odoo-210882/addons/document/document_demo.xml (ext=.xml, size=3248)
2026-02-03 10:17:17,862 - Knowledge - INFO - Worker kw10 processing /app/data/T0002/210882/b3694rp/odoo-210882/addons/document/document.py
2026-02-03 10:17:18,069 - Knowledge - INFO - [kw5] Queue=18, InProgress=0, PendingWorkers=20/20, Completed=1221/1263 (96.7%)
2026-02-03 10:17:18,072 - Knowledge - INFO - Async storing batch of 4 embeddings
2026-02-03 10:17:18,138 - Knowledge - INFO - Batch sizing: calculated=4, max_allowed=10, queue=18, active_workers=20/20
2026-02-03 10:17:18,169 - Knowledge - INFO - Worker kw6 processing /app/data/T0002/210882/b3694rp/odoo-210882/addons/document/__terp__.py
2026-02-03 10:17:18,275 - Knowledge - INFO - Async storage completed for 4 embeddings
2026-02-03 10:17:18,347 - Knowledge - INFO - Worker kw6 processing /app/data/T0002/210882/b3694rp/odoo-210882/addons/document/ftpserver/ftpserver.py
2026-02-03 10:17:18,380 - Knowledge - INFO - Fast-tracked /app/data/T0002/210882/b3694rp/odoo-210882/addons/document/ftpserver/ftpserver.py (ext=.py, size=119176)
2026-02-03 10:17:18,436 - Knowledge - INFO - Worker kw6 processing /app/data/T0002/210882/b3694rp/odoo-210882/addons/document/ftpserver/authorizer.py
2026-02-03 10:17:18,443 - Knowledge - INFO - Worker kw6 processing /app/data/T0002/210882/b3694rp/odoo-210882/addons/document/ftpserver/abstracted_fs.py
2026-02-03 10:17:18,480 - Knowledge - INFO - Fast-tracked /app/data/T0002/210882/b3694rp/odoo-210882/addons/document/__terp__.py (small file (2056 bytes))
2026-02-03 10:17:18,561 - Knowledge - INFO - Fast-tracked /app/data/T0002/210882/b3694rp/odoo-210882/addons/document/ftpserver/authorizer.py (small file (2239 bytes))
2026-02-03 10:17:18,752 - Knowledge - INFO - Processing batch of 4 files
2026-02-03 10:17:18,755 - Knowledge - INFO - process ingested knowledge for /app/data/T0002/210882/b3694rp/odoo-210882/addons/mrp/wizard/__init__.py
2026-02-03 10:17:18,774 - Knowledge - INFO - process ingested knowledge for /app/data/T0002/210882/b3694rp/odoo-210882/addons/mrp/wizard/wizard_track_prod.py
2026-02-03 10:17:18,840 - Knowledge - INFO - process ingested knowledge for /app/data/T0002/210882/b3694rp/odoo-210882/addons/mrp/wizard/wizard_procurement.py
2026-02-03 10:17:18,850 - Knowledge - INFO - process ingested knowledge for /app/data/T0002/210882/b3694rp/odoo-210882/addons/mrp/process/service_product_process.xml
2026-02-03 10:17:18,864 - Knowledge - INFO - process ingested knowledge for /app/data/T0002/210882/b3694rp/odoo-210882/addons/mrp/report/workcenter_load.py
2026-02-03 10:17:19,158 - Knowledge - INFO - Async storage completed for 4 embeddings
2026-02-03 10:17:19,464 - Knowledge - INFO - [LLM_CALL] Completed: sale_journal_picking_report.py:chunk1, Duration: 4315ms, PromptTokens: 3072, CompletionTokens: 242, Cost: $0.00040
2026-02-03 10:17:19,465 - Knowledge - INFO - done ingest for /app/data/T0002/210882/b3694rp/odoo-210882/addons/sale_journal/sale_journal_picking_report.py
2026-02-03 10:17:20,767 - Knowledge - INFO - [kw4] Queue=18, InProgress=0, PendingWorkers=20/20, Completed=1224/1263 (96.9%)
2026-02-03 10:17:20,768 - Knowledge - INFO - Batch sizing: calculated=4, max_allowed=10, queue=18, active_workers=20/20
2026-02-03 10:17:20,779 - Knowledge - INFO - process ingested knowledge for /app/data/T0002/210882/b3694rp/odoo-210882/addons/mrp/mrp_report.xml
2026-02-03 10:17:20,854 - Knowledge - INFO - process ingested knowledge for /app/data/T0002/210882/b3694rp/odoo-210882/addons/mrp/wizard/make_procurement.py
2026-02-03 10:17:20,864 - Knowledge - INFO - Async storing batch of 5 embeddings
2026-02-03 10:17:20,938 - Knowledge - INFO - Worker kw5 processing /app/data/T0002/210882/b3694rp/odoo-210882/addons/document/ftpserver/__init__.py
2026-02-03 10:17:20,947 - Knowledge - INFO - Processing batch of 4 files
2026-02-03 10:17:20,953 - Knowledge - INFO - Worker kw5 processing /app/data/T0002/210882/b3694rp/odoo-210882/addons/document/wizard/wizard_browse_via_ftp.py
2026-02-03 10:17:20,954 - Knowledge - INFO - process ingested knowledge for /app/data/T0002/210882/b3694rp/odoo-210882/addons/mrp/process/procurement_process.xml
2026-02-03 10:17:20,967 - Knowledge - INFO - process ingested knowledge for /app/data/T0002/210882/b3694rp/odoo-210882/addons/mrp/process/stockable_product_process.xml
2026-02-03 10:17:21,047 - Knowledge - INFO - [kw16] Queue=10, InProgress=0, PendingWorkers=20/20, Completed=1228/1263 (97.2%)
2026-02-03 10:17:21,054 - Knowledge - INFO - Async storing batch of 5 embeddings
2026-02-03 10:17:21,074 - Knowledge - INFO - process ingested knowledge for /app/data/T0002/210882/b3694rp/odoo-210882/addons/mrp/schedulers.py
2026-02-03 10:17:21,084 - Knowledge - INFO - Worker kw5 processing /app/data/T0002/210882/b3694rp/odoo-210882/addons/document/wizard/__init__.py
2026-02-03 10:17:21,085 - Knowledge - INFO - process ingested knowledge for /app/data/T0002/210882/b3694rp/odoo-210882/addons/mrp/wizard/wizard_price.py
2026-02-03 10:17:21,161 - Knowledge - INFO - Batch sizing: calculated=4, max_allowed=10, queue=10, active_workers=20/20
2026-02-03 10:17:21,177 - Knowledge - INFO - Worker kw4 processing /app/data/T0002/210882/b3694rp/odoo-210882/addons/document/custom_report.xml
2026-02-03 10:17:21,266 - Knowledge - INFO - Fast-tracked /app/data/T0002/210882/b3694rp/odoo-210882/addons/document/wizard/__init__.py (ext=.py, size=1090)
2026-02-03 10:17:21,271 - Knowledge - INFO - Processing batch of 4 files
2026-02-03 10:17:21,447 - Knowledge - INFO - [LLM_CALL] Completed: sale_journal.py:chunk1, Duration: 9371ms, PromptTokens: 3704, CompletionTokens: 638, Cost: $0.00063
2026-02-03 10:17:21,449 - Knowledge - INFO - Fast-tracked /app/data/T0002/210882/b3694rp/odoo-210882/addons/document/custom_report.xml (ext=.xml, size=61)
2026-02-03 10:17:21,451 - Knowledge - INFO - Worker kw5 processing /app/data/T0002/210882/b3694rp/odoo-210882/addons/document/content_index.py
2026-02-03 10:17:21,463 - Knowledge - INFO - process ingested knowledge for /app/data/T0002/210882/b3694rp/odoo-210882/addons/mrp/report/__init__.py
2026-02-03 10:17:21,543 - Knowledge - INFO - done ingest for /app/data/T0002/210882/b3694rp/odoo-210882/addons/sale_journal/sale_journal.py
2026-02-03 10:17:21,555 - Knowledge - INFO - Worker kw4 processing /app/data/T0002/210882/b3694rp/odoo-210882/addons/document/__init__.py
2026-02-03 10:17:21,758 - Knowledge - INFO - Fast-tracked /app/data/T0002/210882/b3694rp/odoo-210882/addons/document/__init__.py (ext=.py, size=1105)
2026-02-03 10:17:21,769 - Knowledge - INFO - Worker kw4 processing /app/data/T0002/210882/b3694rp/odoo-210882/addons/document/document_data.xml
2026-02-03 10:17:21,851 - Knowledge - INFO - Fast-tracked /app/data/T0002/210882/b3694rp/odoo-210882/addons/document/document_data.xml (ext=.xml, size=422)
2026-02-03 10:17:21,854 - Knowledge - INFO - process ingested knowledge for /app/data/T0002/210882/b3694rp/odoo-210882/addons/mrp/report/bom_structure.py
2026-02-03 10:17:21,863 - Knowledge - INFO - [kw19] Queue=10, InProgress=0, PendingWorkers=20/20, Completed=1228/1263 (97.2%)
2026-02-03 10:17:21,863 - Knowledge - INFO - Worker kw4 processing /app/data/T0002/210882/b3694rp/odoo-210882/addons/process/process_view.xml
2026-02-03 10:17:21,939 - Knowledge - INFO - Fast-tracked /app/data/T0002/210882/b3694rp/odoo-210882/addons/document/wizard/wizard_browse_via_ftp.py (small file (2133 bytes))
2026-02-03 10:17:21,942 - Knowledge - INFO - Batch sizing: calculated=4, max_allowed=10, queue=10, active_workers=20/20
2026-02-03 10:17:22,048 - Knowledge - INFO - Fast-tracked /app/data/T0002/210882/b3694rp/odoo-210882/addons/process/process_view.xml (ext=.xml, size=16396)
2026-02-03 10:17:22,164 - Knowledge - INFO - Async storage completed for 5 embeddings
2026-02-03 10:17:22,175 - Knowledge - INFO - Fast-tracked /app/data/T0002/210882/b3694rp/odoo-210882/addons/document/content_index.py (small file (2411 bytes))
2026-02-03 10:17:22,239 - Knowledge - INFO - Async storage completed for 5 embeddings
2026-02-03 10:17:22,456 - Knowledge - INFO - process ingested knowledge for /app/data/T0002/210882/b3694rp/odoo-210882/addons/base_module_merge/base_module_merge_wizard.xml
2026-02-03 10:17:22,536 - Knowledge - INFO - Processing batch of 4 files
2026-02-03 10:17:22,537 - Knowledge - INFO - process ingested knowledge for /app/data/T0002/210882/b3694rp/odoo-210882/addons/sale_journal/sale_journal_data.xml
2026-02-03 10:17:22,949 - Knowledge - INFO - process ingested knowledge for /app/data/T0002/210882/b3694rp/odoo-210882/addons/mrp/mrp_test.xml
2026-02-03 10:17:22,958 - Knowledge - INFO - Async storing batch of 4 embeddings
2026-02-03 10:17:23,037 - Knowledge - INFO - process ingested knowledge for /app/data/T0002/210882/b3694rp/odoo-210882/addons/mrp/mrp_order_point.xml
2026-02-03 10:17:23,067 - Knowledge - INFO - Worker kw16 processing /app/data/T0002/210882/b3694rp/odoo-210882/addons/process/process_demo.xml
2026-02-03 10:17:23,158 - Knowledge - INFO - process ingested knowledge for /app/data/T0002/210882/b3694rp/odoo-210882/addons/mrp/report/order.py
2026-02-03 10:17:23,241 - Knowledge - INFO - Fast-tracked /app/data/T0002/210882/b3694rp/odoo-210882/addons/process/process_demo.xml (ext=.xml, size=7694)
2026-02-03 10:17:23,336 - Knowledge - INFO - Worker kw16 processing /app/data/T0002/210882/b3694rp/odoo-210882/addons/process/process.py
2026-02-03 10:17:23,357 - Knowledge - INFO - Worker kw16 processing /app/data/T0002/210882/b3694rp/odoo-210882/addons/process/__terp__.py
2026-02-03 10:17:23,439 - Knowledge - INFO - Fast-tracked /app/data/T0002/210882/b3694rp/odoo-210882/addons/process/__terp__.py (ext=.py, size=1537)
2026-02-03 10:17:23,536 - Knowledge - INFO - Worker kw16 processing /app/data/T0002/210882/b3694rp/odoo-210882/addons/process/__init__.py
2026-02-03 10:17:23,580 - Knowledge - INFO - Fast-tracked /app/data/T0002/210882/b3694rp/odoo-210882/addons/process/__init__.py (ext=.py, size=1088)
2026-02-03 10:17:23,950 - Knowledge - INFO - Async storage completed for 4 embeddings
2026-02-03 10:17:24,247 - Knowledge - INFO - [kw12] Queue=6, InProgress=0, PendingWorkers=20/20, Completed=1231/1263 (97.5%)
2026-02-03 10:17:24,252 - Knowledge - INFO - Batch sizing: calculated=4, max_allowed=10, queue=6, active_workers=20/20
2026-02-03 10:17:24,342 - Knowledge - INFO - [WEBSOCKET] Sent: Type=progress_update, Size: 296, Duration: 0ms
2026-02-03 10:17:24,347 - Knowledge - INFO - [WEBSOCKET] Sent: Type=unknown, Size: ?, Duration: 6ms
2026-02-03 10:17:24,436 - Knowledge - INFO - Progress: 97.5% | Files: 1231/1263 | Rate: 1.02 files/sec | Queue: 6
2026-02-03 10:17:25,267 - Knowledge - INFO - process ingested knowledge for /app/data/T0002/210882/b3694rp/odoo-210882/addons/mrp/mrp_demo.xml
2026-02-03 10:17:26,447 - Knowledge - INFO - process ingested knowledge for /app/data/T0002/210882/b3694rp/odoo-210882/addons/base_module_merge/__terp__.py
2026-02-03 10:17:26,468 - Knowledge - INFO - Async storing batch of 4 embeddings
2026-02-03 10:17:26,474 - Knowledge - INFO - Processing batch of 4 files
2026-02-03 10:17:26,559 - Knowledge - INFO - process ingested knowledge for /app/data/T0002/210882/b3694rp/odoo-210882/addons/base_module_merge/wizard/__init__.py
2026-02-03 10:17:26,862 - Knowledge - INFO - Worker kw12 processing /app/data/T0002/210882/b3694rp/odoo-210882/addons/stock_invoice_directly/__terp__.py
2026-02-03 10:17:27,336 - Knowledge - INFO - Fast-tracked /app/data/T0002/210882/b3694rp/odoo-210882/addons/stock_invoice_directly/__terp__.py (ext=.py, size=1591)
2026-02-03 10:17:27,337 - Knowledge - INFO - Worker kw12 processing /app/data/T0002/210882/b3694rp/odoo-210882/addons/stock_invoice_directly/wizard/stock_invoice.py
2026-02-03 10:17:27,466 - Knowledge - INFO - Worker kw12 processing /app/data/T0002/210882/b3694rp/odoo-210882/addons/stock_invoice_directly/wizard/__init__.py
2026-02-03 10:17:27,560 - Knowledge - INFO - Fast-tracked /app/data/T0002/210882/b3694rp/odoo-210882/addons/stock_invoice_directly/wizard/__init__.py (ext=.py, size=1079)
2026-02-03 10:17:27,563 - Knowledge - INFO - Worker kw12 processing /app/data/T0002/210882/b3694rp/odoo-210882/addons/stock_invoice_directly/__init__.py
2026-02-03 10:17:27,579 - Knowledge - INFO - Async storing batch of 5 embeddings
2026-02-03 10:17:27,636 - Knowledge - INFO - Fast-tracked /app/data/T0002/210882/b3694rp/odoo-210882/addons/stock_invoice_directly/__init__.py (ext=.py, size=1072)
2026-02-03 10:17:27,643 - Knowledge - INFO - Worker kw19 processing /app/data/T0002/210882/b3694rp/odoo-210882/win32/OpenERPServerService.py
2026-02-03 10:17:27,741 - Knowledge - INFO - Worker kw19 processing /app/data/T0002/210882/b3694rp/odoo-210882/win32/setup.py
2026-02-03 10:17:27,746 - Knowledge - INFO - Fast-tracked /app/data/T0002/210882/b3694rp/odoo-210882/addons/stock_invoice_directly/wizard/stock_invoice.py (small file (2665 bytes))
2026-02-03 10:17:27,751 - Knowledge - INFO - Fast-tracked /app/data/T0002/210882/b3694rp/odoo-210882/win32/setup.py (ext=.py, size=1454)
2026-02-03 10:17:27,752 - Knowledge - INFO - Async storage completed for 4 embeddings
2026-02-03 10:17:28,259 - Knowledge - INFO - Async storage completed for 5 embeddings
2026-02-03 10:17:29,074 - Knowledge - INFO - process ingested knowledge for /app/data/T0002/210882/b3694rp/odoo-210882/addons/mrp/mrp.py
2026-02-03 10:17:30,873 - Knowledge - INFO - process ingested knowledge for /app/data/T0002/210882/b3694rp/odoo-210882/addons/document/odt2txt.py
2026-02-03 10:17:30,948 - Knowledge - INFO - process ingested knowledge for /app/data/T0002/210882/b3694rp/odoo-210882/addons/base_module_merge/wizard/base_module_merge.py
2026-02-03 10:17:35,748 - Knowledge - INFO - process ingested knowledge for /app/data/T0002/210882/b3694rp/odoo-210882/addons/document/document_view.xml
2026-02-03 10:17:35,749 - Knowledge - INFO - process ingested knowledge for /app/data/T0002/210882/b3694rp/odoo-210882/addons/base_module_merge/__init__.py
2026-02-03 10:17:36,048 - Knowledge - INFO - [LLM_CALL] Completed: __init__.py:chunk1, Duration: 14279ms, PromptTokens: 2530, CompletionTokens: 432, Cost: $0.00043
2026-02-03 10:17:36,049 - Knowledge - INFO - done ingest for /app/data/T0002/210882/b3694rp/odoo-210882/addons/document/ftpserver/__init__.py
2026-02-03 10:17:37,566 - Knowledge - INFO - Processing batch of 4 files
2026-02-03 10:17:37,643 - Knowledge - INFO - process ingested knowledge for /app/data/T0002/210882/b3694rp/odoo-210882/addons/sale_journal/picking_journal_view.xml
2026-02-03 10:17:37,757 - Knowledge - INFO - Processing batch of 4 files
2026-02-03 10:17:37,856 - Knowledge - INFO - process ingested knowledge for /app/data/T0002/210882/b3694rp/odoo-210882/addons/sale_journal/sale_journal_report.py
2026-02-03 10:17:41,559 - Knowledge - INFO - process ingested knowledge for /app/data/T0002/210882/b3694rp/odoo-210882/addons/sale_journal/sale_journal_demo.xml
2026-02-03 10:17:42,651 - Knowledge - INFO - process ingested knowledge for /app/data/T0002/210882/b3694rp/odoo-210882/addons/sale_journal/sale_journal_picking_report.py
2026-02-03 10:17:43,469 - Knowledge - INFO - process ingested knowledge for /app/data/T0002/210882/b3694rp/odoo-210882/addons/document/security/document_security.xml
2026-02-03 10:17:44,359 - Knowledge - INFO - [LLM_CALL] Completed: document.py:chunk1, Duration: 26296ms, PromptTokens: 18414, CompletionTokens: 874, Cost: $0.00219
2026-02-03 10:17:44,373 - Knowledge - INFO - done ingest for /app/data/T0002/210882/b3694rp/odoo-210882/addons/document/document.py
2026-02-03 10:17:44,853 - Knowledge - INFO - process ingested knowledge for /app/data/T0002/210882/b3694rp/odoo-210882/addons/sale_journal/sale_journal.py
2026-02-03 10:17:45,049 - Knowledge - INFO - [LLM_CALL] Completed: process.py:chunk1, Duration: 21296ms, PromptTokens: 7752, CompletionTokens: 633, Cost: $0.00103
2026-02-03 10:17:45,050 - Knowledge - INFO - done ingest for /app/data/T0002/210882/b3694rp/odoo-210882/addons/process/process.py
2026-02-03 10:17:45,460 - Knowledge - INFO - process ingested knowledge for /app/data/T0002/210882/b3694rp/odoo-210882/addons/sale_journal/picking_journal_view_report.xml
2026-02-03 10:17:45,462 - Knowledge - INFO - process ingested knowledge for /app/data/T0002/210882/b3694rp/odoo-210882/addons/sale_journal/sale_journal_inherit.py
2026-02-03 10:17:46,065 - Knowledge - INFO - process ingested knowledge for /app/data/T0002/210882/b3694rp/odoo-210882/addons/sale_journal/__terp__.py
2026-02-03 10:17:47,543 - Knowledge - INFO - [LLM_CALL] Completed: OpenERPServerService.py:chunk1, Duration: 19581ms, PromptTokens: 2572, CompletionTokens: 574, Cost: $0.00049
2026-02-03 10:17:47,544 - Knowledge - INFO - done ingest for /app/data/T0002/210882/b3694rp/odoo-210882/win32/OpenERPServerService.py
2026-02-03 10:17:48,442 - Knowledge - INFO - Processing batch of 4 files
2026-02-03 10:17:48,443 - Knowledge - INFO - process ingested knowledge for /app/data/T0002/210882/b3694rp/odoo-210882/addons/document/custom_report.xml
2026-02-03 10:17:48,463 - Knowledge - INFO - process ingested knowledge for /app/data/T0002/210882/b3694rp/odoo-210882/addons/sale_journal/__init__.py
2026-02-03 10:17:48,557 - Knowledge - INFO - Processing batch of 4 files
2026-02-03 10:17:48,559 - Knowledge - INFO - process ingested knowledge for /app/data/T0002/210882/b3694rp/odoo-210882/addons/stock_invoice_directly/__terp__.py
2026-02-03 10:17:49,937 - Knowledge - INFO - process ingested knowledge for /app/data/T0002/210882/b3694rp/odoo-210882/addons/stock_invoice_directly/wizard/stock_invoice.py
2026-02-03 10:17:49,980 - Knowledge - INFO - process ingested knowledge for /app/data/T0002/210882/b3694rp/odoo-210882/addons/document/__init__.py
2026-02-03 10:17:50,081 - Knowledge - INFO - process ingested knowledge for /app/data/T0002/210882/b3694rp/odoo-210882/addons/stock_invoice_directly/wizard/__init__.py
2026-02-03 10:17:50,081 - Knowledge - INFO - Processing batch of 4 files
2026-02-03 10:17:50,143 - Knowledge - INFO - process ingested knowledge for /app/data/T0002/210882/b3694rp/odoo-210882/addons/document/ftpserver/__init__.py
2026-02-03 10:17:50,165 - Knowledge - INFO - process ingested knowledge for /app/data/T0002/210882/b3694rp/odoo-210882/addons/document/document_data.xml
2026-02-03 10:17:50,279 - Knowledge - INFO - Processing batch of 4 files
2026-02-03 10:17:50,344 - Knowledge - INFO - process ingested knowledge for /app/data/T0002/210882/b3694rp/odoo-210882/addons/document/custom_view.xml
2026-02-03 10:17:52,740 - Knowledge - INFO - Processing batch of 2 files
2026-02-03 10:17:52,742 - Knowledge - INFO - process ingested knowledge for /app/data/T0002/210882/b3694rp/odoo-210882/win32/OpenERPServerService.py
2026-02-03 10:17:53,350 - Knowledge - INFO - process ingested knowledge for /app/data/T0002/210882/b3694rp/odoo-210882/addons/sale_journal/sale_journal_view.xml
2026-02-03 10:17:56,636 - Knowledge - INFO - process ingested knowledge for /app/data/T0002/210882/b3694rp/odoo-210882/addons/stock_invoice_directly/__init__.py
2026-02-03 10:17:57,237 - Knowledge - INFO - process ingested knowledge for /app/data/T0002/210882/b3694rp/odoo-210882/addons/document/README.txt
2026-02-03 10:17:57,449 - Knowledge - INFO - Processing batch of 4 files
2026-02-03 10:17:57,450 - Knowledge - INFO - process ingested knowledge for /app/data/T0002/210882/b3694rp/odoo-210882/addons/process/process_demo.xml
2026-02-03 10:17:58,379 - Knowledge - INFO - [WEBSOCKET] Sent: Type=progress_update, Size: 275, Duration: 0ms
2026-02-03 10:17:58,439 - Knowledge - INFO - [WEBSOCKET] Sent: Type=unknown, Size: ?, Duration: 60ms
2026-02-03 10:17:58,444 - Knowledge - INFO - Progress: 99.7% | Files: 1259/1263 | Rate: 1.01 files/sec | Queue: 0
2026-02-03 10:17:58,445 - Knowledge - INFO - process ingested knowledge for /app/data/T0002/210882/b3694rp/odoo-210882/addons/document/document_demo.xml
2026-02-03 10:17:59,542 - Knowledge - INFO - process ingested knowledge for /app/data/T0002/210882/b3694rp/odoo-210882/addons/document/wizard/wizard_browse_via_ftp.py
2026-02-03 10:18:00,337 - Knowledge - INFO - process ingested knowledge for /app/data/T0002/210882/b3694rp/odoo-210882/addons/process/process_view.xml
2026-02-03 10:18:02,037 - Knowledge - INFO - process ingested knowledge for /app/data/T0002/210882/b3694rp/odoo-210882/addons/document/wizard/__init__.py
2026-02-03 10:18:02,550 - Knowledge - INFO - process ingested knowledge for /app/data/T0002/210882/b3694rp/odoo-210882/addons/process/process.py
2026-02-03 10:18:02,553 - Knowledge - INFO - process ingested knowledge for /app/data/T0002/210882/b3694rp/odoo-210882/addons/document/document.py
2026-02-03 10:18:02,562 - Knowledge - INFO - process ingested knowledge for /app/data/T0002/210882/b3694rp/odoo-210882/win32/setup.py
2026-02-03 10:18:04,786 - Knowledge - INFO - process ingested knowledge for /app/data/T0002/210882/b3694rp/odoo-210882/addons/process/__terp__.py
2026-02-03 10:18:04,786 - Knowledge - INFO - process ingested knowledge for /app/data/T0002/210882/b3694rp/odoo-210882/addons/process/__init__.py
2026-02-03 10:18:07,168 - Knowledge - INFO - process ingested knowledge for /app/data/T0002/210882/b3694rp/odoo-210882/addons/document/content_index.py
2026-02-03 10:18:43,946 - Knowledge - INFO - [LLM_CALL] Completed: abstracted_fs.py:chunk1, Duration: 85082ms, PromptTokens: 15274, CompletionTokens: 8000, Cost: $0.00473
2026-02-03 10:18:43,950 - Knowledge - ERROR - Failed to parse LLM response as JSON for /app/data/T0002/210882/b3694rp/odoo-210882/addons/document/ftpserver/abstracted_fs.py, chunk 1
2026-02-03 10:18:43,951 - Knowledge - INFO - done ingest for /app/data/T0002/210882/b3694rp/odoo-210882/addons/document/ftpserver/abstracted_fs.py
2026-02-03 10:18:44,163 - Knowledge - INFO - Processing batch of 4 files
2026-02-03 10:18:44,164 - Knowledge - INFO - process ingested knowledge for /app/data/T0002/210882/b3694rp/odoo-210882/addons/document/__terp__.py
2026-02-03 10:18:44,169 - Knowledge - INFO - process ingested knowledge for /app/data/T0002/210882/b3694rp/odoo-210882/addons/document/ftpserver/ftpserver.py
2026-02-03 10:18:44,172 - Knowledge - INFO - process ingested knowledge for /app/data/T0002/210882/b3694rp/odoo-210882/addons/document/ftpserver/authorizer.py
2026-02-03 10:18:44,246 - Knowledge - INFO - process ingested knowledge for /app/data/T0002/210882/b3694rp/odoo-210882/addons/document/ftpserver/abstracted_fs.py
2026-02-03 10:18:45,447 - Knowledge - INFO - Knowledge creation complete
2026-02-03 10:18:45,448 - Knowledge - INFO - ==================================================
2026-02-03 10:18:45,449 - Knowledge - INFO - KNOWLEDGE GRAPH GENERATION PERFORMANCE SUMMARY
2026-02-03 10:18:45,451 - Knowledge - INFO - ==================================================
2026-02-03 10:18:45,451 - Knowledge - INFO - Total processing time: 1293.12 seconds (21.55 minutes)
2026-02-03 10:18:45,453 - Knowledge - INFO - Files processed: 0
2026-02-03 10:18:45,454 - Knowledge - INFO - Processing rate: 0.00 files/second
2026-02-03 10:18:45,454 - Knowledge - INFO - 
[TIME_BREAKDOWN]
2026-02-03 10:18:45,454 - Knowledge - INFO - File Reading: 0.00s (0.0%)
2026-02-03 10:18:45,455 - Knowledge - INFO - LLM Processing: 11860.54s (917.2%)
2026-02-03 10:18:45,456 - Knowledge - INFO - MongoDB Operations: 0.00s (0.0%)
2026-02-03 10:18:45,456 - Knowledge - INFO - Redis Operations: 0.00s (0.0%)
2026-02-03 10:18:45,457 - Knowledge - INFO - WebSocket Communication: 3.38s (0.3%)
2026-02-03 10:18:45,457 - Knowledge - INFO - 
[LLM_STATS]
2026-02-03 10:18:45,457 - Knowledge - INFO - Total LLM calls: 286
2026-02-03 10:18:45,458 - Knowledge - INFO - Average LLM response time: 41470ms
2026-02-03 10:18:45,458 - Knowledge - INFO - Average prompt tokens: 5258.0
2026-02-03 10:18:45,458 - Knowledge - INFO - Average completion tokens: 542.8
2026-02-03 10:18:45,459 - Knowledge - INFO - Total prompt tokens: 1503790
2026-02-03 10:18:45,460 - Knowledge - INFO - Total completion tokens: 155227
2026-02-03 10:18:45,460 - Knowledge - INFO - Total LLM cost: $0.2125
2026-02-03 10:18:45,460 - Knowledge - INFO - 
[DATABASE_STATS]
2026-02-03 10:18:45,461 - Knowledge - INFO - MongoDB operations: 0
2026-02-03 10:18:45,462 - Knowledge - INFO - Redis operations: 0
2026-02-03 10:18:45,462 - Knowledge - INFO - 
[COMMUNICATION_STATS]
2026-02-03 10:18:45,462 - Knowledge - INFO - WebSocket messages sent: 73
2026-02-03 10:18:45,463 - Knowledge - INFO - Average message size: 147.1 bytes
2026-02-03 10:18:45,463 - Knowledge - INFO - 
[WORKER_STATS]
2026-02-03 10:18:45,463 - Knowledge - INFO - 
[FILE_TYPE_STATS]
2026-02-03 10:18:45,464 - Knowledge - INFO - 
[SLOWEST_FILES]
2026-02-03 10:18:45,465 - Knowledge - INFO - ==================================================
2026-02-03 10:18:45,466 - Knowledge - INFO - ==================================================
2026-02-03 10:18:45,466 - Knowledge - INFO - KNOWLEDGE GRAPH GENERATION PERFORMANCE SUMMARY
2026-02-03 10:18:45,467 - Knowledge - INFO - ==================================================
2026-02-03 10:18:45,468 - Knowledge - INFO - Total processing time: 1293.19 seconds (21.55 minutes)
2026-02-03 10:18:45,469 - Knowledge - INFO - Files processed: 1263 of 1263
2026-02-03 10:18:45,470 - Knowledge - INFO - Processing rate: 0.98 files/second
2026-02-03 10:18:45,471 - Knowledge - INFO - WebSocket messages sent: 36
2026-02-03 10:18:45,471 - Knowledge - INFO - MongoDB operations: 1263
2026-02-03 10:18:45,471 - Knowledge - INFO - Average MongoDB ops per file: 1.00
2026-02-03 10:18:45,472 - Knowledge - INFO - LLM costs: $0.2188
2026-02-03 10:18:45,472 - Knowledge - INFO - Prompt tokens: 1547884
2026-02-03 10:18:45,538 - Knowledge - INFO - Completion tokens: 160154
2026-02-03 10:18:45,540 - Knowledge - INFO - Updating org costs, total cost: 0.21884999999999993
2026-02-03 10:18:49,948 - Knowledge - INFO - [WEBSOCKET] Sent: Type=progress_update, Size: 271, Duration: 0ms
2026-02-03 10:18:49,952 - Knowledge - INFO - Saving knowledge to Redis...
2026-02-03 10:18:51,342 - Knowledge - INFO - Knowledge saved to Redis successfully
